Ticker,Date,Adj Close,Close,High,Low,Open,Volume,EMA20,EMA50,Volume_Avg20,RSI14,MACD,MACD_Signal,MACD_Hist,ADX14
ADVANC,2023-02-08 00:00:00,157.1984558,195.5,196.5,195,196,3769600,198.1691765,197.5356998,4147210,55.4583931,-0.41188413,0.206219414,-0.618103544,14.39425622
ADVANC,2023-02-09 00:00:00,160.4147797,199.5,201,194,195,11696300,198.2959216,197.6127312,4378095,63.17721075,-0.241912303,0.11659307,-0.358505373,14.68529495
ADVANC,2023-02-10 00:00:00,165.6413422,206,206,201,202,16099700,199.0296434,197.9416437,4986215,71.74574913,0.412531861,0.175780828,0.236751033,16.63322461
ADVANC,2023-02-13 00:00:00,168.857666,210,210,207,208,11095800,200.0744392,198.4145204,5356970,75.52076833,1.239660117,0.388556686,0.851103431,19.26640776
ADVANC,2023-02-14 00:00:00,167.2495117,208,211,206,211,8695700,200.8292545,198.7904216,5581075,70.45220752,1.714023734,0.653650096,1.060373639,21.7115064
ADVANC,2023-02-15 00:00:00,168.0535889,209,210,206,207,5605900,201.6074208,199.1907972,5670205,71.48278365,2.145915187,0.952103114,1.193812073,23.98195513
ADVANC,2023-02-16 00:00:00,169.6617737,211,212,208,209,6836200,202.5019521,199.6539032,5856240,73.47537812,2.619380967,1.285558685,1.333822283,26.45712459
ADVANC,2023-02-17 00:00:00,168.0535889,209,211,208,210,6406500,203.1208138,200.0204168,5958255,68.33340794,2.800935285,1.588634005,1.21230128,28.75549622
ADVANC,2023-02-20 00:00:00,168.0535889,209,210,207,208,5039600,203.6807363,200.3725573,6082915,68.33340794,2.911259206,1.853159045,1.058100161,30.20760732
ADVANC,2023-02-21 00:00:00,168.857666,210,211,208,210,6670500,204.282571,200.7501041,6299370,69.56836644,3.044290664,2.091385369,0.952905295,31.7774056
ADVANC,2023-02-22 00:00:00,170.6959381,208,208,206,206,5605500,204.6366118,201.0344137,6458040,64.17761524,2.954280658,2.263964427,0.690316231,31.97491706
ADVANC,2023-02-23 00:00:00,169.0546417,206,208,205,207,4638800,204.7664583,201.2291426,6469265,59.23454038,2.690548823,2.349281306,0.341267517,31.59368101
ADVANC,2023-02-24 00:00:00,164.951355,201,206,201,205,9418200,204.407748,201.2201566,6841440,49.06094979,2.054399393,2.290304923,-0.23590553,29.41269173
ADVANC,2023-02-27 00:00:00,164.1307068,200,201,198.5,201,7383600,203.9879625,201.1723073,6774480,47.31080395,1.452807681,2.122805475,-0.669997794,28.09997185
ADVANC,2023-02-28 00:00:00,165.7720184,202,203,200,201,5706700,203.7986327,201.2047659,6645925,51.07026694,1.12446309,1.923136998,-0.798673908,26.13971544
ADVANC,2023-03-01 00:00:00,165.7720184,202,204,201,202,7670600,203.6273344,201.2359515,6791485,51.07026694,0.85439866,1.70938933,-0.85499067,24.57022297
ADVANC,2023-03-02 00:00:00,165.7720184,202,203,200,202,5280500,203.4723501,201.2659142,6767795,51.07026694,0.633072982,1.494126061,-0.861053078,22.8826908
ADVANC,2023-03-03 00:00:00,166.5926819,203,203,200,203,4207500,203.4273644,201.3339176,6858110,53.15748812,0.532227247,1.301746298,-0.769519051,21.31569664
ADVANC,2023-03-07 00:00:00,167.4133148,204,205,202,204,7244400,203.4819011,201.4384698,7114715,55.21486655,0.526923867,1.146781812,-0.619857945,20.46249137
ADVANC,2023-03-08 00:00:00,167.4133148,204,204,201,201,6516900,203.5312439,201.538922,7279425,55.21486655,0.516763966,1.020778243,-0.504014276,19.26277815
ADVANC,2023-03-09 00:00:00,169.8752899,207,208,203,205,9662700,203.8616016,201.7530819,7574080,61.15148397,0.742231122,0.965068818,-0.222837696,19.41109974
ADVANC,2023-03-10 00:00:00,171.5165863,209,209,205,206,7456100,204.3509729,202.0372748,7362070,64.52739999,1.069964864,0.986048027,0.083916836,19.81327746
ADVANC,2023-03-13 00:00:00,165.7720184,202,210,201,210,11559700,204.1270707,202.035813,7135070,48.6065921,0.756138423,0.940066107,-0.183927683,18.68112477
ADVANC,2023-03-14 00:00:00,164.951355,201,207,200,200,13588700,203.8292544,201.9951929,7259715,46.82903805,0.421873965,0.836427678,-0.414553713,17.38606917
ADVANC,2023-03-15 00:00:00,168.2339783,205,207,201,203,8989900,203.940754,202.1130285,7274425,54.06528448,0.474266496,0.763995442,-0.289728946,16.18351754
ADVANC,2023-03-16 00:00:00,169.8752899,207,207,202,202,6964000,204.2321108,202.3046744,7342330,57.20160878,0.669454188,0.745087191,-0.075633003,15.06686246
ADVANC,2023-03-17 00:00:00,169.0546417,206,208,204,208,8668500,204.4004812,202.4495891,7433945,55.17316706,0.73497783,0.743065319,-0.008087489,14.32075841
ADVANC,2023-03-20 00:00:00,171.5165863,209,210,206,207,9315100,204.8385306,202.706468,7579375,59.78095023,1.017254441,0.797903143,0.219351298,14.30740593
ADVANC,2023-03-21 00:00:00,175.6198578,214,215,208,210,13701400,205.7110515,203.1493516,8012465,66.04543773,1.625679086,0.963458332,0.662220754,15.59327415
ADVANC,2023-03-22 00:00:00,175.6198578,214,214,211,214,9118200,206.5004752,203.5748672,8134850,66.04543773,2.083838803,1.187534426,0.896304377,16.78729464
ADVANC,2023-03-23 00:00:00,174.7992096,213,215,211,214,6941000,207.1194775,203.9444803,8201625,63.74249999,2.339276316,1.417882804,0.921393512,18.12231113
ADVANC,2023-03-24 00:00:00,174.7992096,213,215,212,215,5702200,207.6795273,204.2995987,8254795,63.74249999,2.512747003,1.636855644,0.875891359,19.36196929
ADVANC,2023-03-27 00:00:00,173.9785461,212,213,210,213,4282400,208.0910009,204.6015752,7998005,61.26495879,2.540249711,1.817534457,0.722715254,19.5654608
ADVANC,2023-03-28 00:00:00,175.6198578,214,214,211,213,3294600,208.6537627,204.9701409,7793555,64.2571901,2.692392862,1.992506138,0.699886724,20.03272407
ADVANC,2023-03-29 00:00:00,173.9785461,212,214,211,214,4271200,208.972452,205.2458216,7721780,59.3221288,2.621366637,2.118278238,0.503088399,20.4666114
ADVANC,2023-03-30 00:00:00,173.1579132,211,213,211,212,4399900,209.1655518,205.4714757,7558245,56.96630107,2.456074106,2.185837412,0.270236695,20.86950677
ADVANC,2023-03-31 00:00:00,173.9785461,212,213,211,212,3142700,209.4354992,205.7274963,7451355,58.73125256,2.378354042,2.224340738,0.154013305,21.2436239
ADVANC,2023-04-03 00:00:00,174.7992096,213,213,211,213,2613000,209.7749755,206.0126925,7371630,60.47691249,2.370130584,2.253498707,0.116631877,21.59101838
ADVANC,2023-04-04 00:00:00,174.7992096,213,214,211,213,4915800,210.0821207,206.2867045,7255200,60.47691249,2.336677669,2.2701345,0.066543169,22.2706349
ADVANC,2023-04-05 00:00:00,171.5165863,209,213,209,213,4477700,209.9790616,206.3931083,7153240,50.55621387,1.964750996,2.209057799,-0.244306803,21.71080656
ADVANC,2023-04-07 00:00:00,172.3372498,210,210,206,207,3624200,209.9810557,206.534555,6851315,52.64753133,1.730737209,2.113393681,-0.382656472,20.52206942
ADVANC,2023-04-10 00:00:00,173.9785461,212,213,209,211,4216300,210.1733361,206.7488862,6689325,56.60120311,1.687213732,2.028157691,-0.340943959,19.8579443
ADVANC,2023-04-11 00:00:00,174.7992096,213,213,211,212,3171200,210.4425422,206.9940279,6269900,58.46840502,1.713658715,1.965257896,-0.251599181,19.24125669
ADVANC,2023-04-12 00:00:00,173.1579132,211,214,210,213,3786300,210.4956334,207.1511249,5779780,53.50977821,1.555304685,1.883267254,-0.327962568,18.66861819
ADVANC,2023-04-17 00:00:00,174.7992096,213,215,211,213,4412700,210.7341445,207.3804925,5550920,57.40049331,1.573058027,1.821225408,-0.248167381,18.52143212
ADVANC,2023-04-18 00:00:00,173.9785461,212,214,212,213,2889000,210.8547022,207.5616497,5347170,54.92537736,1.489268674,1.754834062,-0.265565388,18.38475933
ADVANC,2023-04-19 00:00:00,173.9785461,212,214,211,212,4750600,210.9637782,207.7357026,5151275,54.92537736,1.406650022,1.685197254,-0.278547232,17.71053371
ADVANC,2023-04-20 00:00:00,172.3372498,210,212,209,211,4690700,210.8719898,207.8244986,4920055,49.93133245,1.166345949,1.581426993,-0.415081044,16.77134287
ADVANC,2023-04-21 00:00:00,171.5165863,209,211,207,210,4716300,210.693705,207.8705967,4470800,47.60083489,0.885009756,1.442143545,-0.557133789,16.70223275
ADVANC,2023-04-24 00:00:00,170.6959381,208,209,206,209,5808000,210.4371617,207.8756713,4305290,45.32271739,0.574732001,1.268661236,-0.693929236,16.99675856
ADVANC,2023-04-25 00:00:00,170.6959381,208,210,206,207,6072900,210.2050511,207.880547,4261885,45.32271739,0.325087241,1.079946437,-0.754859196,16.74935731
ADVANC,2023-04-26 00:00:00,173.9785461,212,212,208,208,4219100,210.3759986,208.0420941,4187730,55.25661624,0.444880239,0.952933198,-0.508052959,15.58670166
ADVANC,2023-04-27 00:00:00,175.6198578,214,216,212,213,11108900,210.7211416,208.2757375,4529055,59.24375761,0.69320945,0.900988448,-0.207778998,15.86474356
ADVANC,2023-04-28 00:00:00,175.6198578,214,216,212,214,4333600,211.0334138,208.5002184,4581005,59.24375761,0.879869551,0.896764669,-0.016895117,16.12292533
ADVANC,2023-05-02 00:00:00,175.6198578,214,215,213,215,2332400,211.3159458,208.7158961,4484065,59.24375761,1.016086217,0.920628978,0.095457238,16.36266555
ADVANC,2023-05-03 00:00:00,175.6198578,214,215,210,213,6266800,211.57157,208.9231159,4577410,59.24375761,1.111229345,0.958749052,0.152480294,15.24677861
ADVANC,2023-05-08 00:00:00,179.723114,219,220,213,213,9343400,212.2790395,209.3182878,4887445,68.64055595,1.571968499,1.081392941,0.490575558,15.76804224
ADVANC,2023-05-09 00:00:00,178.9024658,218,219,216,219,4522300,212.8238929,209.6587471,4982910,65.3931776,1.835260218,1.232166397,0.603093821,16.25207275
ADVANC,2023-05-10 00:00:00,180.5437622,220,221,217,218,3517100,213.5073317,210.0642864,4912975,68.59345043,2.180172417,1.421767601,0.758404816,17.21318425
ADVANC,2023-05-11 00:00:00,179.723114,219,221,219,220,2566400,214.030443,210.4147066,4817410,65.33989365,2.345785422,1.606571165,0.739214257,18.10564493
ADVANC,2023-05-12 00:00:00,181.3644257,221,221,218,219,3733900,214.6942103,210.8298161,4822895,68.55262774,2.608350764,1.806927085,0.801423679,18.46279291
ADVANC,2023-05-15 00:00:00,173.1579132,211,222,210,222,12483000,214.3423807,210.83649,5236230,45.72876837,1.986618758,1.842865419,0.143753339,18.17411849
ADVANC,2023-05-16 00:00:00,174.7992096,213,215,211,212,6325900,214.214535,210.9213335,5393965,49.36015135,1.636411417,1.801574619,-0.165163202,17.90606368
ADVANC,2023-05-17 00:00:00,176.440506,215,216,214,215,4680900,214.2893412,211.0812812,5438695,52.7639264,1.502928042,1.741845304,-0.238917261,17.31126057
ADVANC,2023-05-18 00:00:00,173.1579132,211,215,211,215,3567800,213.9760706,211.0780937,5396450,46.09122916,1.062131347,1.605902512,-0.543771165,17.53582564
ADVANC,2023-05-19 00:00:00,172.3372498,210,212,209,211,2926800,213.5973972,211.0358155,5398340,44.57359643,0.62490167,1.409702344,-0.784800674,18.19601605
ADVANC,2023-05-22 00:00:00,173.9785461,212,212,206,209,5255200,213.4452641,211.0736267,5423570,48.24407858,0.434765579,1.214714991,-0.779949412,19.4042346
ADVANC,2023-05-23 00:00:00,174.7992096,213,213,210,212,2928400,213.402858,211.1491707,5335455,50.02606605,0.360616042,1.043895201,-0.683279159,20.14737904
ADVANC,2023-05-24 00:00:00,173.1579132,211,213,211,212,1878400,213.1740144,211.1433209,5193560,46.57234406,0.138867932,0.862889747,-0.724021815,20.83744174
ADVANC,2023-05-25 00:00:00,173.9785461,212,213,210,212,3049500,213.0622035,211.1769162,5055635,48.48730527,0.043323197,0.698976437,-0.65565324,21.69649307
ADVANC,2023-05-26 00:00:00,173.9785461,212,213,210,211,2034000,212.9610413,211.209194,4853690,48.48730527,-0.032027501,0.55277565,-0.584803151,22.49418359
ADVANC,2023-05-29 00:00:00,173.9785461,212,214,211,212,3286300,212.8695135,211.240206,4807050,48.48730527,-0.090697962,0.424080927,-0.514778889,22.77874376
ADVANC,2023-05-30 00:00:00,173.9785461,212,213,211,212,3173900,212.7867027,211.2700018,4410300,48.48730527,-0.135631253,0.312138491,-0.447769744,23.04297821
ADVANC,2023-05-31 00:00:00,173.1579132,211,213,211,211,2694800,212.6165405,211.2594135,4328360,46.25726579,-0.249061823,0.199898428,-0.448960251,23.28833876
ADVANC,2023-06-01 00:00:00,172.3372498,210,213,208,211,3622200,212.3673462,211.2100247,4392850,44.07426321,-0.414865695,0.076945604,-0.491811299,24.31762475
ADVANC,2023-06-02 00:00:00,173.9785461,212,213,208,210,3373100,212.3323609,211.2410042,4248165,49.23437063,-0.380497041,-0.014542925,-0.365954115,25.27339031
ADVANC,2023-06-06 00:00:00,175.6198578,214,214,211,214,3530200,212.4911836,211.3492001,3957505,53.82275441,-0.189689724,-0.049572285,-0.140117439,25.61293596
ADVANC,2023-06-07 00:00:00,176.440506,215,215,213,215,3611500,212.7301185,211.4923687,3911965,55.96581577,0.041736974,-0.031310433,0.073047407,25.40254181
ADVANC,2023-06-08 00:00:00,178.0818176,217,218,214,215,4091500,213.1367739,211.7083542,3940685,59.96742591,0.382122712,0.051376196,0.330746516,23.85262992
ADVANC,2023-06-09 00:00:00,179.723114,219,219,217,217,4394600,213.6951764,211.9943011,4032095,63.53599321,0.80399618,0.201900193,0.602095987,22.27377826
ADVANC,2023-06-12 00:00:00,178.9024658,218,219,216,218,2907100,214.1051596,212.2298187,3990755,60.62598719,1.045589396,0.370638033,0.674951363,20.94734895
ADVANC,2023-06-13 00:00:00,178.9024658,218,219,216,217,3209200,214.4760968,212.4561004,3527065,60.62598719,1.222956282,0.541101683,0.681854599,19.71566458
ADVANC,2023-06-14 00:00:00,178.9024658,218,218,215,217,2466100,214.8117066,212.6735082,3334075,60.62598719,1.347982118,0.70247777,0.645504348,18.97442436
ADVANC,2023-06-15 00:00:00,178.9024658,218,218,216,218,2867500,215.1153536,212.8823902,3243405,60.62598719,1.430575213,0.848097258,0.582477954,18.28612987
ADVANC,2023-06-16 00:00:00,178.9024658,218,219,216,218,3487600,215.3900818,213.0830808,3239395,60.62598719,1.478982051,0.974274217,0.504707834,17.1506953
ADVANC,2023-06-19 00:00:00,177.2611694,216,218,215,217,1122900,215.4481693,213.1974698,3149200,53.52405553,1.340508981,1.04752117,0.292987811,16.54294958
ADVANC,2023-06-20 00:00:00,178.9024658,218,219,216,217,2842000,215.6912008,213.3858043,3028540,58.73039691,1.376286388,1.113274213,0.263012175,15.4778594
ADVANC,2023-06-21 00:00:00,177.2611694,216,219,216,219,2064600,215.7206102,213.4883218,2985350,52.40793596,1.229088785,1.136437128,0.092651657,14.48884709
ADVANC,2023-06-22 00:00:00,173.9785461,212,216,211,216,4350000,215.3662664,213.4299562,3108930,42.54352107,0.780667999,1.065283302,-0.284615303,15.48373757
ADVANC,2023-06-23 00:00:00,173.1579132,211,213,209,211,3871800,214.9504315,213.3346638,3150045,40.49158537,0.340672591,0.92036116,-0.579688569,16.94435162
ADVANC,2023-06-26 00:00:00,172.3372498,210,213,210,211,2093400,214.4789618,213.2038927,3153015,38.49223841,-0.087707545,0.718747419,-0.806454964,18.30063609
ADVANC,2023-06-27 00:00:00,172.3372498,210,213,210,211,2812100,214.052394,213.0782498,3129305,38.49223841,-0.422333491,0.490531237,-0.912864728,19.5600431
ADVANC,2023-06-28 00:00:00,173.9785461,212,212,210,211,3019200,213.8569279,213.0359655,3121570,44.81287104,-0.52014774,0.288395442,-0.808543181,20.72949247
ADVANC,2023-06-29 00:00:00,173.1579132,211,213,211,212,2917500,213.5848396,212.9561237,3132705,42.4632463,-0.670627305,0.096590892,-0.767218197,21.1750903
ADVANC,2023-06-30 00:00:00,175.6198578,214,216,211,213,5817000,213.6243786,212.9970601,3242445,50.79786317,-0.541565684,-0.031040423,-0.510525261,19.99595307
ADVANC,2023-07-03 00:00:00,173.9785461,212,215,210,215,4078500,213.4696759,212.9579597,3277715,46.01255352,-0.593821501,-0.143596639,-0.450224862,19.30491642
ADVANC,2023-07-04 00:00:00,175.6198578,214,215,209,211,7167800,213.520183,212.998824,3459595,50.98508498,-0.468451311,-0.208567573,-0.259883738,19.04782202
ADVANC,2023-07-05 00:00:00,177.2611694,216,218,215,215,6525600,213.756356,213.1165172,3605300,55.40816485,-0.205344168,-0.207922892,0.002578724,17.90810028
ADVANC,2023-07-06 00:00:00,177.2611694,216,219,215,218,4167100,213.9700364,213.2295949,3609080,55.40816485,0.003134012,-0.165711511,0.168845523,17.23122297
ADVANC,2023-07-07 00:00:00,175.6198578,214,217,214,215,3259300,213.9728901,213.2598069,3552315,50.15873135,0.006891742,-0.131190861,0.138082603,16.16881856
ADVANC,2023-07-10 00:00:00,175.6198578,214,216,213,215,3246100,213.975472,213.2888341,3569265,50.15873135,0.009757294,-0.10300123,0.112758524,15.26148588
ADVANC,2023-07-11 00:00:00,177.2611694,216,216,213,214,3037600,214.1682842,213.3951543,3560685,55.09299274,0.171435351,-0.048113914,0.219549264,14.41896268
ADVANC,2023-07-12 00:00:00,178.0818176,217,218,215,217,4900200,214.4379714,213.5365208,3682390,57.36571684,0.375924593,0.036693788,0.339230805,14.00307213
ADVANC,2023-07-13 00:00:00,178.9024658,218,219,217,218,3293000,214.7772122,213.7115592,3703665,59.56929568,0.611625001,0.15168003,0.459944971,14.00253689
ADVANC,2023-07-14 00:00:00,182.1850739,222,222,218,219,5495400,215.4650968,214.0365961,3804055,66.93179024,1.108408797,0.343025784,0.765383013,14.98651216
ADVANC,2023-07-17 00:00:00,182.1850739,222,223,220,223,4704700,216.0874685,214.3488865,3983145,66.93179024,1.484995431,0.571419713,0.913575718,16.18082625
ADVANC,2023-07-18 00:00:00,184.6470337,225,224,221,222,2584500,216.936281,214.7665772,3970270,71.45345053,2.002435154,0.857622801,1.144812352,17.55978715
ADVANC,2023-07-19 00:00:00,181.3644257,221,225,220,224,5093400,217.3233019,215.0110251,4121710,59.72666613,2.065928553,1.099283951,0.966644601,18.84025085
ADVANC,2023-07-20 00:00:00,180.5437622,220,222,219,221,3381900,217.5782255,215.2066712,4073305,57.19928339,2.012358668,1.281898895,0.730459774,19.44558819
ADVANC,2023-07-21 00:00:00,182.1850739,222,223,218,220,3631600,217.9993469,215.4730763,4061295,60.77437589,2.106999258,1.446918968,0.660080291,20.00768714
ADVANC,2023-07-24 00:00:00,182.1850739,222,223,221,222,1923200,218.3803615,215.7290341,4052785,60.77437589,2.157136481,1.58896247,0.568174011,20.52963618
ADVANC,2023-07-25 00:00:00,182.1850739,222,223,220,222,1811300,218.725089,215.9749543,4002745,60.77437589,2.171835029,1.705536982,0.466298047,20.37727134
ADVANC,2023-07-26 00:00:00,183.0057373,223,223,221,222,1588500,219.1322233,216.2504463,3931210,62.71905185,2.238372809,1.812104148,0.426268661,20.23578971
ADVANC,2023-07-27 00:00:00,183.826355,224,225,221,223,4573400,219.5958211,216.5543503,4014005,64.60860762,2.344767106,1.918636739,0.426130366,20.91912355
ADVANC,2023-07-31 00:00:00,185.4676971,226,227,225,226,1626700,220.2057429,216.924768,3804490,68.09188887,2.560947627,2.047098917,0.513848711,22.20964949
ADVANC,2023-08-02 00:00:00,185.4676971,226,228,222,222,5201600,220.7575769,217.2806594,3860645,68.09188887,2.701135243,2.177906182,0.523229061,21.67592838
ADVANC,2023-08-03 00:00:00,182.1850739,222,227,222,226,4908500,220.8759029,217.4657316,3747680,55.43624938,2.461098357,2.234544617,0.22655374,21.1803302
ADVANC,2023-08-04 00:00:00,183.826355,224,226,222,222,1905700,221.173436,217.7219774,3516685,59.49041253,2.404532725,2.268542239,0.135990487,20.72013189
ADVANC,2023-08-07 00:00:00,183.826355,224,226,222,224,3945500,221.4426326,217.9681744,3505605,59.49041253,2.33281284,2.281396359,0.051416481,20.29280488
ADVANC,2023-08-08 00:00:00,180.5437622,220,225,220,223,4418800,221.305239,218.0478538,3563580,49.12431371,1.930948966,2.21130688,-0.280357915,18.89934983
ADVANC,2023-08-09 00:00:00,182.1850739,222,222,218,220,3140300,221.3714067,218.2028399,3558290,53.48831734,1.753637395,2.119772983,-0.366135588,18.50660722
ADVANC,2023-08-10 00:00:00,181.3644257,221,222,219,221,4019300,221.3360346,218.3125325,3607375,51.12686766,1.514961522,1.998810691,-0.483849169,18.14191765
ADVANC,2023-08-11 00:00:00,181.3644257,221,222,220,221,1810700,221.3040313,218.4179234,3452900,51.12686766,1.310700237,1.8611886,-0.550488364,17.80327733
ADVANC,2023-08-15 00:00:00,181.3644257,221,222,219,222,2278100,221.275076,218.5191813,3402155,51.12686766,1.135729711,1.716096822,-0.580367111,17.94389938
ADVANC,2023-08-16 00:00:00,182.1850739,222,222,218,220,5354300,221.3441164,218.655684,3395100,53.68094197,1.065473833,1.585972224,-0.520498392,18.49517069
ADVANC,2023-08-17 00:00:00,183.0057373,223,223,220,221,2879600,221.5018196,218.8260493,3303845,56.14885029,1.078059981,1.484389776,-0.406329795,18.34943447
ADVANC,2023-08-18 00:00:00,185.5126495,222,223,219,220,5947200,221.5492653,218.950518,3471980,53.10190877,0.99586326,1.386684473,-0.390821213,18.65052625
ADVANC,2023-08-21 00:00:00,185.5126495,222,222,219,222,5055700,221.5921924,219.0701055,3470095,53.10190877,0.92011525,1.293370628,-0.373255378,18.93011147
ADVANC,2023-08-22 00:00:00,184.6770325,221,223,219,222,6317100,221.5357931,219.1457876,3616855,49.95781116,0.770510796,1.188798662,-0.418287866,18.50524689
ADVANC,2023-08-23 00:00:00,185.5126495,222,223,220,220,3851600,221.5800033,219.2577175,3627855,52.95740103,0.724290658,1.095897061,-0.371606403,18.11072979
ADVANC,2023-08-24 00:00:00,183.8413849,220,223,220,223,3924900,221.4295268,219.2868267,3727940,46.90213939,0.520280116,0.980773672,-0.460493556,17.74439247
ADVANC,2023-08-25 00:00:00,182.1700897,218,220,216,219,6995900,221.1029052,219.2363629,3987170,41.75992011,0.194969518,0.823612841,-0.628643323,19.1501024
ADVANC,2023-08-28 00:00:00,183.0057373,219,219,216,218,3177500,220.9026285,219.2270937,4066620,45.00648513,0.017646748,0.662419622,-0.644772874,20.45540448
ADVANC,2023-08-29 00:00:00,178.8274994,214,220,213,219,11740800,220.2452353,219.0221097,4424990,34.61603887,-0.52034285,0.425867128,-0.946209978,22.54509463
ADVANC,2023-08-30 00:00:00,181.3344421,217,219,215,217,7439800,219.9361653,218.9428112,4715645,43.10354745,-0.696598599,0.201373983,-0.897972582,24.4855212
ADVANC,2023-08-31 00:00:00,180.4988098,216,218,215,216,3691500,219.5612924,218.8274069,4640140,41.1844134,-0.906524344,-0.020205683,-0.886318662,26.28734587
ADVANC,2023-09-01 00:00:00,179.6631622,215,217,214,216,3234700,219.1268836,218.6773125,4556450,39.30002754,-1.1404374,-0.244252026,-0.896185374,28.23191455
ADVANC,2023-09-04 00:00:00,177.9918671,213,215,212,214,3981200,218.5433709,218.4546728,4660225,35.77449194,-1.470250337,-0.489451688,-0.980798648,30.50240225
ADVANC,2023-09-05 00:00:00,178.8274994,214,215,212,213,2597700,218.1106689,218.2799797,4592835,38.73391508,-1.632123716,-0.717986094,-0.914137622,32.61071225
ADVANC,2023-09-06 00:00:00,178.8274994,214,216,213,214,3308800,217.7191766,218.1121374,4537335,38.73391508,-1.740347889,-0.922458453,-0.817889436,33.71030433
ADVANC,2023-09-07 00:00:00,180.4988098,216,217,214,214,3389000,217.5554455,218.0293085,4549770,44.64977979,-1.645761723,-1.067119107,-0.578642616,33.94054055
ADVANC,2023-09-08 00:00:00,180.4988098,216,217,215,216,1604800,217.4073078,217.9497278,4429045,44.64977979,-1.552900634,-1.164275412,-0.388625221,34.15433132
ADVANC,2023-09-11 00:00:00,182.1700897,218,218,215,217,3640600,217.4637547,217.9516992,4520540,50.2240386,-1.302905186,-1.192001367,-0.110903819,33.57204116
ADVANC,2023-09-12 00:00:00,183.0057373,219,219,216,218,3179100,217.6100638,217.992809,4565590,52.7844375,-1.012419804,-1.156085054,0.14366525,32.31885029
ADVANC,2023-09-13 00:00:00,183.0057373,219,220,217,218,2535200,217.7424387,218.0323067,4424635,52.7844375,-0.773293995,-1.079526843,0.306232848,30.50412074
ADVANC,2023-09-14 00:00:00,184.6770325,221,221,219,220,2439300,218.0526826,218.1486869,4402620,57.8173688,-0.417588087,-0.947139092,0.529551004,28.42715699
ADVANC,2023-09-15 00:00:00,185.5126495,222,223,219,221,4147900,218.4286176,218.2997187,4312655,60.10710812,-0.054370204,-0.768585314,0.71421511,27.51129615
ADVANC,2023-09-18 00:00:00,185.5126495,222,223,221,222,2735500,218.7687493,218.4448278,4196645,60.10710812,0.230821815,-0.568703888,0.799525703,26.66085394
ADVANC,2023-09-19 00:00:00,188.019577,225,225,222,223,6514700,219.3622017,218.7018934,4206525,66.44445274,0.690948646,-0.316773381,1.007722028,26.73299408
ADVANC,2023-09-20 00:00:00,184.6770325,221,225,221,225,5867300,219.5181825,218.7920152,4307310,54.10322475,0.724484499,-0.108521805,0.833006304,26.14813324
ADVANC,2023-09-21 00:00:00,185.5126495,222,224,220,221,3185500,219.7545461,218.9178185,4270340,56.2890459,0.822274873,0.07763753,0.744637343,24.99982493
ADVANC,2023-09-22 00:00:00,190.5265198,228,231,223,224,10752000,220.5398274,219.2739825,4458145,66.57491343,1.368153088,0.335740642,1.032412446,26.18271454
ADVANC,2023-09-25 00:00:00,188.8552399,226,229,226,229,2465000,221.0598438,219.5377479,4422520,61.3892272,1.620699802,0.592732474,1.027967328,27.28111203
ADVANC,2023-09-26 00:00:00,188.019577,225,228,225,225,5573800,221.4350968,219.7519539,4114170,58.91807845,1.720322444,0.818250468,0.902071976,27.74661934
ADVANC,2023-09-27 00:00:00,188.8552399,226,228,226,226,1747400,221.8698495,219.9969753,3829550,60.62499401,1.858541637,1.026308702,0.832232935,28.17887612
ADVANC,2023-09-28 00:00:00,188.019577,225,228,224,226,4505100,222.1679591,220.1931723,3870230,58.02850005,1.865880986,1.194223159,0.671657827,27.50190086
ADVANC,2023-09-29 00:00:00,190.5265198,228,228,226,227,4672700,222.7233915,220.4993224,3942130,63.13017333,2.089683827,1.373315292,0.716368534,26.87328097
ADVANC,2023-10-02 00:00:00,190.5265198,228,230,226,229,7345900,223.2259257,220.7934667,4110365,63.13017333,2.241213872,1.546895008,0.694318864,26.96154245
ADVANC,2023-10-03 00:00:00,188.8552399,226,228,224,227,6836700,223.4901232,220.9976444,4322315,57.70687134,2.174848934,1.672485793,0.502363141,26.02951595
ADVANC,2023-10-04 00:00:00,188.8552399,226,227,224,224,3750100,223.7291591,221.1938152,4344380,57.70687134,2.098069009,1.757602437,0.340466573,25.16406277
ADVANC,2023-10-05 00:00:00,188.019577,225,226,222,226,3133800,223.8501916,221.3430774,4331620,54.96857373,1.9342321,1.792928369,0.141303731,23.43383681
ADVANC,2023-10-06 00:00:00,186.3483276,223,226,222,226,2262200,223.7692209,221.4080548,4364490,49.87150733,1.624283158,1.759199327,-0.134916169,21.82719841
ADVANC,2023-10-09 00:00:00,186.3483276,223,224,220,223,2550600,223.6959618,221.470484,4309990,49.87150733,1.362935318,1.679946525,-0.317011207,21.04206158
ADVANC,2023-10-10 00:00:00,185.5126495,222,224,220,224,1905400,223.5344416,221.4912493,4246305,47.32671941,1.062871509,1.556531522,-0.493660013,20.31300596
ADVANC,2023-10-11 00:00:00,185.5126495,222,224,221,222,2759100,223.3883043,221.5112003,4257500,47.32671941,0.815666285,1.408358475,-0.59269219,19.63602574
ADVANC,2023-10-12 00:00:00,187.1839294,224,224,222,222,1944400,223.4465611,221.6088003,4232755,52.90124473,0.772235796,1.281133939,-0.508898143,19.00740124
ADVANC,2023-10-16 00:00:00,186.3483276,223,224,221,224,3116000,223.4040314,221.6633572,4181160,50.04911911,0.649636571,1.154834465,-0.505197894,18.88702641
ADVANC,2023-10-17 00:00:00,185.5126495,222,224,222,224,1335300,223.2703142,221.6765588,4111150,47.30266078,0.466407703,1.017149113,-0.55074141,18.77524977
ADVANC,2023-10-18 00:00:00,187.1839294,224,225,222,222,1185000,223.3398081,221.7676742,3844665,52.87276378,0.477081293,0.909135549,-0.432054256,18.01940217
ADVANC,2023-10-19 00:00:00,188.8552399,226,227,223,226,4001300,223.5931597,221.9336477,3751365,57.68904711,0.639551128,0.855218665,-0.215667536,17.25631023
ADVANC,2023-10-20 00:00:00,183.8413849,220,225,220,225,3641600,223.250954,221.8578184,3774170,43.36947206,0.280921499,0.740359232,-0.459437732,16.94277997
ADVANC,2023-10-24 00:00:00,179.6631622,215,221,215,220,5868400,222.4651488,221.5888844,3529990,35.46846284,-0.402117914,0.511863803,-0.913981716,18.22329678
ADVANC,2023-10-25 00:00:00,180.4988098,216,219,215,216,3661600,221.8494204,221.3697124,3589820,37.9049822,-0.852908133,0.238909415,-1.091817548,19.4123481
ADVANC,2023-10-26 00:00:00,179.6631622,215,219,215,216,4353500,221.1970946,221.1199198,3528805,36.42393335,-1.276143682,-0.064101204,-1.212042478,20.51646719
ADVANC,2023-10-27 00:00:00,181.3344421,217,218,215,216,3157500,220.7973713,220.9583543,3599310,41.35895924,-1.433651378,-0.338011239,-1.095640139,21.54172062
ADVANC,2023-10-30 00:00:00,183.0057373,219,220,216,216,2927600,220.6261931,220.8815561,3520435,45.88288145,-1.381172777,-0.546643546,-0.83452923,21.34145245
ADVANC,2023-10-31 00:00:00,183.8413849,220,224,219,223,7400300,220.5665557,220.8469853,3656815,48.0412559,-1.244545123,-0.686223862,-0.558321261,20.21603377
ADVANC,2023-11-01 00:00:00,177.15625,212,217,211,217,10386800,219.7506932,220.5000447,3808860,35.7553364,-1.761494452,-0.90127798,-0.860216473,20.68193029
ADVANC,2023-11-02 00:00:00,179.6631622,215,217,212,214,7659400,219.2982463,220.2843566,3849995,41.76930602,-1.907121483,-1.102446681,-0.804674803,21.11454849
ADVANC,2023-11-03 00:00:00,183.0057373,219,219,216,217,4325300,219.2698418,220.2339897,3878755,48.66896481,-1.680394838,-1.218036312,-0.462358526,20.77822584
ADVANC,2023-11-06 00:00:00,185.5126495,222,223,220,220,6804700,219.5298569,220.303245,4062300,53.15238158,-1.244293964,-1.223287842,-0.021006122,19.3641543
ADVANC,2023-11-07 00:00:00,184.6770325,221,226,221,224,8348200,219.6698705,220.3305687,4366600,51.53650754,-0.968211582,-1.17227259,0.204061009,18.81250705
ADVANC,2023-11-08 00:00:00,187.1839294,224,224,221,222,3506400,220.0822638,220.474468,4414390,55.87078686,-0.501557731,-1.038129619,0.536571887,18.30026317
ADVANC,2023-11-09 00:00:00,185.5126495,222,224,221,223,4883700,220.2649054,220.5342928,4563305,52.49982771,-0.289774142,-0.888458523,0.598684381,17.82460814
ADVANC,2023-11-10 00:00:00,185.5126495,222,223,221,222,3807800,220.4301525,220.5917715,4615740,52.49982771,-0.120544559,-0.734875731,0.614331171,17.38292847
ADVANC,2023-11-13 00:00:00,188.019577,225,225,221,222,2985000,220.865376,220.7646432,4667770,57.01191438,0.252732687,-0.537354047,0.790086734,17.52842242
ADVANC,2023-11-14 00:00:00,186.3483276,223,227,222,225,4574100,221.0686736,220.8523043,4740675,53.37201583,0.382762066,-0.353330824,0.73609289,18.16195649
ADVANC,2023-11-15 00:00:00,182.1700897,218,225,217,224,8719300,220.7764189,220.7404492,5109875,45.54357205,0.081414576,-0.266381744,0.34779632,17.04326077
ADVANC,2023-11-16 00:00:00,182.1700897,218,220,217,217,4663800,220.5119981,220.6329806,5283815,45.54357205,-0.155611686,-0.244227733,0.088616046,16.00447188
ADVANC,2023-11-17 00:00:00,182.1700897,218,220,217,218,3068500,220.2727602,220.5297265,5237175,45.54357205,-0.339542671,-0.26329072,-0.07625195,15.0398822
ADVANC,2023-11-20 00:00:00,180.4988098,216,218,215,217,3674500,219.8658306,220.3520901,5238820,42.43407192,-0.63932287,-0.33849715,-0.30082572,14.41888896
ADVANC,2023-11-21 00:00:00,180.4988098,216,217,214,216,6111500,219.4976563,220.1814199,5250975,42.43407192,-0.866907666,-0.444179253,-0.422728412,14.13932138
ADVANC,2023-11-22 00:00:00,182.1700897,218,219,215,217,3009200,219.3550224,220.095874,5218355,46.65787056,-0.875791393,-0.530501681,-0.345289711,13.19066388
ADVANC,2023-11-23 00:00:00,182.1700897,218,219,216,218,2523200,219.2259726,220.0136829,5126840,46.65787056,-0.872771049,-0.598955555,-0.273815494,12.30976763
ADVANC,2023-11-24 00:00:00,181.3344421,217,218,215,218,3781600,219.0139752,219.8954993,5158045,44.7536993,-0.940230654,-0.667210574,-0.273020079,11.8330048
ADVANC,2023-11-27 00:00:00,180.4988098,216,217,215,217,2355700,218.72693,219.7427346,5129450,42.86955255,-1.062140821,-0.746196624,-0.315944197,11.39029647
ADVANC,2023-11-28 00:00:00,181.3344421,217,219,216,217,3150600,218.5624604,219.6351764,4916965,45.34743674,-1.065778236,-0.810112946,-0.25566529,10.93271076
ADVANC,2023-11-29 00:00:00,182.1700897,218,218,217,218,2664700,218.5088928,219.5710518,4530860,47.78627361,-0.976710362,-0.843432429,-0.133277933,10.50780974
ADVANC,2023-11-30 00:00:00,182.1700897,218,218,217,218,6075500,218.4604268,219.5094419,4451665,47.78627361,-0.895797237,-0.853905391,-0.041891846,10.1132588
ADVANC,2023-12-01 00:00:00,183.0057373,219,219,217,218,2296900,218.5118147,219.4894638,4350245,50.35555822,-0.742423168,-0.831608946,0.089185778,10.14778703
ADVANC,2023-12-04 00:00:00,184.6770325,221,222,219,220,5564300,218.7487847,219.5487005,4288225,55.11289405,-0.454253477,-0.756137852,0.301884376,11.20324232
ADVANC,2023-12-06 00:00:00,184.6770325,221,222,219,221,4552300,218.9631862,219.6056142,4098430,55.11289405,-0.223302824,-0.649570847,0.426268023,12.18330794
ADVANC,2023-12-07 00:00:00,183.8413849,220,220,217,219,3642000,219.0619304,219.6210803,4105210,52.21155061,-0.119585899,-0.543573857,0.423987958,12.10962262
ADVANC,2023-12-08 00:00:00,183.8413849,220,220,218,220,2055300,219.1512703,219.6359399,3963790,52.21155061,-0.036963397,-0.442251765,0.405288368,12.04120054
ADVANC,2023-12-12 00:00:00,183.8413849,220,220,218,220,2771100,219.2321017,219.6502168,3911955,52.21155061,0.028190567,-0.348163299,0.376353866,11.97766575
ADVANC,2023-12-13 00:00:00,182.1700897,218,220,217,219,2665500,219.1147587,219.5855024,3895980,46.14360732,-0.080628299,-0.294656299,0.214028,11.40726874
ADVANC,2023-12-14 00:00:00,182.1700897,218,220,218,219,3042600,219.0085912,219.5233259,3819405,46.14360732,-0.164966405,-0.26871832,0.103751915,10.87761436
ADVANC,2023-12-15 00:00:00,183.8413849,220,220,218,219,5917900,219.1030111,219.542019,3679335,52.540479,-0.069619149,-0.228898486,0.159279336,10.38579245
ADVANC,2023-12-18 00:00:00,182.1700897,218,220,218,220,1551700,218.9979624,219.4815476,3523730,46.58202701,-0.153667663,-0.213852321,0.060184658,9.929100669
ADVANC,2023-12-19 00:00:00,183.0057373,219,219,217,218,2253100,218.9981565,219.4626634,3482960,49.65627869,-0.137994359,-0.198680729,0.060686369,9.526970223
ADVANC,2023-12-20 00:00:00,183.8413849,220,221,219,219,3086100,219.0935701,219.4837354,3453540,52.59437849,-0.044370041,-0.167818591,0.123448551,9.631243061
ADVANC,2023-12-21 00:00:00,183.8413849,220,221,219,221,2776800,219.1798968,219.5039811,3286805,52.59437849,0.029487987,-0.128357276,0.157845263,9.72806784
ADVANC,2023-12-22 00:00:00,184.6770325,221,222,220,220,3183800,219.35324,219.5626485,3295535,55.59960641,0.166789998,-0.069327821,0.236117819,10.31600663
ADVANC,2023-12-25 00:00:00,184.6770325,221,222,220,221,1346000,219.5100743,219.6190152,3236675,55.59960641,0.272462057,-0.000969845,0.273431903,10.86194979
ADVANC,2023-12-26 00:00:00,183.0057373,219,222,218,220,4789400,219.4614958,219.5947401,3287065,48.47208352,0.192604417,0.037745007,0.15485941,10.09877079
ADVANC,2023-12-27 00:00:00,183.0057373,219,220,218,219,5366300,219.4175438,219.571417,3437595,48.47208352,0.127842967,0.055764599,0.072078368,9.390104573
ADVANC,2023-12-28 00:00:00,181.3344421,217,219,216,219,6049200,219.1873015,219.4705771,3582525,42.19827867,-0.08389712,0.027832255,-0.111729375,9.811085849
ADVANC,2024-01-03 00:00:00,183.0057373,219,220,218,218,3801200,219.1694633,219.4521231,3639350,49.26948161,-0.089290098,0.004407785,-0.093697883,9.581547944
ADVANC,2024-01-04 00:00:00,183.0057373,219,219,217,218,2936200,219.1533239,219.4343928,3482385,49.26948161,-0.092497815,-0.014973335,-0.07752448,9.869128606
ADVANC,2024-01-05 00:00:00,178.8274994,214,219,213,218,9841600,218.6625312,219.2212793,3859620,36.36927757,-0.492817276,-0.110542123,-0.382275153,11.64381341
ADVANC,2024-01-08 00:00:00,178.8274994,214,215,213,214,3091900,218.2184806,219.0165233,3736000,36.36927757,-0.800841729,-0.248602045,-0.552239684,13.29173502
ADVANC,2024-01-09 00:00:00,181.3344421,217,217,215,216,5244000,218.1024348,218.9374439,3770585,46.17583364,-0.793728787,-0.357627393,-0.436101394,13.62786017
ADVANC,2024-01-10 00:00:00,180.4988098,216,217,215,217,3885700,217.9022029,218.8222501,3782770,43.75512765,-0.858882707,-0.457878456,-0.401004251,13.93997638
ADVANC,2024-01-11 00:00:00,181.3344421,217,218,216,217,3228900,217.8162788,218.7507893,3841450,46.76081224,-0.820369309,-0.530376626,-0.289992682,13.66400902
ADVANC,2024-01-12 00:00:00,182.1700897,218,219,216,217,4328500,217.8337761,218.7213466,3919320,49.65799355,-0.701073976,-0.564516096,-0.136557879,12.87766579
ADVANC,2024-01-15 00:00:00,181.3344421,217,218,216,218,3516200,217.7543688,218.6538428,3961855,46.90893189,-0.679391604,-0.587491198,-0.091900406,12.14748994
ADVANC,2024-01-16 00:00:00,181.3344421,217,217,215,217,2600400,217.6825242,218.5889862,3939745,46.90893189,-0.654661637,-0.600925286,-0.053736351,11.973713
ADVANC,2024-01-17 00:00:00,177.9918671,213,216,213,216,4803600,217.2365695,218.3698103,3884030,37.32358169,-0.946914094,-0.670123047,-0.276791046,12.68356943
ADVANC,2024-01-18 00:00:00,179.6631622,215,215,213,214,2661900,217.0235629,218.2376608,3939540,43.53623297,-1.005551613,-0.73720876,-0.268342853,13.34272182
ADVANC,2024-01-19 00:00:00,182.1700897,218,218,215,215,3161900,217.1165569,218.2283408,3984980,51.32942265,-0.800717172,-0.749910443,-0.05080673,12.48162986
ADVANC,2024-01-22 00:00:00,180.4988098,216,217,215,217,2477000,217.0102181,218.1409549,3954525,46.70165939,-0.790653526,-0.758059059,-0.032594467,11.68204446
ADVANC,2024-01-23 00:00:00,179.6631622,215,216,214,215,3001200,216.8187688,218.0177802,3965745,44.53941893,-0.853530686,-0.777153385,-0.076377301,11.25141544
ADVANC,2024-01-24 00:00:00,180.4988098,216,218,214,215,3220900,216.7407908,217.9386516,3967600,47.17337904,-0.813294493,-0.784381606,-0.028912887,11.01451317
ADVANC,2024-01-25 00:00:00,182.1700897,218,218,216,216,2731900,216.8607155,217.9410574,4036895,52.07563336,-0.612957937,-0.750096873,0.137138935,10.79453249
ADVANC,2024-01-26 00:00:00,180.4988098,216,219,216,218,6715900,216.7787426,217.8649375,4133220,47.34418272,-0.608557981,-0.721789094,0.113231113,11.04666116
ADVANC,2024-01-29 00:00:00,182.1700897,218,218,217,217,2527200,216.8950528,217.870234,3991265,52.03716862,-0.438631429,-0.665157561,0.226526132,11.28078063
ADVANC,2024-01-30 00:00:00,183.0057373,219,219,216,217,2995100,217.095524,217.9145386,3838560,54.23353577,-0.220727362,-0.576271522,0.355544159,11.49817729
ADVANC,2024-01-31 00:00:00,183.0057373,219,219,217,218,4795700,217.2769027,217.9571057,3888285,54.23353577,-0.047489391,-0.470515095,0.423025705,11.70004561
ADVANC,2024-02-01 00:00:00,183.8413849,220,220,217,218,3231900,217.5362453,218.0372192,3903070,56.54157647,0.168551634,-0.34270175,0.511253383,12.40999172
ADVANC,2024-02-02 00:00:00,184.6770325,221,221,219,220,2797000,217.8661267,218.1534067,3550840,58.78022738,0.415665808,-0.191028238,0.606694046,13.54053845
ADVANC,2024-02-05 00:00:00,183.0057373,219,221,219,220,2987100,217.9741146,218.1866064,3545600,52.90987925,0.444992688,-0.063824053,0.508816741,14.59033184
ADVANC,2024-02-06 00:00:00,182.1700897,218,221,217,220,5134000,217.9765799,218.1792885,3540100,50.20980434,0.383126367,0.025566031,0.357560335,14.06841632
ADVANC,2024-02-07 00:00:00,182.1700897,218,219,217,218,5227700,217.9788104,218.1722576,3607200,50.20980434,0.330289489,0.086510723,0.243778767,13.58378048
ADVANC,2024-02-08 00:00:00,178.8274994,214,219,214,219,6477600,217.599876,218.0086397,3769635,40.59857053,-0.033959226,0.062416733,-0.096375959,13.78942002
ADVANC,2024-02-09 00:00:00,178.8274994,214,216,213,215,3840700,217.2570307,217.8514381,3745245,40.59857053,-0.318952274,-0.013857068,-0.305095206,14.41958162
ADVANC,2024-02-12 00:00:00,179.6631622,215,216,215,215,1867100,217.0420754,217.739617,3662790,43.72204729,-0.458830562,-0.102851767,-0.355978795,15.00473169
ADVANC,2024-02-13 00:00:00,178.8274994,214,216,214,215,3549000,216.7523539,217.5929654,3710220,41.37887233,-0.642965055,-0.210874425,-0.43209063,15.98285647
ADVANC,2024-02-14 00:00:00,177.9918671,213,214,212,214,4513500,216.3949869,217.4128491,3695715,39.12100257,-0.859674814,-0.340634503,-0.519040311,17.62890659
ADVANC,2024-02-15 00:00:00,175.4849548,210,213,210,213,5778600,215.7859405,217.1221491,3851550,33.25797454,-1.258981037,-0.52430381,-0.734677228,19.74513102
ADVANC,2024-02-16 00:00:00,177.9918671,213,214,211,211,7729400,215.5206129,216.9604962,4079925,42.53300172,-1.318164192,-0.683075886,-0.635088306,20.99763698
ADVANC,2024-02-19 00:00:00,178.5129089,209,210,208,209,4822100,214.8996021,216.6483199,4197180,35.45763447,-1.668599265,-0.880180562,-0.788418703,22.96513352
ADVANC,2024-02-20 00:00:00,176.8046417,207,210,207,210,4352500,214.147259,216.2699544,4264745,32.54268504,-2.083685442,-1.120881538,-0.962803904,25.01467117
ADVANC,2024-02-21 00:00:00,175.0963898,205,209,203,208,12475500,213.2760915,215.8279954,4727475,29.8959061,-2.544693866,-1.405644004,-1.139049863,27.63219228
ADVANC,2024-02-22 00:00:00,178.5129089,209,211,204,205,9222400,212.8688447,215.5602309,5052000,40.34596607,-2.557795123,-1.636074228,-0.921720896,28.90531415
ADVANC,2024-02-23 00:00:00,175.950531,206,209,206,209,4196600,212.214669,215.1853199,4926035,36.01036894,-2.778227218,-1.864504826,-0.913722392,30.08749874
ADVANC,2024-02-27 00:00:00,175.0963898,205,208,205,207,3848800,211.5275577,214.7858955,4992115,34.67284458,-2.999041797,-2.09141222,-0.907629577,31.39925639
ADVANC,2024-02-28 00:00:00,174.2422485,204,206,204,205,2716700,210.8106474,214.3629193,4978195,33.33927711,-3.217639637,-2.316657703,-0.900981934,32.82296823
ADVANC,2024-02-29 00:00:00,171.6798706,201,205,200,205,10429600,209.8763001,213.8388832,5259890,29.65441817,-3.591553732,-2.571636909,-1.019916823,34.81917916
ADVANC,2024-03-01 00:00:00,175.950531,206,208,201,201,6041500,209.5071286,213.531476,5400370,41.2994413,-3.444716585,-2.746252844,-0.698463741,35.11760617
ADVANC,2024-03-04 00:00:00,177.6587677,208,209,206,206,4853400,209.3635926,213.3145554,5503190,45.20672935,-3.130873047,-2.823176885,-0.307696162,34.93442445
ADVANC,2024-03-05 00:00:00,175.950531,206,207,204,207,4801900,209.0432504,213.0277101,5593930,42.18291928,-3.00884893,-2.860311294,-0.148537636,35.20171769
ADVANC,2024-03-06 00:00:00,175.950531,206,207,204,205,2346500,208.753417,212.7521136,5454555,42.18291928,-2.878957113,-2.864040458,-0.014916655,35.44991856
ADVANC,2024-03-07 00:00:00,180.2211609,211,212,207,208,8100200,208.9673773,212.6834033,5598180,51.57443144,-2.345520992,-2.760336565,0.414815572,33.61626976
ADVANC,2024-03-08 00:00:00,180.2211609,211,212,211,211,2478000,209.1609604,212.6173875,5398200,51.57443144,-1.900857126,-2.588440677,0.687583551,31.91359588
ADVANC,2024-03-11 00:00:00,180.2211609,211,212,211,211,2287700,209.3361071,212.5539605,5320550,51.57443144,-1.530811565,-2.376914855,0.846103289,30.33254156
ADVANC,2024-03-12 00:00:00,180.2211609,211,211,211,211,0,209.4945731,212.4930209,5227195,51.57443144,-1.223444684,-2.14622082,0.922776137,28.86441969
ADVANC,2024-03-13 00:00:00,177.6587677,208,209,208,209,3358000,209.3522328,212.316824,5217645,45.59710932,-1.208004025,-1.958577461,0.750573436,28.42889946
ADVANC,2024-03-14 00:00:00,178.5129089,209,210,208,209,3793700,209.3186868,212.1867524,5181655,47.77008545,-1.102368136,-1.787335596,0.68496746,27.59358576
ADVANC,2024-03-15 00:00:00,175.950531,206,209,206,209,8691700,209.0026214,211.9441347,5327310,42.31019483,-1.246358614,-1.6791402,0.432781586,27.38716356
ADVANC,2024-03-18 00:00:00,178.5129089,209,210,207,207,3295400,209.0023717,211.8286784,5105610,48.63283162,-1.105651911,-1.564442542,0.458790631,26.75893977
ADVANC,2024-03-19 00:00:00,179.3670349,210,212,209,210,8109300,209.0973839,211.7569656,5269970,50.57724905,-0.903039514,-1.432161937,0.529122422,25.36679269
ADVANC,2024-03-20 00:00:00,179.3670349,210,210,210,210,0,209.1833474,211.6880649,5052345,50.57724905,-0.73400656,-1.292530861,0.558524301,24.07408469
ADVANC,2024-03-21 00:00:00,180.2211609,211,212,210,210,3865200,209.3563619,211.661082,4621830,52.65570534,-0.513436506,-1.13671199,0.623275484,22.59916669
ADVANC,2024-03-22 00:00:00,180.2211609,211,211,211,211,0,209.5128989,211.6351572,4160710,52.65570534,-0.334774083,-0.976324409,0.641550326,21.22959998
ADVANC,2024-03-25 00:00:00,177.6587677,208,212,206,210,7482400,209.3688133,211.492602,4325000,45.93454816,-0.43029755,-0.867119037,0.436821487,21.12510158
ADVANC,2024-03-26 00:00:00,177.6587677,208,208,208,208,0,209.2384501,211.3556373,4132560,45.93454816,-0.500234198,-0.793742069,0.293507871,21.02806734
ADVANC,2024-03-27 00:00:00,175.950531,206,206,204,205,2941900,208.9300263,211.1456123,4143820,41.80843931,-0.708871353,-0.776767926,0.067896573,21.92494869
ADVANC,2024-03-28 00:00:00,175.950531,206,206,206,206,0,208.6509762,210.9438235,3622340,41.80843931,-0.864255206,-0.794265382,-0.069989824,22.75776708
ADVANC,2024-03-29 00:00:00,175.0963898,205,206,204,204,2118900,208.3032641,210.7107324,3426210,39.7385251,-1.055917709,-0.846595847,-0.209321861,23.96184764
ADVANC,2024-04-01 00:00:00,175.0963898,205,207,204,205,3338800,207.9886676,210.4867821,3350480,39.7385251,-1.194047388,-0.916086155,-0.277961233,24.61507536
ADVANC,2024-04-02 00:00:00,173.3881378,203,206,203,205,3181600,207.5135564,210.1931828,3269465,35.64509372,-1.448205429,-1.02251001,-0.425695419,25.45003132
ADVANC,2024-04-03 00:00:00,174.2422485,204,205,202,202,7311700,207.1789319,209.9503129,3517725,39.02704761,-1.551056254,-1.128219259,-0.422836995,26.44808131
ADVANC,2024-04-04 00:00:00,173.3881378,203,205,203,205,3738600,206.7809384,209.6777516,3299645,36.93665315,-1.693733609,-1.241322129,-0.45241148,27.37484202
ADVANC,2024-04-05 00:00:00,174.2422485,204,205,203,203,2633800,206.5160871,209.4550947,3307435,40.37594282,-1.706443975,-1.334346498,-0.372097477,28.23540553
ADVANC,2024-04-09 00:00:00,176.8046417,207,207,204,205,8294100,206.5621741,209.3588165,3607755,49.30774837,-1.457639344,-1.359005067,-0.098634277,27.94935035
ADVANC,2024-04-10 00:00:00,174.2422485,204,208,204,207,9393600,206.3181575,209.1486668,4077435,42.45817203,-1.485411906,-1.384286435,-0.101125471,27.19193999
ADVANC,2024-04-11 00:00:00,172.5339966,202,204,202,204,4761700,205.9069044,208.8683269,4147620,38.60768451,-1.649787424,-1.437386633,-0.212400791,27.11821817
ADVANC,2024-04-17 00:00:00,170.3986969,199.5,202,198.5,202,8657300,205.296723,208.5009416,4390800,34.40720803,-1.959200865,-1.54174948,-0.417451386,27.93237845
ADVANC,2024-04-18 00:00:00,170.3986969,199.5,199.5,199.5,199.5,0,204.7446542,208.1479635,3956215,34.40720803,-2.179291728,-1.669257929,-0.510033799,28.68838443
ADVANC,2024-04-19 00:00:00,170.3986969,199.5,199.5,199.5,199.5,0,204.2451633,207.8088276,3791445,34.40720803,-2.326892356,-1.800784815,-0.526107541,29.39038999
ADVANC,2024-04-22 00:00:00,168.6904297,197.5,199,197,197.5,3589600,203.6027668,207.4045599,3565460,31.03355534,-2.575560741,-1.95574,-0.619820741,30.61272407
ADVANC,2024-04-23 00:00:00,169.5445404,198.5,199.5,196,198,3637600,203.116789,207.0553615,3747340,34.49214474,-2.6612632,-2.09684464,-0.56441856,31.95023829
ADVANC,2024-04-24 00:00:00,169.5445404,198.5,198.5,198.5,198.5,0,202.6770948,206.7198571,3554080,34.49214474,-2.698081215,-2.217091955,-0.48098926,33.19221578
ADVANC,2024-04-25 00:00:00,168.6904297,197.5,198,196.5,196.5,2177800,202.1840382,206.3582941,3662970,32.5963162,-2.775951954,-2.328863955,-0.447087999,34.74158524
ADVANC,2024-04-26 00:00:00,166.5550995,195,197.5,194.5,197.5,5166500,201.4998441,205.9128708,3547175,28.3944939,-3.004757211,-2.464042606,-0.540714605,36.52010861
ADVANC,2024-04-29 00:00:00,168.2633667,197,198,196,196,4379100,201.0712875,205.5633464,3766130,35.55187463,-2.990234182,-2.569280921,-0.420953261,37.85679988
ADVANC,2024-04-30 00:00:00,168.2633667,197,197,197,197,0,200.6835458,205.2275289,3619035,35.55187463,-2.944778998,-2.644380537,-0.300398462,39.0980132
ADVANC,2024-05-02 00:00:00,168.2633667,197,197,197,197,0,200.3327319,204.9048807,3619035,35.55187463,-2.875607227,-2.690625875,-0.184981353,40.25056843
ADVANC,2024-05-03 00:00:00,176.8046417,207,209,206,208,5684000,200.9677098,204.9870423,3797290,60.32036102,-1.990921569,-2.550685014,0.559763444,38.45106423
ADVANC,2024-05-07 00:00:00,176.8046417,207,207,207,207,0,201.5422137,205.0659818,3630350,60.32036102,-1.275103215,-2.295568654,1.020465439,36.78009604
ADVANC,2024-05-08 00:00:00,175.950531,206,209,205,209,8836700,201.9667647,205.10261,3913105,57.746505,-0.779517859,-1.992358495,1.212840636,35.22848273
ADVANC,2024-05-09 00:00:00,175.950531,206,209,206,207,5189900,202.3508824,205.1378017,3807015,57.746505,-0.382355339,-1.670357864,1.288002525,33.78769894
ADVANC,2024-05-10 00:00:00,175.950531,206,206,203,205,6482500,202.6984174,205.1716134,3944210,57.746505,-0.066830797,-1.34965245,1.282821654,31.38475442
ADVANC,2024-05-13 00:00:00,175.0963898,205,206,204,205,4833200,202.9176157,205.1648835,4054180,54.82470381,0.101364566,-1.059449047,1.160813613,29.15344879
ADVANC,2024-05-14 00:00:00,175.0963898,205,206,205,205,2669400,203.1159381,205.1584175,3772945,54.82470381,0.231986408,-0.801161956,1.033148364,27.08152213
ADVANC,2024-05-15 00:00:00,175.950531,206,207,205,206,3967000,203.3906106,205.1914207,3501615,57.32868112,0.411453818,-0.558638801,0.970092619,25.50967867
ADVANC,2024-05-16 00:00:00,175.950531,206,206,206,206,0,203.6391239,205.2231297,3263530,57.32868112,0.547373255,-0.33743639,0.884809645,24.05010974
ADVANC,2024-05-17 00:00:00,177.6587677,208,209,206,207,2359300,204.0544454,205.3320266,2948630,62.18981464,0.80716913,-0.108515286,0.915684416,23.73603156
ADVANC,2024-05-20 00:00:00,177.6587677,208,208,208,208,0,204.4302125,205.436653,2948630,62.18981464,1.001514399,0.113490651,0.888023748,23.44438754
ADVANC,2024-05-21 00:00:00,177.6587677,208,208,208,208,0,204.7701923,205.5371764,2948630,62.18981464,1.14236594,0.319265709,0.823100232,23.17357524
ADVANC,2024-05-23 00:00:00,176.8046417,207,209,206,206,3522000,204.9825549,205.594542,2945250,58.05936067,1.159929217,0.487398411,0.672530807,21.95316007
ADVANC,2024-05-24 00:00:00,176.8046417,207,207,207,207,0,205.1746926,205.649658,2763370,58.05936067,1.160471053,0.622012939,0.538458114,20.8199174
ADVANC,2024-05-27 00:00:00,176.8046417,207,207,207,207,0,205.3485314,205.7026126,2763370,58.05936067,1.147670827,0.727144517,0.42052631,19.76762064
ADVANC,2024-05-28 00:00:00,176.8046417,207,208,207,207,2078700,205.5058141,205.7534905,2758415,58.05936067,1.12456329,0.806628271,0.317935019,19.23400916
ADVANC,2024-05-29 00:00:00,174.2422485,204,207,204,207,4858500,205.3624032,205.6847262,2743015,45.78805645,0.854327319,0.816168081,0.038159238,18.39363353
ADVANC,2024-05-30 00:00:00,174.2422485,204,204,204,204,0,205.2326505,205.6186585,2524060,45.78805645,0.632868056,0.779508076,-0.14664002,17.61328473
ADVANC,2024-05-31 00:00:00,174.2422485,204,204,204,204,0,205.1152552,205.5551817,2524060,45.78805645,0.452147914,0.714036043,-0.261888129,16.88867513
ADVANC,2024-06-04 00:00:00,176.8046417,207,208,202,203,6526100,205.2947547,205.6118413,2850365,57.11015644,0.544721617,0.680173158,-0.135451541,16.88888533
ADVANC,2024-06-05 00:00:00,177.6587677,208,209,206,207,5464900,205.5523971,205.7054945,2839410,60.10140844,0.690815297,0.682301586,0.008513711,17.23052213
ADVANC,2024-06-06 00:00:00,177.6587677,208,210,208,209,5275900,205.7855022,205.7954751,3103205,60.10140844,0.797403618,0.705321992,0.092081626,17.87409885
ADVANC,2024-06-07 00:00:00,180.2211609,211,212,208,208,8066900,206.282121,205.9995742,3064715,67.89246167,1.111142005,0.786485995,0.32465601,19.05972491
ADVANC,2024-06-10 00:00:00,178.5129089,209,212,208,211,7496900,206.5409666,206.1172379,3180065,59.54461401,1.184741687,0.866137133,0.318604554,20.16066338
ADVANC,2024-06-11 00:00:00,180.2211609,211,212,209,210,8577400,206.9656365,206.3087188,3284810,64.27512793,1.388448086,0.970599324,0.417848762,21.1829634
ADVANC,2024-06-12 00:00:00,179.3670349,210,212,209,211,4981600,207.2546235,206.4534749,3292230,60.46787797,1.452452266,1.066969912,0.385482354,22.13224198
ADVANC,2024-06-13 00:00:00,178.5129089,209,211,209,210,3079800,207.4208498,206.5533386,3312750,56.84192707,1.406273749,1.13483068,0.271443069,23.01371495
ADVANC,2024-06-14 00:00:00,180.2211609,211,211,209,210,1942900,207.7617213,206.7277175,3211545,61.77843999,1.513612247,1.210586993,0.303025254,23.83222557
ADVANC,2024-06-17 00:00:00,178.5129089,209,212,208,212,6861900,207.8796526,206.8168266,3554640,55.00311402,1.420916059,1.252652806,0.168263253,24.59227114
ADVANC,2024-06-18 00:00:00,178.5129089,209,209,209,209,0,207.9863523,206.9024413,3436675,55.00311402,1.332098064,1.268541858,0.063556207,25.29802774
ADVANC,2024-06-19 00:00:00,178.5129089,209,209,209,209,0,208.0828902,206.9846985,3436675,55.00311402,1.247330712,1.264299629,-0.016968917,25.95337316
ADVANC,2024-06-20 00:00:00,177.6587677,208,208,204,206,4734200,208.0749959,207.0245142,3673385,51.47750004,1.08693087,1.228825877,-0.141895007,25.01994349
ADVANC,2024-06-21 00:00:00,177.6587677,208,209,207,208,4354700,208.0678534,207.0627686,3715020,51.47750004,0.948874801,1.172835662,-0.223960861,23.58468554
ADVANC,2024-06-24 00:00:00,176.8046417,207,209,207,208,2404500,207.9661531,207.0603071,3835245,47.915508,0.750125746,1.088293679,-0.338167932,22.25194602
ADVANC,2024-06-25 00:00:00,176.8046417,207,207,207,207,0,207.8741385,207.0579421,3835245,47.915508,0.585862233,0.987807389,-0.401945156,21.01440217
ADVANC,2024-06-26 00:00:00,176.8046417,207,207,207,207,0,207.7908872,207.0556698,3731310,47.915508,0.450489256,0.880343763,-0.429854507,19.86525432
ADVANC,2024-06-27 00:00:00,180.2211609,211,212,210,210,2200800,208.096517,207.2103494,3598425,61.29538888,0.658382345,0.835951479,-0.177569134,20.50511408
ADVANC,2024-06-28 00:00:00,178.5129089,209,212,208,212,7015000,208.182563,207.2805318,3949175,53.84703509,0.654214454,0.799604074,-0.14538962,19.9794692
ADVANC,2024-07-01 00:00:00,178.5129089,209,209,209,209,0,208.2604142,207.3479619,3949175,53.84703509,0.643493577,0.768381975,-0.124888398,19.49137038
ADVANC,2024-07-02 00:00:00,178.5129089,209,209,209,209,0,208.3308509,207.4127478,3622870,53.84703509,0.627760769,0.740257734,-0.112496965,19.03813576
ADVANC,2024-07-03 00:00:00,180.2211609,211,211,210,211,1807100,208.5850556,207.5534243,3439980,59.92866945,0.767824685,0.745771124,0.022053561,19.43581371
ADVANC,2024-07-04 00:00:00,179.3670349,210,211,208,210,3025900,208.7198122,207.6493685,3327480,55.95822334,0.789039154,0.75442473,0.034614424,18.69776917
ADVANC,2024-07-05 00:00:00,179.3670349,210,211,209,210,1760800,208.8417348,207.7415501,3012175,55.95822334,0.796668277,0.762873439,0.033794837,18.0124421
ADVANC,2024-07-08 00:00:00,181.9294128,213,214,210,210,3985100,209.2377601,207.9477638,2836585,64.20860311,1.032882908,0.816875333,0.216007575,18.53126236
ADVANC,2024-07-09 00:00:00,181.9294128,213,213,213,213,0,209.5960687,208.1458907,2407715,64.20860311,1.206180606,0.894736388,0.311444219,19.01302404
ADVANC,2024-07-10 00:00:00,188.7624512,221,222,218,219,7626000,210.6821574,208.6499734,2539935,77.33801277,1.966386146,1.109066339,0.857319807,21.5011618
ADVANC,2024-07-11 00:00:00,188.7624512,221,221,221,221,0,211.664809,209.1342882,2385945,77.33801277,2.539579819,1.395169035,1.144410783,23.81157544
ADVANC,2024-07-12 00:00:00,188.7624512,221,221,221,221,0,212.5538748,209.5996102,2288800,77.33801277,2.959722099,1.708079648,1.251642451,25.95695953
ADVANC,2024-07-15 00:00:00,188.7624512,221,221,221,221,0,213.3582677,210.0466843,1945705,77.33801277,3.255164375,2.017496594,1.237667782,27.9491019
ADVANC,2024-07-16 00:00:00,187.9083252,220,223,220,222,3925700,213.9908136,210.4370104,2141990,72.8452203,3.369768274,2.28795093,1.081817344,30.13706565
ADVANC,2024-07-17 00:00:00,187.9083252,220,220,220,220,0,214.5631171,210.8120296,2141990,72.8452203,3.421155735,2.514591891,0.906563845,32.16874628
ADVANC,2024-07-18 00:00:00,194.7413483,228,230,225,225,8698000,215.8428202,211.4860677,2340180,82.35548249,4.060605675,2.823794648,1.236811028,35.15866785
ADVANC,2024-07-19 00:00:00,194.7413483,228,228,225,225,6262600,217.0006469,212.1336729,2435575,82.35548249,4.51532451,3.16210062,1.35322389,37.93502358
ADVANC,2024-07-23 00:00:00,191.3248291,224,228,224,228,3526500,217.6672519,212.599019,2491675,68.4533803,4.501040696,3.429888635,1.071152061,39.99770673
ADVANC,2024-07-24 00:00:00,189.6165619,222,225,222,223,4756400,218.0798946,212.967685,2729495,62.74971051,4.279011603,3.599713229,0.679298374,40.93628849
ADVANC,2024-07-25 00:00:00,190.4707184,223,224,221,221,3838800,218.5484761,213.3611091,2921435,64.34920723,4.136065601,3.706983703,0.429081897,41.345405
ADVANC,2024-07-26 00:00:00,193.8872223,227,227,221,223,6611200,219.3533831,213.8959676,3141955,69.91414958,4.296024538,3.82479187,0.471232667,42.18310759
ADVANC,2024-07-30 00:00:00,193.8872223,227,227,227,227,0,220.0816323,214.4098512,2791205,69.91414958,4.372390946,3.934311685,0.438079261,42.96097428
ADVANC,2024-07-31 00:00:00,199.8661194,234,235,230,231,6834200,221.4071912,215.1780923,3132915,77.15247438,4.94079892,4.135609132,0.805189788,44.59147521
ADVANC,2024-08-01 00:00:00,199.0119934,233,235,233,233,4572200,222.5112682,215.8769906,3361525,74.3987036,5.250055322,4.35849837,0.891556951,46.10551178
ADVANC,2024-08-02 00:00:00,199.0119934,233,233,233,233,0,223.510195,216.5484812,3271170,74.3987036,5.432520533,4.573302803,0.85921773,47.51140289
ADVANC,2024-08-05 00:00:00,204.9908752,240,246,237,237,17940100,225.0806527,217.4681486,4016880,80.1504117,6.0719731,4.873036862,1.198936238,49.68391017
ADVANC,2024-08-06 00:00:00,203.2826385,238,242,235,241,7480500,226.3110667,218.2733193,4302865,74.96804987,6.344228266,5.167275143,1.176953124,50.99563013
ADVANC,2024-08-07 00:00:00,204.1367645,239,241,235,239,8825900,227.5195365,219.0861303,4544905,75.81023639,6.565006779,5.44682147,1.118185309,52.2136558
ADVANC,2024-08-08 00:00:00,204.1367645,239,239,239,239,0,228.612914,219.8670663,4544905,75.81023639,6.663166504,5.690090477,0.973076027,53.34467964
ADVANC,2024-08-09 00:00:00,209.2615356,245,247,240,241,6536600,230.1735889,220.8526716,4490435,80.39914351,7.14277123,5.980626627,1.162144602,54.89050009
ADVANC,2024-08-13 00:00:00,209.2615356,245,245,242,244,2638300,231.585628,221.7996256,4622350,80.39914351,7.437130815,6.271927465,1.16520335,56.32590479
ADVANC,2024-08-14 00:00:00,209.2615356,245,247,240,246,5232700,232.8631873,222.7094442,4883985,80.39914351,7.583000795,6.534142131,1.048858664,57.65878059
ADVANC,2024-08-15 00:00:00,209.2615356,245,245,245,245,0,234.0190742,223.5835837,4883985,80.39914351,7.610870427,6.74948779,0.861382637,58.89645097
ADVANC,2024-08-16 00:00:00,205.8450317,241,245,240,245,3978800,234.6839243,224.2665804,4886640,68.71086541,7.226883725,6.844966977,0.381916748,58.11630633
ADVANC,2024-08-19 00:00:00,210.0904236,241,241,241,241,0,235.2854553,224.9227929,4886640,68.71086541,6.843681793,6.84470994,-0.001028148,57.39188631
ADVANC,2024-08-20 00:00:00,212.705658,244,246,241,241,6029200,236.1154119,225.6709187,4753200,72.22331541,6.704777922,6.816723537,-0.111945614,57.28347589
ADVANC,2024-08-21 00:00:00,212.705658,244,246,243,245,2802600,236.8663251,226.3897062,4580200,72.22331541,6.519542378,6.757287305,-0.237744927,57.18280907
ADVANC,2024-08-22 00:00:00,212.705658,244,244,244,244,0,237.5457227,227.080306,4403875,72.22331541,6.300118036,6.665853451,-0.365735415,57.08933273
ADVANC,2024-08-23 00:00:00,215.3208923,247,247,242,243,6215900,238.44613,227.8614704,4476850,75.63891724,6.295724399,6.591827641,-0.296103241,57.32453788
ADVANC,2024-08-26 00:00:00,215.3208923,247,247,247,247,0,239.2607843,228.612001,4284910,75.63891724,6.220535945,6.517569302,-0.297033357,57.54294266
ADVANC,2024-08-27 00:00:00,215.3208923,247,251,247,248,4971600,239.9978525,229.333099,4202930,75.63891724,6.090738313,6.432203104,-0.341464791,58.13181691
ADVANC,2024-08-28 00:00:00,217.9361115,250,252,247,247,8048500,240.950438,230.1435657,4605355,78.88223068,6.158951128,6.377552709,-0.218601581,58.76520983
ADVANC,2024-08-29 00:00:00,214.4491272,246,251,245,250,7524800,241.4313486,230.7653867,4639885,66.22257684,5.82311842,6.266665851,-0.443547431,58.50764035
ADVANC,2024-08-30 00:00:00,215.3208923,247,248,245,248,7715700,241.9616964,231.4020382,4797060,67.62159327,5.573413382,6.128015357,-0.554601975,58.26846869
ADVANC,2024-09-02 00:00:00,215.3208923,247,247,247,247,0,242.4415348,232.0137229,4797060,67.62159327,5.314260849,5.965264456,-0.651003606,58.04638072
ADVANC,2024-09-03 00:00:00,215.3208923,247,247,247,247,0,242.8756744,232.6014201,3900055,67.62159327,5.050659739,5.782343512,-0.731683774,57.84015618
ADVANC,2024-09-04 00:00:00,215.3208923,247,247,247,247,0,243.2684673,233.1660703,3526030,67.62159327,4.786577276,5.583190265,-0.796612989,57.64866196
ADVANC,2024-09-05 00:00:00,232.7557831,267,268,249,249,17848400,245.5286133,234.492891,3977155,84.68530267,6.120568768,5.690665965,0.429902802,59.13266067
ADVANC,2024-09-06 00:00:00,234.4992523,269,271,265,267,9544300,247.7639834,235.846111,4454370,85.50780444,7.255512885,6.003635349,1.251877536,60.62457999
ADVANC,2024-09-09 00:00:00,234.4992523,269,269,269,269,0,249.7864612,237.1462635,4127540,85.50780444,8.062030209,6.415314321,1.646715888,62.00993365
ADVANC,2024-09-10 00:00:00,225.7818146,259,262,257,258,8435600,250.6639411,238.0032728,4417405,65.20169651,7.804321216,6.6931157,1.111205515,60.01280619
ADVANC,2024-09-11 00:00:00,225.7818146,259,261,257,258,6989000,251.4578515,238.8266739,4505220,65.20169651,7.513474326,6.857187425,0.656286901,58.15833069
ADVANC,2024-09-12 00:00:00,225.7818146,259,263,258,261,8424800,252.1761513,239.6177847,4926460,65.20169651,7.199979193,6.925745779,0.274233414,56.65789684
ADVANC,2024-09-13 00:00:00,226.6535492,260,260,256,258,4563500,252.9212798,240.4170872,4955695,66.204092,6.952084383,6.9310135,0.021070883,54.79231041
ADVANC,2024-09-16 00:00:00,226.6535492,260,260,260,260,0,253.5954436,241.1850446,4955695,66.204092,6.678638769,6.880538554,-0.201899785,53.05998015
ADVANC,2024-09-17 00:00:00,226.6535492,260,260,260,260,0,254.2054013,241.922886,4654235,66.204092,6.388290909,6.782089025,-0.393798116,51.45138777
ADVANC,2024-09-18 00:00:00,226.6535492,260,260,260,260,0,254.7572679,242.6317924,4514105,66.204092,6.088009356,6.643273091,-0.555263735,49.95769485
ADVANC,2024-09-19 00:00:00,226.6535492,260,260,260,260,0,255.2565757,243.3128986,4514105,66.204092,5.783367007,6.471291874,-0.687924867,48.57069428
ADVANC,2024-09-20 00:00:00,226.6535492,260,260,260,260,0,255.7083304,243.9672947,4203310,66.204092,5.478779788,6.272789457,-0.794009669,47.28276518
ADVANC,2024-09-23 00:00:00,224.91008,258,261,254,260,5833100,255.9265846,244.5175969,4494965,60.7448933,5.018162681,6.021864102,-1.003701421,44.37029922
ADVANC,2024-09-24 00:00:00,231.0122681,265,265,257,258,5996400,256.7907194,245.3208284,4546205,70.05281631,5.158497851,5.849190852,-0.690693,42.44545364
ADVANC,2024-09-25 00:00:00,231.0122681,265,268,264,264,5292000,257.5725557,246.0925606,4408380,70.05281631,5.209660759,5.721284833,-0.511624074,41.16633464
ADVANC,2024-09-26 00:00:00,230.1405487,264,264,259,263,6523200,258.1846932,246.7948131,4358300,67.40481106,5.110604225,5.599148711,-0.488544487,38.78710093
ADVANC,2024-09-27 00:00:00,230.1405487,264,264,264,264,0,258.738532,247.4695264,3972515,67.40481106,4.974755325,5.474270034,-0.499514709,36.57781249
ADVANC,2024-09-30 00:00:00,226.6535492,260,261,258,259,5697400,258.8586718,247.9609175,4257385,57.34838246,4.492540315,5.27792409,-0.785383776,34.6143541
ADVANC,2024-10-01 00:00:00,226.6535492,260,260,260,260,0,258.9673697,248.4330384,4257385,57.34838246,4.063539491,5.03504717,-0.97150768,32.79114274
ADVANC,2024-10-02 00:00:00,231.0122681,265,267,262,265,5001400,259.5419059,249.0827231,4507455,64.93295959,4.079979991,4.844033734,-0.764053744,31.16578797
ADVANC,2024-10-03 00:00:00,235.3710175,270,270,262,263,7791100,260.5379149,249.9030085,4004590,70.56912493,4.445225625,4.764272113,-0.319046488,30.13757673
ADVANC,2024-10-04 00:00:00,235.3710175,270,270,270,270,0,261.4390659,250.6911258,3527375,70.56912493,4.680728892,4.747563468,-0.066834576,29.18280915
ADVANC,2024-10-07 00:00:00,234.4992523,269,269,266,267,3288100,262.1591548,251.4091209,3691780,68.03281448,4.732126279,4.744476031,-0.012349751,27.43089008
ADVANC,2024-10-08 00:00:00,233.6275177,268,270,265,268,7047400,262.7154258,252.0597436,3622370,65.4976953,4.638695443,4.723319913,-0.08462447,25.80410808
ADVANC,2024-10-09 00:00:00,235.3710175,270,271,267,268,4503500,263.4091948,252.7632831,3498095,68.06108579,4.672176179,4.713091166,-0.040914988,24.49240364
ADVANC,2024-10-10 00:00:00,237.1144867,272,275,270,271,7135500,264.2273667,253.5176641,3433630,70.42724081,4.804707511,4.731414435,0.073293076,24.01315008
ADVANC,2024-10-11 00:00:00,237.1144867,272,272,272,272,0,264.9676175,254.2424616,3205455,70.42724081,4.853788098,4.755889168,0.097898931,23.56812892
ADVANC,2024-10-15 00:00:00,244.0884399,280,281,276,277,7246800,266.399273,255.2525611,3567795,77.9911947,5.475104364,4.899732207,0.575372157,24.48067769
ADVANC,2024-10-16 00:00:00,244.0884399,280,280,280,280,0,267.6945803,256.2230489,3567795,77.9911947,5.89949626,5.099685018,0.799811243,25.3280444
ADVANC,2024-10-17 00:00:00,244.0884399,280,280,280,280,0,268.866525,257.1554784,3567795,77.9911947,6.164766307,5.312701276,0.852065032,26.11488491
ADVANC,2024-10-18 00:00:00,245.8319244,282,296,280,295,17193900,270.1173322,258.1297734,4427490,79.61891015,6.461889377,5.542538896,0.919350481,28.36370522
ADVANC,2024-10-21 00:00:00,247.5754547,284,285,280,280,7422000,271.439491,259.1442921,4798590,81.12244163,6.780582502,5.790147617,0.990434885,30.4518955
ADVANC,2024-10-22 00:00:00,247.5754547,284,284,284,284,0,272.63573,260.1190257,4506935,81.12244163,6.952999252,6.022717944,0.930281308,32.39092934
ADVANC,2024-10-24 00:00:00,239.7297058,275,278,273,277,7671200,272.8608985,260.7025933,4590675,58.57192488,6.290898424,6.07635404,0.214544384,31.68314484
ADVANC,2024-10-25 00:00:00,239.7297058,275,275,275,275,0,273.0646225,261.2632759,4326075,58.57192488,5.700467309,6.001176694,-0.300709385,31.02591637
ADVANC,2024-10-28 00:00:00,236.2427521,271,277,270,276,6489800,272.8679918,261.6451082,4324405,51.23123084,4.853827919,5.771706939,-0.91787902,29.49599737
ADVANC,2024-10-29 00:00:00,236.2427521,271,271,271,271,0,272.6900878,262.0119667,4324405,51.23123084,4.135192181,5.444403987,-1.309211806,28.0753583
ADVANC,2024-10-30 00:00:00,233.6275177,268,272,265,266,11440100,272.2434128,262.2467916,4611540,46.19533878,3.285717547,5.012666699,-1.726949152,26.38292274
ADVANC,2024-10-31 00:00:00,239.7297058,275,276,266,267,8132800,272.5059449,262.7469174,5018180,56.85283834,3.141135226,4.638360404,-1.497225179,24.81128851
ADVANC,2024-11-01 00:00:00,237.1144867,272,274,270,274,4671900,272.4577597,263.1097834,5001705,52.09068487,2.752745827,4.261237489,-1.508491662,23.35191387
ADVANC,2024-11-04 00:00:00,237.1144867,272,275,269,274,4015700,272.4141635,263.4584193,4812935,52.09068487,2.417081815,3.892406354,-1.475324539,21.99678027
ADVANC,2024-11-05 00:00:00,242.3449554,278,278,271,272,5135200,272.9461479,264.0286774,5069695,59.88469096,2.605184577,3.634961999,-1.029777422,21.23630681
ADVANC,2024-11-06 00:00:00,238.8579865,274,281,274,277,8822200,273.0465148,264.4197097,5346400,53.62179044,2.403781504,3.3887259,-0.984944396,20.9910511
ADVANC,2024-11-07 00:00:00,248.4471588,285,297,275,275,14823900,274.184942,265.2267799,5735225,64.58936881,3.096086429,3.330198006,-0.234111576,22.49421891
ADVANC,2024-11-08 00:00:00,246.7037048,283,288,280,286,4920800,275.0244713,265.9237689,5756090,61.73097603,3.443663378,3.35289108,0.090772298,23.89001759
ADVANC,2024-11-11 00:00:00,248.4471588,285,286,279,283,4470300,275.9745216,266.6718564,5622830,63.47187255,3.836281632,3.44956919,0.386712441,24.97385107
ADVANC,2024-11-12 00:00:00,249.3189087,286,288,283,285,5244100,276.9293291,267.4298228,5885035,64.34524152,4.179942297,3.595643812,0.584298485,26.1679533
ADVANC,2024-11-13 00:00:00,249.3189087,286,290,283,286,6175000,277.7932025,268.158065,5831445,64.34524152,4.401557435,3.756826536,0.644730899,27.46158694
ADVANC,2024-11-14 00:00:00,248.4471588,285,287,279,285,13107600,278.4795642,268.8185331,6486825,62.60913092,4.445255251,3.894512279,0.550742972,27.763737
ADVANC,2024-11-15 00:00:00,249.3189087,286,286,280,285,6895100,279.1957962,269.4923161,6831580,63.66490722,4.508605332,4.01733089,0.491274442,28.04430491
ADVANC,2024-11-18 00:00:00,249.3189087,286,288,283,287,3655500,279.8438156,270.1396763,6154660,63.66490722,4.506858469,4.115236406,0.391622063,28.53978257
ADVANC,2024-11-19 00:00:00,247.5754547,284,287,283,286,4258900,280.2396427,270.6832184,5996505,59.75150436,4.294585473,4.151106219,0.143479254,28.99986896
ADVANC,2024-11-20 00:00:00,245.8319244,282,286,282,285,4173500,280.4072958,271.1270137,6205180,56.0417046,3.919789417,4.104842859,-0.185053441,29.16518109
ADVANC,2024-11-21 00:00:00,249.3189087,286,293,285,285,5753400,280.9399343,271.7102681,6109290,61.2267073,3.900564138,4.063987115,-0.163422977,30.15260063
ADVANC,2024-11-22 00:00:00,251.9341888,289,292,283,286,9468900,281.7075596,272.3882968,6582735,64.5993145,4.080366963,4.067263084,0.013103879,30.56187428
ADVANC,2024-11-25 00:00:00,251.0624084,288,291,287,291,6523800,282.3068396,273.0005204,6584435,62.64330408,4.094966134,4.072803694,0.02216244,30.9419141
ADVANC,2024-11-26 00:00:00,246.7037048,283,288,282,288,5797100,282.3728549,273.3926569,6874290,53.86162792,3.660877552,3.990418466,-0.329540914,30.07233204
ADVANC,2024-11-27 00:00:00,244.9601746,281,284,280,282,4338000,282.2421068,273.6909841,6519185,50.7942853,3.119516098,3.816237992,-0.696721894,28.8282726
ADVANC,2024-11-28 00:00:00,249.3189087,286,286,280,281,4372800,282.6000014,274.1736906,6331185,57.33570585,3.058682866,3.664726967,-0.606044101,28.00069376
ADVANC,2024-11-29 00:00:00,248.4471588,285,287,283,284,4717600,282.8285727,274.5982517,6333470,55.73969517,2.896392638,3.511060101,-0.614667463,27.39477806
ADVANC,2024-12-02 00:00:00,249.3189087,286,288,285,286,2811100,283.1306134,275.0453791,6273240,57.02789127,2.81600693,3.372049467,-0.556042537,26.99748614
ADVANC,2024-12-03 00:00:00,258.0363464,296,299,288,288,9576500,284.3562692,275.867129,6495305,67.28273876,3.518656226,3.401370819,0.117285407,28.04748085
ADVANC,2024-12-04 00:00:00,251.9341888,289,296,288,296,7597100,284.7985293,276.3821435,6434050,57.0242208,3.470661728,3.415229001,0.055432728,29.02247595
ADVANC,2024-12-06 00:00:00,257.1646118,295,296,289,290,4127100,285.770098,277.1122555,5899210,62.32641687,3.87213998,3.506611197,0.365528783,29.92782853
ADVANC,2024-12-09 00:00:00,257.1646118,295,297,290,292,4253100,286.6491362,277.8137357,5865825,62.32641687,4.142561516,3.63380126,0.508760256,30.88530811
ADVANC,2024-12-11 00:00:00,251.9341888,289,295,289,291,6583000,286.873028,278.2524127,5971460,54.52462944,3.828589084,3.672758825,0.155830259,31.47424291
ADVANC,2024-12-12 00:00:00,250.1906586,287,292,285,290,6915900,286.8851206,278.5954554,6055050,52.17992125,3.379424483,3.614091957,-0.234667474,30.90677881
ADVANC,2024-12-13 00:00:00,250.1906586,287,288,285,285,4637100,286.8960615,278.9250454,5978155,52.17992125,2.989002935,3.489074152,-0.500071218,30.37984785
ADVANC,2024-12-16 00:00:00,249.3189087,286,286,283,285,3685500,286.8107223,279.2024946,5507050,50.91039434,2.569282315,3.305115785,-0.73583347,29.35185729
ADVANC,2024-12-17 00:00:00,243.2167206,279,286,279,285,7877600,286.066844,279.1945536,5556175,43.02010882,1.652757245,2.974644077,-1.321886832,27.43446895
ADVANC,2024-12-18 00:00:00,245.8319244,282,284,279,280,5374600,285.6795255,279.3045711,5642130,46.82385072,1.155163447,2.610747951,-1.455584504,25.65403691
ADVANC,2024-12-19 00:00:00,238.8579865,274,281,273,278,7435100,284.5671898,279.0965487,5800940,39.29134112,0.113969862,2.111392333,-1.997422471,24.87380076
ADVANC,2024-12-20 00:00:00,238.8579865,274,276,268,271,8562600,283.5607907,278.896684,6020395,39.29134112,-0.7030789,1.548498086,-2.251576986,24.94798429
ADVANC,2024-12-23 00:00:00,247.5754547,284,286,276,276,5399300,283.6026202,279.0968141,6002690,50.77194268,-0.537483726,1.131301724,-1.66878545,23.29585616
ADVANC,2024-12-24 00:00:00,247.5754547,284,286,283,284,3781900,283.6404659,279.2890959,5718340,50.77194268,-0.401618746,0.82471763,-1.226336376,21.76173718
ADVANC,2024-12-25 00:00:00,249.3189087,286,287,284,285,1681600,283.8651834,279.5522686,5476230,52.84056845,-0.131050814,0.633563941,-0.764614755,20.5118644
ADVANC,2024-12-26 00:00:00,250.1906586,287,288,285,286,2295600,284.1637374,279.8443365,5301155,53.88402722,0.162198146,0.539290782,-0.377092636,19.52989438
ADVANC,2024-12-27 00:00:00,251.9341888,289,293,285,286,5168100,284.6243338,280.2033821,5342660,55.98177807,0.549647351,0.541362096,0.008285255,19.43926866
ADVANC,2024-12-30 00:00:00,250.1906586,287,292,287,289,3429200,284.8505877,280.4699162,5295480,53.36742945,0.687396474,0.570568972,0.116827503,19.35511621
ADVANC,2025-01-02 00:00:00,248.4471588,285,288,282,286,3018900,284.8648175,280.6475665,5210545,50.8119782,0.627941839,0.582043545,0.045898294,18.22008422
ADVANC,2025-01-03 00:00:00,248.4471588,285,286,283,285,3403700,284.877692,280.8182502,5240175,50.8119782,0.574204539,0.580475744,-0.006271205,17.16612594
ADVANC,2025-01-06 00:00:00,242.3449554,278,286,278,285,4809700,284.2226737,280.7077306,5001835,42.54292045,-0.032845533,0.457811489,-0.490657022,16.62898892
ADVANC,2025-01-07 00:00:00,244.9601746,281,284,279,279,5287600,283.9157524,280.7191921,4886360,46.55702299,-0.268764017,0.312496387,-0.581260405,16.13021883
ADVANC,2025-01-08 00:00:00,247.5754547,284,285,280,281,5078700,283.923776,280.8478512,4933940,50.29654566,-0.211221359,0.207752838,-0.418974197,15.44344855
ADVANC,2025-01-09 00:00:00,240.6014862,276,282,272,282,9650100,283.1691307,280.6577394,5203790,41.88077884,-0.801907637,0.005820743,-0.80772838,16.12407178
ADVANC,2025-01-10 00:00:00,246.7037048,283,283,274,279,4631600,283.153023,280.7495928,5106220,49.79637058,-0.697152925,-0.13477399,-0.562378934,16.52497722
ADVANC,2025-01-13 00:00:00,245.8319244,282,284,280,280,3831500,283.0432113,280.7986284,4952000,48.77439127,-0.686907461,-0.245200685,-0.441706777,16.66138683
ADVANC,2025-01-14 00:00:00,247.5754547,284,286,282,284,4527100,283.134334,280.9241723,4946500,50.94289898,-0.511508224,-0.298462193,-0.213046032,16.32110654
ADVANC,2025-01-15 00:00:00,250.1906586,287,287,278,284,7854200,283.5024927,281.1624401,5154935,54.08286243,-0.128941776,-0.264558109,0.135616333,16.67379183
ADVANC,2025-01-16 00:00:00,252.8058929,290,290,284,287,6273800,284.1213029,281.5090111,5074745,57.04382552,0.411575432,-0.129331401,0.540906833,16.31671562
ADVANC,2025-01-17 00:00:00,247.5754547,284,291,284,289,7022200,284.1097502,281.6066969,5157125,50.08718602,0.351734779,-0.033118165,0.384852944,15.76506886
ADVANC,2025-01-20 00:00:00,246.7037048,283,286,282,285,2402400,284.0040597,281.6613362,4905490,49.01431569,0.221070623,0.017719593,0.20335103,15.6190429
ADVANC,2025-01-21 00:00:00,251.0624084,288,288,282,283,3457800,284.3846255,281.9099113,4650250,54.28681758,0.515039496,0.117183573,0.397855923,15.02073081
ADVANC,2025-01-22 00:00:00,251.9341888,289,290,286,286,3977500,284.824185,282.187954,4579160,55.28281368,0.819259673,0.257598793,0.56166088,14.02239291
ADVANC,2025-01-23 00:00:00,246.7037048,283,288,283,287,5075300,284.6504531,282.2197989,4643830,48.46038539,0.569640044,0.320007043,0.249633,13.69897153
ADVANC,2025-01-24 00:00:00,250.1906586,287,287,284,285,3360600,284.8742194,282.4072578,4727780,52.65521579,0.686665804,0.393338795,0.293327008,13.39865167
ADVANC,2025-01-27 00:00:00,250.1906586,287,289,285,285,2818700,285.0766747,282.5873653,4753935,52.65521579,0.770527401,0.468776516,0.301750885,12.6353719
ADVANC,2025-01-28 00:00:00,251.0624084,288,292,286,289,5881200,285.3550867,282.7996255,4789590,53.74671935,0.907222073,0.556465628,0.350756445,12.20635995
ADVANC,2025-01-29 00:00:00,248.4471588,285,290,284,288,5319000,285.3212689,282.8859147,4884080,50.02099053,0.764664085,0.598105319,0.166558766,11.34113585
ADVANC,2025-01-30 00:00:00,249.3189087,286,288,284,284,2157500,285.3859099,283.0080357,4841010,51.23447879,0.724031313,0.623290518,0.100740795,10.53771347
ADVANC,2025-01-31 00:00:00,247.5754547,284,288,280,286,4726100,285.2539185,283.0469363,4907130,48.68830931,0.524401292,0.603512673,-0.079111381,10.6683336
ADVANC,2025-02-03 00:00:00,243.2167206,279,281,276,279,4830800,284.6583072,282.8882329,4908185,42.94266577,-0.036840477,0.475442043,-0.51228252,11.52955784
ADVANC,2025-02-04 00:00:00,243.2167206,279,283,279,281,4490500,284.1194208,282.7357532,4868330,42.94266577,-0.476139978,0.285125639,-0.761265616,11.80468497
ADVANC,2025-02-05 00:00:00,244.9601746,281,285,280,282,5935300,283.8223331,282.6676844,4911160,45.90413621,-0.655350242,0.097030463,-0.752380704,11.56118968
ADVANC,2025-02-06 00:00:00,239.7297058,275,283,275,282,4739300,282.9821109,282.3669909,4665620,39.31198921,-1.266921244,-0.175759879,-1.091161365,12.25215011
ADVANC,2025-02-07 00:00:00,244.0884399,280,280,272,277,9770900,282.6981004,282.2741677,4922585,46.24041273,-1.332774066,-0.407162716,-0.92561135,13.36095788
ADVANC,2025-02-10 00:00:00,246.7037048,283,285,280,281,9866500,282.7268527,282.3026317,5224335,49.93369894,-1.12986361,-0.551702895,-0.578160715,13.20667544
ADVANC,2025-02-11 00:00:00,247.5754547,284,285,280,284,11073400,282.8481048,282.3691952,5551650,51.13869474,-0.878240162,-0.617010348,-0.261229814,13.06341316
ADVANC,2025-02-13 00:00:00,265.0103455,304,307,286,287,28394300,284.862571,283.2174621,6578655,67.82027104,0.924350745,-0.30873813,1.233088875,14.49383704
ADVANC,2025-02-14 00:00:00,260.6516113,299,304,295,303,9535800,286.2089928,283.8363851,6741755,62.11118571,1.927242759,0.138458048,1.788784711,15.82208779
ADVANC,2025-02-17 00:00:00,258.0363464,296,305,295,305,7556700,287.1414697,284.3133896,6768480,58.90705477,2.451705245,0.601107487,1.850597757,17.15374913
ADVANC,2025-02-18 00:00:00,256.2928772,294,297,291,296,7869000,287.7946631,284.6932567,7041810,56.80324248,2.675125081,1.015911006,1.659214075,17.60868754
ADVANC,2025-02-19 00:00:00,257.1646118,295,298,292,295,8947300,288.4808856,285.0974427,7316285,57.61827142,2.899455437,1.392619892,1.506835545,18.14824746
ADVANC,2025-02-20 00:00:00,251.5992279,283,288,283,288,10032100,287.9588965,285.0151901,7619015,46.3232547,2.084905653,1.531077044,0.553828609,17.11112831
ADVANC,2025-02-21 00:00:00,254.2663269,286,289,280,282,8083300,287.772335,285.05381,7769415,49.01417477,1.662282254,1.557318086,0.104964168,16.06028448
ADVANC,2025-02-24 00:00:00,254.2663269,286,287,281,286,6039800,287.6035412,285.0909155,7903375,49.01417477,1.312223668,1.508299203,-0.196075535,15.08450092
ADVANC,2025-02-25 00:00:00,246.2649536,277,285,276,284,9041500,286.5936801,284.7736247,8214515,41.73466438,0.305058409,1.267651044,-0.962592635,14.88303479
ADVANC,2025-02-26 00:00:00,253.3772888,285,288,277,278,8128400,286.441901,284.7825022,8326875,48.98722819,0.150669008,1.044254637,-0.893585629,14.20436974
ADVANC,2025-02-27 00:00:00,249.821106,281,286,277,285,10390100,285.9236247,284.6341688,8580430,45.910109,-0.291096694,0.777184371,-1.068281065,13.57418077
ADVANC,2025-02-28 00:00:00,245.3759155,276,278,273,277,14586300,284.9785176,284.2955739,9201870,42.33069794,-1.032752481,0.415197,-1.447949481,13.57421467
ADVANC,2025-03-03 00:00:00,240.9306946,271,280,270,278,8261500,283.6472302,283.7741789,9378640,39.05179239,-2.00091297,-0.068024994,-1.932887976,13.97776599
ADVANC,2025-03-04 00:00:00,238.2635651,268,272,266,270,9743100,282.1570178,283.1555836,9624255,37.1903905,-2.975957079,-0.649611411,-2.326345669,14.84756451
ADVANC,2025-03-05 00:00:00,241.8197327,272,277,268,270,8877900,281.1896828,282.7181097,9843625,41.21383251,-3.386878167,-1.197064762,-2.189813405,14.72216815
ADVANC,2025-03-06 00:00:00,243.5978241,274,275,270,273,7640500,280.5049511,282.3762231,9928885,43.17391381,-3.510683827,-1.659788575,-1.850895252,14.60572868
ADVANC,2025-03-07 00:00:00,243.5978241,274,276,271,274,6830800,279.885432,282.0477438,10033460,43.17391381,-3.56767477,-2.041365814,-1.526308956,14.30814
ADVANC,2025-03-10 00:00:00,238.2635651,268,273,268,272,3706000,278.7534861,281.4968518,9730215,38.68601038,-4.05030101,-2.443152853,-1.607148157,14.48241738
ADVANC,2025-03-11 00:00:00,240.0416565,270,273,264,267,7579300,277.9198207,281.0459949,9615855,40.89164899,-4.222725546,-2.799067392,-1.423658154,15.19045465
ADVANC,2025-03-12 00:00:00,235.5964203,265,273,265,271,7319600,276.6893616,280.4167402,9428165,37.2809867,-4.708554164,-3.180964746,-1.527589418,15.84791783
ADVANC,2025-03-13 00:00:00,239.1526031,269,271,267,267,3267900,275.9570414,279.9690249,8171845,41.71487406,-4.716442066,-3.48806021,-1.228381856,16.45841936
ADVANC,2025-03-14 00:00:00,237.374527,267,271,267,269,3704700,275.1039899,279.4604357,7880290,40.18517503,-4.828417578,-3.756131684,-1.072285894,17.02531363
ADVANC,2025-03-17 00:00:00,230.2621765,259,269,259,268,8331600,273.5702766,278.6580657,7919035,34.70328504,-5.499299616,-4.10476527,-1.394534346,18.62171717
ADVANC,2025-03-18 00:00:00,233.8183441,263,267,260,263,6371200,272.5635836,278.0440239,7844145,39.17142513,-5.643161046,-4.412444425,-1.230716621,20.10409188
ADVANC,2025-03-19 00:00:00,236.4854736,266,268,262,264,6287100,271.9384804,277.5717092,7711135,42.35727911,-5.452247226,-4.620404986,-0.831842241,21.202612
ADVANC,2025-03-20 00:00:00,236.4854736,266,271,265,269,7067800,271.3729108,277.1179167,7562920,42.35727911,-5.240537,-4.744431389,-0.496105612,21.42191716
ADVANC,2025-03-21 00:00:00,238.2635651,268,268,261,266,10847800,271.0516812,276.7603513,7701145,44.60064962,-4.855401786,-4.766625468,-0.088776318,22.19997571
ADVANC,2025-03-24 00:00:00,243.5978241,274,275,266,267,4039200,271.3324735,276.6521023,7601115,50.78836419,-4.019692979,-4.61723897,0.597545991,21.34638403
ADVANC,2025-03-25 00:00:00,244.4868469,275,275,271,273,5286000,271.6817617,276.5873139,7413340,51.75554231,-3.239354821,-4.34166214,1.10230732,20.55376318
ADVANC,2025-03-26 00:00:00,241.8197327,272,278,272,276,3712200,271.7120701,276.4074193,7192530,48.66549088,-2.830379285,-4.039405569,1.209026284,19.21498318
ADVANC,2025-03-27 00:00:00,244.4868469,275,276,272,272,1950700,272.0252063,276.3522264,6770560,51.76676341,-2.238385583,-3.679201572,1.440815989,17.97183033
ADVANC,2025-03-28 00:00:00,242.7087708,273,275,272,274,1420300,272.1180438,276.2207665,6112260,49.61479855,-1.908608346,-3.325082927,1.416474581,16.81747411
ADVANC,2025-03-31 00:00:00,244.4868469,275,275,270,270,4151600,272.3925158,276.1728933,5906765,51.77379503,-1.468941184,-2.953854578,1.484913394,16.16578659
ADVANC,2025-04-01 00:00:00,249.821106,281,281,276,276,4856200,273.2122762,276.3621916,5662420,57.63826316,-0.629100062,-2.488903675,1.859803614,15.70907142
ADVANC,2025-04-02 00:00:00,246.2649536,277,282,277,282,3485000,273.5730118,276.3872037,5392775,53.0102085,-0.283023967,-2.047727734,1.764703766,15.46727582
ADVANC,2025-04-03 00:00:00,247.1539917,278,280,276,277,3730300,273.9946297,276.4504506,5197265,54.00453116,0.071115696,-1.623959048,1.695074743,15.00557985
ADVANC,2025-04-04 00:00:00,241.8197327,272,278,270,277,4825500,273.804665,276.2759231,5097000,47.50872407,-0.130867368,-1.325340712,1.194473344,14.53932452
ADVANC,2025-04-08 00:00:00,240.9306946,271,272,264,270,9973600,273.537554,276.0690242,5410380,46.50472473,-0.367396921,-1.133751954,0.766355033,15.06915884
ADVANC,2025-04-09 00:00:00,240.0416565,270,275,269,273,7425100,273.2006441,275.8310232,5402670,45.46989546,-0.628297318,-1.032661026,0.404363708,14.92108532
ADVANC,2025-04-10 00:00:00,248.9320679,280,280,273,275,6276400,273.8482018,275.9945125,5350510,56.01127953,-0.02782558,-0.831693937,0.803868357,13.86739825
ADVANC,2025-04-11 00:00:00,252.4882813,284,285,278,281,5060800,274.8150398,276.3084532,5440155,59.39277847,0.762034905,-0.512948169,1.274983074,13.68396267
ADVANC,2025-04-16 00:00:00,252.4882813,284,285,281,285,6199300,275.6897979,276.6100825,5564885,59.39277847,1.372187309,-0.135921073,1.508108382,13.51362963
ADVANC,2025-04-17 00:00:00,248.9320679,280,284,279,284,2478100,276.1002933,276.7430204,5272210,54.53114812,1.515501161,0.194363374,1.321137787,12.96451514
ADVANC,2025-04-18 00:00:00,250.7101593,282,283,278,280,2269700,276.6621701,276.9491765,5067135,56.45063356,1.770057584,0.509502216,1.260555368,12.25962807
ADVANC,2025-04-21 00:00:00,249.821106,281,283,279,282,1852500,277.0752968,277.1080323,4845405,55.19595416,1.869552701,0.781512313,1.088040388,11.60509008
ADVANC,2025-04-22 00:00:00,249.821106,281,283,279,280,6551300,277.4490781,277.2606585,4819580,55.19595416,1.926199271,1.010449704,0.915749567,10.9973048
ADVANC,2025-04-23 00:00:00,251.5992279,283,285,281,284,4082523,277.9777373,277.4857307,4481316.15,57.39254372,2.108173658,1.229994495,0.878179163,10.85195393
ADVANC,2025-04-24 00:00:00,248.9320679,280,283,279,283,3775100,278.1703337,277.5843295,4468111.15,53.18079502,1.987405174,1.381476631,0.605928543,10.24063401
ADVANC,2025-04-25 00:00:00,246.2649536,277,282,276,281,3989200,278.0588734,277.5614146,4403271.15,49.28574545,1.630821259,1.431345557,0.199475702,10.00273964
ADVANC,2025-04-28 00:00:00,247.1539917,278,279,276,276,3060400,278.0532664,277.5786141,4370681.15,50.58495962,1.412633619,1.427603169,-0.01496955,9.781837715
ADVANC,2025-04-29 00:00:00,252.4882813,284,284,278,279,4232600,278.619622,277.8304331,4484776.15,57.60308179,1.704222977,1.482927131,0.221295846,9.720868808
ADVANC,2025-04-30 00:00:00,262.2677307,295,295,283,285,11713100,280.179658,278.5037495,4999416.15,66.88792016,2.790747711,1.744491247,1.046256464,11.35431303
ADVANC,2025-05-02 00:00:00,262.2677307,295,300,292,300,4849400,281.5911191,279.1506613,5034306.15,66.88792016,3.610210135,2.117635024,1.492575111,13.41435579
ADVANC,2025-05-06 00:00:00,264.0458069,297,302,294,297,7672800,283.0586316,279.8506353,5175136.15,68.34951534,4.370641263,2.568236272,1.802404991,15.5252502
ADVANC,2025-05-07 00:00:00,270.2691345,304,309,300,305,13640800,285.0530476,280.7976692,5682926.15,72.86427644,5.475017318,3.149592481,2.325424837,18.09122772
ADVANC,2025-05-08 00:00:00,271.1581421,305,309,301,305,10332700,286.9527574,281.7467802,6013046.15,73.44698959,6.357647933,3.791203572,2.566444362,20.47392113
ADVANC,2025-05-09 00:00:00,269.3800659,303,309,300,306,7573200,288.4810662,282.5802398,6150431.15,70.20011213,6.817171658,4.396397189,2.420774469,22.42627914
ADVANC,2025-05-13 00:00:00,269.3800659,303,307,299,306,12389600,289.8638218,283.3810147,6271231.15,70.20011213,7.099508802,4.937019512,2.162489291,23.97266812
ADVANC,2025-05-14 00:00:00,268.4910278,302,303,298,301,9678100,291.0196483,284.111171,6383881.15,68.44551954,7.160034955,5.3816226,1.778412354,25.13623456
ADVANC,2025-05-15 00:00:00,263.1567688,296,302,294,302,7229500,291.4939675,284.5773996,6431536.15,58.92852176,6.647227411,5.634743562,1.012483848,25.19136619
ADVANC,2025-05-16 00:00:00,256.9335022,289,297,286,297,12026500,291.2564468,284.7508349,6779821.15,50.1648529,5.611298681,5.630054586,-0.018755905,23.61822395
ADVANC,2025-05-19 00:00:00,261.3786926,294,296,291,292,4286700,291.5177376,285.1135473,6684191.15,55.28064187,5.134587583,5.530961185,-0.396373603,22.15744902
ADVANC,2025-05-20 00:00:00,261.3786926,294,299,293,295,5305800,291.7541435,285.4620356,6825576.15,55.28064187,4.702582163,5.365285381,-0.662703218,21.30475228
ADVANC,2025-05-21 00:00:00,264.0458069,297,297,291,297,5936600,292.2537489,285.9145048,7008921.15,58.26209599,4.549841938,5.202196692,-0.652354755,20.12176125
ADVANC,2025-05-22 00:00:00,264.0458069,297,298,294,296,4690600,292.7057728,286.3492301,7150826.15,58.26209599,4.378323619,5.037422078,-0.659098458,19.20057655
ADVANC,2025-05-23 00:00:00,260.489624,293,296,292,296,2153700,292.7337944,286.6100446,6930946.15,52.81689928,3.874959426,4.804929547,-0.929970122,17.93816331
ADVANC,2025-05-26 00:00:00,261.3786926,294,295,291,294,1941600,292.8543855,286.8998468,6823900,53.97499903,3.516198768,4.547183391,-1.030984624,16.74955729
ADVANC,2025-05-27 00:00:00,259.6005859,292,294,290,294,3388300,292.7730154,287.0998528,6804560,51.26484593,3.035503679,4.244847449,-1.20934377,15.85093016
ADVANC,2025-05-28 00:00:00,256.0444336,288,294,287,292,5499900,292.3184425,287.1351527,6880095,46.26175948,2.305209764,3.856919912,-1.551710147,15.60451732
ADVANC,2025-05-29 00:00:00,255.1553802,287,291,285,291,5844100,291.8119242,287.1298526,7019280,45.07735121,1.626999891,3.410935908,-1.783936017,15.73919341
ADVANC,2025-05-30 00:00:00,254.2663269,286,291,284,287,28115200,291.2584076,287.0855446,8213410,43.86783912,0.99732549,2.928213824,-1.930888334,16.04301218
ADVANC,2025-06-04 00:00:00,260.489624,293,294,283,285,9004100,291.4242735,287.3174841,8077960,53.31157386,1.051029871,2.552777034,-1.501747163,15.56018531
ADVANC,2025-06-05 00:00:00,260.489624,293,295,291,295,4252800,291.5743427,287.5403278,8048130,53.31157386,1.081128405,2.258447308,-1.177318903,14.86952165
ADVANC,2025-06-06 00:00:00,257.8225098,290,295,289,293,3482000,291.4244053,287.6367856,7838590,49.1975389,0.853073086,1.977372463,-1.124299377,14.64948052
ADVANC,2025-06-09 00:00:00,256.9335022,289,292,288,291,2891700,291.1935096,287.690245,7301135,47.87140887,0.584903556,1.698878682,-1.113975126,14.65084626
ADVANC,2025-06-10 00:00:00,256.0444336,288,291,287,288,2263500,290.8893658,287.7023922,6897675,46.52096622,0.288361576,1.416775261,-1.128413685,14.85911767
ADVANC,2025-06-11 00:00:00,259.6005859,292,293,288,288,3821800,290.9951405,287.8709258,6710105,52.31553978,0.371830263,1.207786261,-0.835955998,14.48010305
ADVANC,2025-06-12 00:00:00,254.2663269,286,291,285,291,4361600,290.5194128,287.7975562,6308705,44.52270585,-0.045643902,0.957100229,-1.002744131,14.76896787
ADVANC,2025-06-13 00:00:00,252.4882813,284,286,282,284,3138900,289.8985164,287.6486324,5981745,42.26281947,-0.531748802,0.659330423,-1.191079224,15.59885445
ADVANC,2025-06-16 00:00:00,250.7101593,282,286,282,283,5020000,289.1462767,287.4271174,5871270,40.07236269,-1.066084563,0.314247425,-1.380331989,16.36946341
ADVANC,2025-06-17 00:00:00,250.7101593,282,285,280,284,6395700,288.4656789,287.2142893,5589730,40.07236269,-1.472574581,-0.043116976,-1.429457605,17.45013326
ADVANC,2025-06-18 00:00:00,247.1539917,278,282,277,281,6284400,287.4689476,286.8529446,5689615,35.77187872,-2.093356508,-0.453164882,-1.640191626,18.94709094
ADVANC,2025-06-19 00:00:00,239.1526031,269,277,267,275,10192800,285.7100002,286.1528291,5933965,28.3894864,-3.273816918,-1.01729529,-2.256521629,21.50654183
ADVANC,2025-06-20 00:00:00,239.1526031,269,275,267,275,9465700,284.1185716,285.4801692,6110420,28.3894864,-4.161370608,-1.646110353,-2.515260255,23.8831748
ADVANC,2025-06-23 00:00:00,243.5978241,274,276,267,267,8184300,283.1548981,285.0299665,6285105,36.79396508,-4.410464005,-2.198981084,-2.211482921,25.75942075
ADVANC,2025-06-24 00:00:00,247.1539917,278,279,274,277,10748600,282.6639555,284.7542815,6714850,42.59806881,-4.236272632,-2.606439393,-1.629833239,26.556711
ADVANC,2025-06-25 00:00:00,248.0430603,279,280,276,276,7153800,282.3150073,284.5286234,6975460,43.98297809,-3.971749219,-2.879501358,-1.09224786,26.99721285
ADVANC,2025-06-26 00:00:00,250.7101593,282,283,279,280,7504300,282.2850066,284.4294617,7181260,48.03361459,-3.479923192,-2.999585725,-0.480337467,26.55186429
ADVANC,2025-06-27 00:00:00,240.0416565,270,281,269,280,12249800,281.115006,283.8636005,7518755,36.62514714,-4.012197122,-3.202108005,-0.810089118,27.52180075
ADVANC,2025-06-30 00:00:00,247.1539917,278,280,274,277,14996600,280.8183388,283.6336553,7976380,45.85752494,-3.745321175,-3.310750639,-0.434570537,28.42245604
ADVANC,2025-07-01 00:00:00,251.5992279,283,284,275,279,8460600,281.026116,283.6088061,6993650,50.69229773,-3.094688212,-3.267538153,0.172849942,28.23935825
ADVANC,2025-07-02 00:00:00,249.821106,281,286,278,284,7904600,281.0236288,283.5065,6938675,48.81457214,-2.709210098,-3.155872542,0.446662444,27.60195721
ADVANC,2025-07-03 00:00:00,248.9320679,280,282,278,281,5224700,280.9261403,283.3689902,6987270,47.85998108,-2.456095222,-3.015917078,0.559821856,27.01008481
ADVANC,2025-07-04 00:00:00,248.0430603,279,281,277,281,3052700,280.7426984,283.1976572,6965805,46.87285203,-2.309568237,-2.87464731,0.565079073,26.62915043
ADVANC,2025-07-07 00:00:00,255.1553802,287,287,280,281,6427600,281.3386319,283.3467687,7142600,54.88888735,-1.530271388,-2.605772125,1.075500738,24.8932822
ADVANC,2025-07-08 00:00:00,252.4882813,284,288,284,287,4605000,281.5920955,283.3723856,7259675,51.73638683,-1.141588428,-2.312935386,1.171346958,23.15181295
ADVANC,2025-07-09 00:00:00,252.4882813,284,285,282,284,5072600,281.8214197,283.396998,7322215,51.73638683,-0.824055186,-2.015159346,1.19110416,21.86641845
ADVANC,2025-07-11 00:00:00,254.2663269,286,288,284,285,3314900,282.2193798,283.4990765,7269880,53.78848917,-0.406340479,-1.693395573,1.287055093,20.56341722
ADVANC,2025-07-14 00:00:00,256.0444336,288,290,286,287,4414600,282.769915,283.6755833,7333665,55.81183372,0.085103698,-1.337695719,1.422799417,19.74283796
ADVANC,2025-07-15 00:00:00,258.7115479,291,292,287,288,2947900,283.5537326,283.9628153,7230060,58.73075351,0.708484707,-0.928459633,1.63694434,19.35374515
ADVANC,2025-07-16 00:00:00,256.9335022,289,291,288,290,3225200,284.0724248,284.160352,7071535,56.07154654,1.029270572,-0.536913592,1.566184164,18.99244469
ADVANC,2025-07-17 00:00:00,259.6005859,292,293,289,291,6117200,284.8274319,284.4677891,7063175,59.06554467,1.508185188,-0.127893836,1.636079025,19.03912187
ADVANC,2025-07-18 00:00:00,261.3786926,294,296,292,292,4406300,285.7010098,284.8416013,6773850,60.975136,2.025760057,0.302836942,1.722923115,19.60825346
ADVANC,2025-07-21 00:00:00,260.489624,293,295,291,294,2738500,286.3961518,285.1615385,6437490,59.48101934,2.328409768,0.707951508,1.620458261,19.84790282
ADVANC,2025-07-22 00:00:00,259.6005859,292,296,291,294,4558000,286.9298516,285.4297135,6256175,57.95175348,2.459221824,1.058205571,1.401016253,20.25284738
ADVANC,2025-07-23 00:00:00,264.0458069,297,298,294,294,3003800,287.8889134,285.8834502,5868935,63.06500674,2.932544981,1.433073453,1.499471528,20.98341749
ADVANC,2025-07-24 00:00:00,261.3786926,294,297,294,295,2991000,288.4709216,286.2017463,5660795,58.47066416,3.030646656,1.752588094,1.278058563,21.66180402
ADVANC,2025-07-25 00:00:00,260.489624,293,297,291,294,5407000,288.9022624,286.4683445,5555930,56.98053177,2.99319758,2.000709991,0.992487589,21.32347842
ADVANC,2025-07-29 00:00:00,259.6005859,292,295,288,294,5599800,289.197285,286.6852721,5223430,55.45844572,2.849974542,2.170562901,0.679411641,20.16893422
ADVANC,2025-07-30 00:00:00,256.0444336,288,293,287,291,5390200,289.0832579,286.7368301,4743110,49.73544985,2.386196099,2.213689541,0.172506558,18.8349953
ADVANC,2025-07-31 00:00:00,258.7115479,291,291,285,285,6140500,289.2658048,286.9040132,4627105,53.6026353,2.234960041,2.217943641,0.0170164,17.88926876
ADVANC,2025-08-01 00:00:00,256.0444336,288,292,287,292,3924100,289.1452519,286.9469931,4428080,49.50121967,1.851684382,2.144691789,-0.293007407,16.73771968
ADVANC,2025-08-04 00:00:00,257.8225098,290,290,287,289,3614300,289.2266565,287.0667189,4347560,52.13086194,1.689839529,2.053721337,-0.363881808,15.6684241
ADVANC,2025-08-05 00:00:00,262.2677307,295,296,289,291,8272700,289.7764987,287.3778279,4608560,58.01680388,1.942640974,2.031505264,-0.08886429,15.8870854
ADVANC,2025-08-06 00:00:00,263.1567688,296,297,293,297,3374800,290.3692131,287.7159523,4455920,59.09997876,2.198338505,2.064871913,0.133466593,16.29266336
ADVANC,2025-08-07 00:00:00,264.934845,298,305,297,303,9431900,291.0959547,288.1192483,4697265,61.25312929,2.533163198,2.15853017,0.374633028,17.96410125
ADVANC,2025-08-08 00:00:00,264.0458069,297,302,295,301,7285300,291.6582448,288.4675131,4807900,59.56465603,2.6868502,2.264194176,0.422656024,18.93164814
ADVANC,2025-08-13 00:00:00,267.6019897,301,302,298,299,5196200,292.5479357,288.9589832,4901965,63.85647227,3.095729187,2.430501178,0.665228009,19.83008454
ADVANC,2025-08-14 00:00:00,266.7129517,300,302,299,302,3116700,293.2576562,289.3919642,4837070,62.08239262,3.301024928,2.604605928,0.696419,20.66434691
ADVANC,2025-08-15 00:00:00,264.934845,298,301,298,300,3502300,293.7093079,289.7295342,4864790,58.57720311,3.264706492,2.736626041,0.528080451,21.10751349
ADVANC,2025-08-18 00:00:00,261.3786926,294,299,294,299,5183200,293.7369929,289.8970035,4962690,52.22614996,2.879958925,2.765292617,0.114666307,20.32319008
ADVANC,2025-08-19 00:00:00,264.0096741,290,291,286,287,8790700,293.3810888,289.9010426,5096365,46.76569091,2.22661016,2.657556126,-0.430945966,19.88912161
ADVANC,2025-08-20 00:00:00,265.8304443,292,293,288,290,3451600,293.2495565,289.9833546,5048630,49.60296206,1.848896909,2.495824283,-0.646927374,19.02715444
ADVANC,2025-08-21 00:00:00,264.9200439,291,293,290,293,3219800,293.0353131,290.0232231,5072695,48.21913034,1.452125594,2.287084545,-0.834958951,18.22675636
ADVANC,2025-08-22 00:00:00,264.9200439,291,294,291,292,2319500,292.8414737,290.061528,4960770,48.21913034,1.124716437,2.054610923,-0.929894486,17.24031564
ADVANC,2025-08-25 00:00:00,264.9200439,291,296,290,293,4350800,292.6660953,290.0983309,5028120,48.21913034,0.85538201,1.814765141,-0.959383131,16.16838819
ADVANC,2025-08-26 00:00:00,271.2926941,298,304,291,291,14602600,293.1740862,290.4082002,5608700,58.37246038,1.193021624,1.690416437,-0.497394813,16.6764058
ADVANC,2025-08-27 00:00:00,272.2030945,299,300,297,298,3658800,293.7289351,290.7451336,5521290,59.59144745,1.523730477,1.657079245,-0.133348768,17.14813644
ADVANC,2025-08-28 00:00:00,272.2030945,299,301,297,299,5007700,294.2309413,291.0688538,5491685,59.59144745,1.765468405,1.678757077,0.086711328,17.75202189
ADVANC,2025-08-29 00:00:00,267.6511841,294,299,292,298,8879300,294.2089469,291.1838007,5666140,50.94122777,1.53588452,1.650182566,-0.114298046,17.05559465
ADVANC,2025-09-01 00:00:00,272.2030945,299,299,292,294,4584300,294.6652377,291.4903183,5588330,57.57353629,1.737368548,1.667619762,0.069748786,16.40891221
ADVANC,2025-09-02 00:00:00,273.1134338,300,300,297,299,3292600,295.1733103,291.8240314,5556755,58.77395941,1.955199412,1.725135692,0.23006372,16.01528519
ADVANC,2025-09-03 00:00:00,271.2926941,298,302,296,300,5270500,295.4425188,292.0662262,5639565,55.39793358,1.944038985,1.768916351,0.175122634,16.05390029
ADVANC,2025-09-04 00:00:00,265.8304443,292,298,292,298,5349300,295.1146599,292.0636291,5493395,46.72651516,1.434508291,1.702034739,-0.267526447,15.08812467
ADVANC,2025-09-05 00:00:00,266.7408142,293,294,290,292,6021100,294.9132637,292.1003495,5625710,48.1823357,1.098727739,1.581373339,-0.4826456,14.27505623
ADVANC,2025-09-08 00:00:00,264.0096741,290,295,290,294,4366500,294.4453338,292.0179829,5372440,44.27350732,0.583814454,1.381861562,-0.798047108,13.28508815
ADVANC,2025-09-09 00:00:00,264.0096741,290,293,290,291,4023000,294.0219687,291.9388463,5209325,44.27350732,0.173739209,1.140237091,-0.966497882,12.36583206
ADVANC,2025-09-10 00:00:00,264.0096741,290,292,288,290,5141500,293.6389241,291.8628131,5206590,44.27350732,-0.149524749,0.882284723,-1.031809472,11.99974359
ADVANC,2025-09-11 00:00:00,266.7408142,293,293,290,291,4255700,293.5780742,291.9074087,5263540,49.40046068,-0.161774006,0.673472977,-0.835246984,11.38718031
ADVANC,2025-09-12 00:00:00,265.8304443,292,294,290,293,5964500,293.4277814,291.9110397,5386650,47.82110238,-0.249299505,0.488918481,-0.738217986,10.60194307
ADVANC,2025-09-15 00:00:00,268.561554,295,295,290,292,3247200,293.5775165,292.0321754,5289850,52.70606309,-0.075716353,0.375991514,-0.451707868,10.14481094
ADVANC,2025-09-16 00:00:00,266.7408142,293,297,292,296,4134500,293.5225149,292.0701293,5057040,49.38659367,-0.098399453,0.281113321,-0.379512774,10.24094211
ADVANC,2025-09-17 00:00:00,270.3823242,297,298,292,293,5347000,293.853704,292.2634576,5151810,55.43225033,0.204038568,0.26569837,-0.061659802,10.57901457
ADVANC,2025-09-18 00:00:00,266.7408142,293,297,292,296,4605900,293.7723988,292.2923416,5221115,49.11437285,0.119577888,0.236474274,-0.116896386,10.892939
ADVANC,2025-09-19 00:00:00,267.6511841,294,295,292,293,5815100,293.7940751,292.3593086,5395895,50.62933696,0.13181436,0.215542291,-0.083727931,11.18444025
ADVANC,2025-09-22 00:00:00,265.8304443,292,294,291,294,2388400,293.6232108,292.3452181,5297775,47.57840997,-0.019644978,0.168504837,-0.188149815,11.07036062
ADVANC,2025-09-23 00:00:00,262.1889343,288,292,288,292,5402900,293.0876669,292.1748173,4837790,42.11258018,-0.457174147,0.04336904,-0.500543187,10.62387755
ADVANC,2025-09-24 00:00:00,265.8304443,292,295,288,288,7583400,292.9840796,292.1679618,5034020,48.48578595,-0.475669374,-0.060438642,-0.415230731,10.44932043
ADVANC,2025-09-25 00:00:00,264.9200439,291,294,291,293,4330400,292.7951197,292.1221593,5000155,47.08997407,-0.564511282,-0.16125317,-0.403258112,10.28723168
ADVANC,2025-09-26 00:00:00,264.0096741,290,293,290,290,4059400,292.5289178,292.0389374,4759160,45.67396558,-0.707455669,-0.27049367,-0.436961999,9.7831965
ADVANC,2025-09-29 00:00:00,266.7408142,293,295,291,291,4329500,292.5737828,292.0766261,4746420,50.48441101,-0.572070722,-0.330809081,-0.241261642,9.935186972
ADVANC,2025-09-30 00:00:00,264.9200439,291,294,290,294,6900300,292.4238987,292.0344055,4926805,47.46681692,-0.61902473,-0.388452211,-0.23057252,9.708011996
ADVANC,2025-10-01 00:00:00,265.8304443,292,295,290,291,5256200,292.3835274,292.0330563,4926090,49.10489365,-0.568985566,-0.424558882,-0.144426684,9.811924811
ADVANC,2025-10-02 00:00:00,265.8304443,292,295,292,293,5268700,292.347001,292.0317599,4922060,49.10489365,-0.523296926,-0.44430649,-0.078990436,9.908415282
ADVANC,2025-10-03 00:00:00,264.9200439,291,293,291,292,2463000,292.2187152,291.9912988,4744155,47.39106895,-0.561309565,-0.467707105,-0.09360246,9.585308383
ADVANC,2025-10-06 00:00:00,264.9200439,291,294,291,293,3008500,292.102647,291.9524243,4676255,47.39106895,-0.584694858,-0.491104656,-0.093590202,9.643518795
ADVANC,2025-10-07 00:00:00,264.9200439,291,291,291,291,0,291.997633,291.9150743,4475105,47.39106895,-0.596353478,-0.51215442,-0.084199058,9.697571321
ADVANC,2025-10-08 00:00:00,265.8304443,292,293,291,292,3114200,291.9978585,291.9184048,4373740,49.58854866,-0.518919595,-0.513507455,-0.005412139,10.44850175
ADVANC,2025-10-09 00:00:00,271.2926941,298,298,292,292,6080900,292.569491,292.1568987,4465000,60.30278784,0.02629407,-0.40554715,0.43184122,12.44333913
ADVANC,2025-10-10 00:00:00,268.561554,295,299,295,298,4809000,292.800968,292.2683929,4407225,54.11027948,0.213839887,-0.281669743,0.49550963,14.50144271
ADVANC,2025-10-14 00:00:00,269.4719238,296,299,294,295,5203000,293.1056378,292.4147304,4505015,55.74177771,0.43811265,-0.137713264,0.575825914,15.92896227
ADVANC,2025-10-15 00:00:00,271.2926941,298,298,296,297,6043300,293.5717675,292.6337606,4600455,58.88978426,0.768376352,0.043504659,0.724871693,17.25451614
ADVANC,2025-10-16 00:00:00,270.3823242,297,300,296,299,2883600,293.8982658,292.8049856,4477285,56.71751554,0.938601459,0.222524019,0.71607744,18.95355871
ADVANC,2025-10-17 00:00:00,270.3823242,297,298,295,296,2149100,294.1936691,292.969496,4354445,56.71751554,1.061272396,0.390273694,0.670998701,20.01626384
ADVANC,2025-10-20 00:00:00,272.2030945,299,300,297,298,2702500,294.6514149,293.2059864,4198815,60.1289036,1.304831991,0.573185354,0.731646637,21.47181749
ADVANC,2025-10-21 00:00:00,272.2030945,299,300,298,299,3471200,295.0655658,293.4332026,4252955,60.1289036,1.480785155,0.754705314,0.726079841,22.82340303
ADVANC,2025-10-22 00:00:00,275.8446045,303,306,297,299,7875600,295.8212262,293.8083711,4376590,66.29142811,1.920853473,0.987934946,0.932918527,25.17071433
ADVANC,2025-10-24 00:00:00,280.3964844,308,313,303,304,8735100,296.9811095,294.3649056,4434175,72.09701184,2.642606674,1.318869291,1.323737383,28.12192921
ADVANC,2025-10-27 00:00:00,282.2172241,310,316,309,311,8301400,298.2210038,294.9780465,4632725,74.02417945,3.337511812,1.722597796,1.614914017,31.1044134
ADVANC,2025-10-28 00:00:00,277.6653442,305,312,303,311,10845600,298.8666225,295.3710643,4972035,62.41768375,3.445058438,2.067089924,1.377968514,31.7036308
ADVANC,2025-10-29 00:00:00,280.3964844,308,310,304,305,4626600,299.736468,295.8663167,4986890,65.87497831,3.72937493,2.399546925,1.329828005,32.26004696
ADVANC,2025-10-30 00:00:00,277.6653442,305,307,303,305,5450500,300.2377567,296.2245004,4914400,59.93707566,3.670313777,2.653700296,1.016613481,32.44376544
ADVANC,2025-10-31 00:00:00,274.9342041,302,305,301,305,5191900,300.4055894,296.4509905,4911185,54.63363885,3.342897617,2.79153976,0.551357857,31.96773406
ADVANC,2025-11-03 00:00:00,274.9342041,302,306,300,304,5141200,300.557438,296.6685988,4904810,54.63363885,3.048279286,2.842887665,0.20539162,31.52570492
ADVANC,2025-11-04 00:00:00,275.8446045,303,305,298,301,11393500,300.790063,296.916889,5351335,56.13414093,2.862486812,2.846807494,0.015679317,30.46620593
ADVANC,2025-11-05 00:00:00,284.9483643,313,315,301,302,10900300,301.9529141,297.5475992,5745925,67.65518835,3.482022773,2.97385055,0.508172223,31.14886708
ADVANC,2025-11-06 00:00:00,285.8587646,314,320,313,314,7903500,303.1002556,298.1927914,6141100,68.54488366,4.007505104,3.180581461,0.826923643,32.34414284
ADVANC,2025-11-07 00:00:00,286.769104,315,317,312,313,3580000,304.2335646,298.8518976,6164390,69.44985462,4.453310291,3.435127227,1.018183064,33.16409582
ADVANC,2025-11-10 00:00:00,287.6795044,316,319,312,316,5557300,305.3541775,299.5243722,6138210,70.36795395,4.831609964,3.714423774,1.11718619,34.14946806
ADVANC,2025-11-11 00:00:00,287.6795044,316,319,315,316,4453400,306.3680654,300.1704753,6120430,70.36795395,5.072937515,3.986126523,1.086810992,35.06445657
ADVANC,2025-11-12 00:00:00,286.769104,315,319,314,318,6636300,307.1901544,300.7520253,6192095,67.99798952,5.124428473,4.213786913,0.910641561,35.58495688
ADVANC,2025-11-13 00:00:00,288.5898743,317,318,315,317,3186900,308.1244254,301.3892008,6049275,70.16242715,5.265916506,4.424212831,0.841703675,36.06827859
ADVANC,2025-11-14 00:00:00,281.3068542,309,316,308,315,7420500,308.2078135,301.6876635,6276120,54.33269025,4.678581871,4.475086639,0.203495232,34.45400151
ADVANC,2025-11-17 00:00:00,285.8587646,314,314,309,310,3849700,308.7594503,302.1705002,6361150,60.35330434,4.563962635,4.492861838,0.071100796,32.95502993
ADVANC,2025-11-18 00:00:00,287.6795044,316,319,312,313,4932900,309.4490264,302.7128335,6472670,62.4838846,4.581694428,4.510628356,0.071066071,32.45252502
ADVANC,2025-11-19 00:00:00,284.9483643,313,317,312,316,5091100,309.7872144,303.1162518,6553665,57.49295466,4.304057577,4.4693142,-0.165256624,31.98591332
ADVANC,2025-11-20 00:00:00,286.769104,315,317,313,314,4226100,310.2836702,303.5822812,6371190,59.79837683,4.197030898,4.41485754,-0.217826642,31.55263103
ADVANC,2025-11-21 00:00:00,284.0379944,312,315,310,314,4347800,310.4471302,303.9123878,6151825,54.98133141,3.826032435,4.297092519,-0.471060084,30.27481718
ADVANC,2025-11-24 00:00:00,283.127594,311,314,310,313,8389100,310.4997844,304.1903334,6156210,53.43611383,3.411990536,4.120072122,-0.708081587,29.08827574
ADVANC,2025-11-25 00:00:00,286.769104,315,315,311,312,3882700,310.9283764,304.6142419,5808065,58.46460207,3.36780397,3.969618492,-0.601814522,28.21012927
ADVANC,2025-11-26 00:00:00,281.3068542,309,315,308,315,4659300,310.7447215,304.7862324,5809700,49.78052559,2.816172854,3.738929364,-0.92275651,26.51978771
ADVANC,2025-11-27 00:00:00,276.7549744,304,309,303,309,5959000,310.1023671,304.7553997,5835125,43.92523834,1.953029697,3.381749431,-1.428719734,25.48384046
ADVANC,2025-11-28 00:00:00,279.4861145,307,309,305,307,4590600,309.8069035,304.8434233,5805060,47.88600306,1.493837426,3.00416703,-1.510329603,24.52188944
ADVANC,2025-12-01 00:00:00,284.9483643,313,313,306,306,4910700,310.111008,305.163289,5793535,54.76741691,1.595680093,2.722469643,-1.12678955,22.93732768
ADVANC,2025-12-02 00:00:00,284.0379944,312,313,309,313,4179100,310.290912,305.4313953,5432815,53.49945535,1.577514887,2.493478691,-0.915963804,21.46594891
ADVANC,2025-12-03 00:00:00,280.3964844,308,313,308,312,2857400,310.0727299,305.5321249,5030670,48.64778204,1.226217192,2.240026392,-1.0138092,20.02753295
ADVANC,2025-12-04 00:00:00,278.5757141,306,310,305,308,4840400,309.6848508,305.550473,4877515,46.38285433,0.77746581,1.947514275,-1.170048465,19.4229697
ADVANC,2025-12-08 00:00:00,277.6653442,305,309,304,307,4095000,309.2386746,305.5288858,4903265,45.24849632,0.337247881,1.625460996,-1.288213116,19.08836949
ADVANC,2025-12-09 00:00:00,282.2172241,310,310,304,305,3651100,309.3111817,305.7042236,4807955,51.61962774,0.387364912,1.377841779,-0.990476868,18.47260344
ADVANC,2025-12-11 00:00:00,282.2172241,310,311,307,311,3877300,309.3767835,305.8726854,4779150,51.61962774,0.422215977,1.186716619,-0.764500642,17.59670799
ADVANC,2025-12-12 00:00:00,277.6653442,305,309,304,308,5303600,308.959947,305.8384625,4712515,45.48164026,0.045848966,0.958543088,-0.912694123,17.52519055
ADVANC,2025-12-15 00:00:00,282.2172241,310,311,304,307,4407500,309.0589996,306.00166,4773545,51.67046811,0.14931243,0.796696957,-0.647384527,16.84545495
ADVANC,2025-12-16 00:00:00,282.2172241,310,314,309,310,3152600,309.1486187,306.1584577,4560150,51.67046811,0.228671983,0.683091962,-0.454419979,15.89036303
ADVANC,2025-12-17 00:00:00,282.2172241,310,312,309,310,3262100,309.2297026,306.3091064,4530770,51.67046811,0.288242322,0.604122034,-0.315879712,15.00349197
ADVANC,2025-12-18 00:00:00,282.2172241,310,314,309,312,3738400,309.3030643,306.4538473,4471045,51.67046811,0.331629427,0.549623513,-0.217994085,14.70367043
ADVANC,2025-12-19 00:00:00,281.3068542,309,312,309,311,4029000,309.274201,306.5536964,4417940,50.13933509,0.282070841,0.496112978,-0.214042137,14.42526472
ADVANC,2025-12-22 00:00:00,284.9483643,313,313,309,310,2869900,309.629039,306.8064927,4350130,55.78349848,0.559116726,0.508713728,0.050402998,14.43552436
ADVANC,2025-12-23 00:00:00,285.8587646,314,314,312,313,2389000,310.045321,307.088591,4252190,57.09121152,0.849575846,0.576886152,0.272689695,14.71024562
ADVANC,2025-12-24 00:00:00,285.8587646,314,318,312,315,3547500,310.4219571,307.3596266,4010110,57.09121152,1.067461757,0.675001273,0.392460485,15.88576502
ADVANC,2025-12-25 00:00:00,285.8587646,314,314,312,314,995800,310.7627231,307.6200334,3865765,57.09121152,1.226005286,0.785202075,0.440803211,16.97731874
ADVANC,2025-12-26 00:00:00,285.8587646,314,314,311,312,1181400,311.0710352,307.8702282,3691870,57.09121152,1.336248731,0.895411407,0.440837324,17.58127867
ADVANC,2025-12-29 00:00:00,284.0379944,312,314,310,313,3097600,311.159508,308.03218,3548800,52.88375989,1.247849735,0.965899072,0.281950663,17.73921928
ADVANC,2025-12-30 00:00:00,284.9483643,313,314,312,312,2727900,311.334793,308.2269965,3455665,54.68210998,1.244142833,1.021547824,0.222595008,17.88587841
CCET,2023-02-08 00:00:00,1.961851597,2.239262104,2.294326067,2.220906973,2.294326067,9788820,2.211726615,2.173851365,5558352.15,55.56183946,0.034661022,0.02572873,0.008932292,15.64668134
CCET,2023-02-09 00:00:00,1.961851597,2.239262104,2.275970936,2.220906973,2.239262104,5393739,2.214349042,2.176416492,5733512.45,55.56183946,0.03246734,0.027076452,0.005390888,14.83804383
CCET,2023-02-10 00:00:00,1.961851597,2.239262104,2.257616997,2.202553034,2.239262104,2818474,2.216721715,2.178881026,5827548.8,55.56183946,0.030378645,0.027736891,0.002641755,13.87001655
CCET,2023-02-13 00:00:00,1.929689884,2.202553034,2.257616997,2.184197903,2.257616997,4108504,2.215372317,2.17980934,5944936.2,49.80939979,0.02546765,0.027283042,-0.001815393,13.35722516
CCET,2023-02-14 00:00:00,1.897528648,2.165843964,2.257616997,2.165843964,2.202553034,3205080,2.210655331,2.179261678,6047286.5,44.81292777,0.018401415,0.025506717,-0.007105302,13.2521765
CCET,2023-02-15 00:00:00,1.849286318,2.110780001,2.202553034,2.110780001,2.184197903,5159248,2.201143394,2.176576122,6160391.6,38.56390734,0.008262921,0.022057958,-0.013795036,14.11426101
CCET,2023-02-16 00:00:00,1.881447792,2.147489071,2.165843964,2.110780001,2.110780001,2291958,2.196033459,2.175435453,6248587.45,44.15484594,0.003153852,0.018277137,-0.015123285,14.91476806
CCET,2023-02-17 00:00:00,1.881447792,2.147489071,2.165843964,2.110780001,2.147489071,2234642,2.191410184,2.174339517,6308523.35,44.15484594,-0.000884922,0.014444725,-0.015329647,15.65809604
CCET,2023-02-20 00:00:00,1.881447792,2.147489071,2.184197903,2.147489071,2.165843964,928921,2.187227221,2.173286558,6268931.1,44.15484594,-0.004039119,0.010747956,-0.014787075,15.81404171
CCET,2023-02-21 00:00:00,1.881447792,2.147489071,2.184197903,2.12913394,2.165843964,1407929,2.183442635,2.172274892,6156534.25,44.15484594,-0.006464326,0.0073055,-0.013769825,16.31330196
CCET,2023-02-22 00:00:00,1.881447792,2.147489071,2.165843964,2.12913394,2.147489071,565307,2.180018486,2.171302899,6128889.95,44.15484594,-0.008290749,0.00418625,-0.012476999,16.77690076
CCET,2023-02-23 00:00:00,1.881447792,2.147489071,2.165843964,2.12913394,2.147489071,723959,2.176920446,2.170369023,6129723.5,44.15484594,-0.009627226,0.001423555,-0.011050781,17.20738536
CCET,2023-02-24 00:00:00,1.801043749,2.055716038,2.147489071,2.055716038,2.147489071,4977059,2.165377169,2.165872828,6363049.05,32.5889102,-0.017885537,-0.002438264,-0.015447274,18.88525654
CCET,2023-02-27 00:00:00,1.849286318,2.110780001,2.147489071,2.092425108,2.092425108,4006622,2.160177439,2.163712325,6492308.1,42.34693397,-0.019759333,-0.005902477,-0.013856856,20.44327977
CCET,2023-02-28 00:00:00,1.833205342,2.092425108,2.12913394,2.092425108,2.12913394,1658547,2.153724836,2.160916748,6260257.4,40.25513071,-0.022466437,-0.009215269,-0.013251168,21.89001564
CCET,2023-03-01 00:00:00,1.833205342,2.092425108,2.12913394,2.092425108,2.110780001,930338,2.147886767,2.158230801,6164908.05,40.25513071,-0.02433136,-0.012238488,-0.012092873,23.23341323
CCET,2023-03-02 00:00:00,1.817124844,2.07407093,2.12913394,2.07407093,2.092425108,2415523,2.140856687,2.154930414,4187579.3,38.07400894,-0.026979353,-0.015186661,-0.011792692,24.78714073
CCET,2023-03-03 00:00:00,1.817124844,2.07407093,2.110780001,2.07407093,2.110780001,732894,2.134496139,2.151759454,3236679.25,38.07400894,-0.028746534,-0.017898635,-0.010847898,26.22988771
CCET,2023-03-07 00:00:00,1.849286318,2.110780001,2.110780001,2.07407093,2.092425108,731587,2.132237459,2.150152416,2912913.2,44.98793094,-0.026875122,-0.019693933,-0.00718119,27.56958132
CCET,2023-03-08 00:00:00,1.849286318,2.110780001,2.12913394,2.092425108,2.110780001,658036,2.130193892,2.1486084,2736859.35,44.98793094,-0.025102648,-0.020775676,-0.004326972,27.95579533
CCET,2023-03-09 00:00:00,1.833205342,2.092425108,2.12913394,2.092425108,2.110780001,1300054,2.126596865,2.146405134,2312421.05,42.2523462,-0.024892095,-0.021598959,-0.003293135,28.31442263
CCET,2023-03-10 00:00:00,1.849286318,2.110780001,2.110780001,2.07407093,2.092425108,1137697,2.125090497,2.14500807,2099618.95,45.80150985,-0.022979253,-0.021875018,-0.001104235,29.06701936
CCET,2023-03-13 00:00:00,1.752801657,2.000652075,2.110780001,2.000652075,2.110780001,2081220,2.113239218,2.13934705,2062756.25,32.78279852,-0.03000385,-0.023500784,-0.006503065,30.96296799
CCET,2023-03-14 00:00:00,1.736721158,1.982298017,2.055716038,1.927234054,2.000652075,3466158,2.100768628,2.133188265,2030638.95,31.19152742,-0.036629668,-0.026126561,-0.010503107,33.44606652
CCET,2023-03-15 00:00:00,1.784962654,2.037360907,2.07407093,2.000652075,2.000652075,1157529,2.094729797,2.129430329,1928261.4,40.51944577,-0.037010923,-0.028303434,-0.00870749,35.06747237
CCET,2023-03-16 00:00:00,1.817124844,2.07407093,2.07407093,2.000652075,2.037360907,3107992,2.092762286,2.127259372,1825698.6,45.79527038,-0.033959415,-0.02943463,-0.004524785,36.57306352
CCET,2023-03-17 00:00:00,1.854964852,2.10772109,2.127604961,2.087836981,2.087836981,3052580,2.094186934,2.126493165,1863729.7,50.15929015,-0.028497288,-0.029247161,0.000749874,36.14686197
CCET,2023-03-20 00:00:00,1.837465405,2.087836981,2.10772109,2.087836981,2.10772109,255278,2.093582177,2.124977236,1764761.5,47.7147034,-0.025479284,-0.028493586,0.003014302,35.75110338
CCET,2023-03-21 00:00:00,1.837465405,2.087836981,2.127604961,2.087836981,2.087836981,818842,2.093035015,2.123520756,1759257.55,47.7147034,-0.02282439,-0.027359747,0.004535357,34.76958345
CCET,2023-03-22 00:00:00,1.872464418,2.127604961,2.127604961,2.087836981,2.127604961,859478,2.096327391,2.123680921,1731835,53.02498726,-0.017311862,-0.02535017,0.008038307,33.85817208
CCET,2023-03-23 00:00:00,1.872464418,2.127604961,2.127604961,2.10772109,2.127604961,282838,2.099306207,2.123834805,1717711.55,53.02498726,-0.012795645,-0.022839265,0.01004362,33.01186152
CCET,2023-03-24 00:00:00,1.872464418,2.127604961,2.147489071,2.10772109,2.127604961,371250,2.102001327,2.123982654,1700076.1,53.02498726,-0.009111478,-0.020093708,0.010982229,31.56398501
CCET,2023-03-27 00:00:00,1.854964852,2.10772109,2.147489071,2.10772109,2.10772109,437634,2.102546066,2.123344945,1473104.85,49.86246661,-0.007707366,-0.017616439,0.009909073,30.21952826
CCET,2023-03-28 00:00:00,1.872464418,2.127604961,2.147489071,2.127604961,2.127604961,209513,2.104932627,2.123512005,1283249.4,52.88843909,-0.004933267,-0.015079805,0.010146538,28.97110412
CCET,2023-03-29 00:00:00,1.872464418,2.127604961,2.147489071,2.087836981,2.147489071,1255270,2.107091897,2.123672513,1263085.55,52.88843909,-0.002703608,-0.012604566,0.009900957,28.80590004
CCET,2023-03-30 00:00:00,1.872464418,2.127604961,2.167372942,2.127604961,2.127604961,299233,2.109045523,2.123826727,1231530.3,52.88843909,-0.000925914,-0.010268835,0.009342921,27.93700508
CCET,2023-03-31 00:00:00,1.854964852,2.10772109,2.147489071,2.10772109,2.127604961,312610,2.108919386,2.123195133,1126384.65,49.1811636,-0.00110876,-0.00843682,0.00732806,27.59748775
CCET,2023-04-03 00:00:00,1.854964852,2.10772109,2.147489071,2.10772109,2.127604961,263224,2.108805263,2.122588308,1102901.15,49.1811636,-0.00123938,-0.006997332,0.005757952,27.28222167
CCET,2023-04-04 00:00:00,1.854964852,2.10772109,2.147489071,2.10772109,2.127604961,287766,2.108702008,2.12200528,1080710.1,49.1811636,-0.001327594,-0.005863385,0.004535791,26.98947458
CCET,2023-04-05 00:00:00,1.837465405,2.087836981,2.10772109,2.067951918,2.10772109,530472,2.106714863,2.120665346,1074331.9,45.22200264,-0.002967774,-0.005284262,0.002316488,27.61704909
CCET,2023-04-07 00:00:00,1.837465405,2.087836981,2.10772109,2.067951918,2.067951918,867222,2.104916969,2.11937796,1052690.3,45.22200264,-0.004218995,-0.005071209,0.000852214,28.19979685
CCET,2023-04-10 00:00:00,1.872464418,2.127604961,2.127604961,2.087836981,2.10772109,366422,2.10707773,2.119700587,1014126.55,53.84101274,-0.001978842,-0.004452736,0.002473893,27.89910595
CCET,2023-04-11 00:00:00,1.854964852,2.10772109,2.127604961,2.087836981,2.127604961,204786,2.107139003,2.119230803,920304.85,49.63570736,-0.001787364,-0.003919661,0.002132298,27.61989297
CCET,2023-04-12 00:00:00,1.872464418,2.127604961,2.147489071,2.087836981,2.10772109,1165450,2.109088142,2.119559201,805269.45,53.54336702,-3.07981E-05,-0.003141889,0.00311109,26.55059699
CCET,2023-04-17 00:00:00,1.977462649,2.246910095,2.326446056,2.187257051,2.187257051,5742057,2.122214042,2.124553354,1034495.85,69.05666154,0.010862998,-0.000340911,0.011203909,27.53167236
CCET,2023-04-18 00:00:00,1.959963202,2.227025986,2.306561947,2.207142115,2.306561947,3735636,2.132196132,2.128571889,1065878.05,65.15172548,0.017688032,0.003264877,0.014423155,28.44267092
CCET,2023-04-19 00:00:00,1.942463279,2.207142115,2.246910095,2.187257051,2.246910095,1056418,2.139333845,2.131653074,966069.95,61.41198912,0.02124753,0.006861408,0.014386122,28.71644156
CCET,2023-04-20 00:00:00,1.907463431,2.167372942,2.207142115,2.167372942,2.207142115,857466,2.142004235,2.133053853,996179.35,54.65469473,0.020621704,0.009613467,0.011008237,28.42335202
CCET,2023-04-21 00:00:00,1.889964104,2.147489071,2.207142115,2.127604961,2.167372942,1386228,2.1425266,2.13361994,1024548.65,51.59773726,0.018310201,0.011352814,0.006957387,27.16386186
CCET,2023-04-24 00:00:00,1.872464418,2.127604961,2.187257051,2.087836981,2.147489071,2042731,2.141105492,2.133384058,1083711.3,48.66630292,0.014704335,0.012023118,0.002681217,25.29729918
CCET,2023-04-25 00:00:00,1.819964886,2.067951918,2.127604961,2.067951918,2.127604961,1487716,2.134138485,2.130818092,1143955.2,41.11883228,0.006953008,0.011009096,-0.004056088,23.94819918
CCET,2023-04-26 00:00:00,1.802465558,2.048068047,2.10772109,2.048068047,2.067951918,940648,2.1259413,2.127572992,1172425.1,38.95043713,-0.000785384,0.0086502,-0.009435584,23.06502095
CCET,2023-04-27 00:00:00,1.784965873,2.028183937,2.087836981,2.028183937,2.048068047,528360,2.116631075,2.123675382,1176961.4,36.85723898,-0.008425473,0.005235065,-0.013660538,22.59978855
CCET,2023-04-28 00:00:00,1.784965873,2.028183937,2.087836981,2.028183937,2.048068047,588810,2.108207538,2.11993062,1195926.25,36.85723898,-0.01431528,0.001324996,-0.015640277,22.16778705
CCET,2023-05-02 00:00:00,1.749966979,1.988415956,2.048068047,1.968531966,2.028183937,1955727,2.096798816,2.114773182,1230949.1,32.77216522,-0.02193904,-0.003327811,-0.018611229,22.74136982
CCET,2023-05-03 00:00:00,1.819964886,2.067951918,2.067951918,1.988415956,1.988415956,902426,2.094051492,2.112937054,1261108.75,45.72805317,-0.021317304,-0.006925709,-0.014391594,22.75833006
CCET,2023-05-08 00:00:00,1.819964886,2.067951918,2.087836981,2.028183937,2.028183937,176220,2.091565819,2.111172931,1254289.25,45.72805317,-0.020587256,-0.009658019,-0.010929238,22.27907984
CCET,2023-05-09 00:00:00,1.819964886,2.067951918,2.087836981,2.048068047,2.048068047,383219,2.089316876,2.109477989,1260289,45.72805317,-0.019780669,-0.011682549,-0.00809812,21.83406178
CCET,2023-05-10 00:00:00,1.854964852,2.10772109,2.10772109,2.048068047,2.067951918,389455,2.091069658,2.109409091,1265373.45,51.55815101,-0.015750838,-0.012496207,-0.003254631,20.91235443
CCET,2023-05-11 00:00:00,1.854964852,2.10772109,2.127604961,2.067951918,2.10772109,502208,2.092655509,2.109342895,1263960.25,51.55815101,-0.012414065,-0.012479778,6.5713E-05,19.57434019
CCET,2023-05-12 00:00:00,1.802465558,2.048068047,2.087836981,2.048068047,2.087836981,776698,2.088409084,2.10693996,1259434.05,43.4401803,-0.014416962,-0.012867215,-0.001549747,18.76900138
CCET,2023-05-15 00:00:00,1.802465558,2.048068047,2.087836981,1.978474021,2.048068047,1624307,2.08456708,2.104631257,1322328.3,43.4401803,-0.015821887,-0.013458149,-0.002363737,19.2709743
CCET,2023-05-16 00:00:00,1.802465558,2.048068047,2.087836981,2.028183937,2.048068047,220979,2.081090982,2.102413092,1323137.95,43.4401803,-0.016742305,-0.01411498,-0.002627324,19.73709201
CCET,2023-05-17 00:00:00,1.784965873,2.028183937,2.087836981,2.028183937,2.048068047,305167,2.076052216,2.099502145,1280123.8,40.76781878,-0.018858831,-0.015063751,-0.003795081,20.1699156
CCET,2023-05-18 00:00:00,1.784965873,2.028183937,2.067951918,2.028183937,2.028183937,290080,2.071493332,2.096705353,1007524.95,40.76781878,-0.020302163,-0.016111433,-0.00419073,20.57182323
CCET,2023-05-19 00:00:00,1.767466545,2.008300066,2.067951918,2.008300066,2.028183937,1003813,2.065474926,2.093238479,870933.8,38.05290777,-0.022787793,-0.017446705,-0.005341088,21.3071198
CCET,2023-05-22 00:00:00,1.749966979,1.988415956,2.008300066,1.978474021,2.008300066,1092226,2.058135976,2.089127791,872724.2,35.50645663,-0.02606173,-0.01916971,-0.00689202,22.48069977
CCET,2023-05-23 00:00:00,1.767466545,2.008300066,2.028183937,1.958588958,1.988415956,1405842,2.053389699,2.085958077,900143,39.84183273,-0.026743585,-0.020684485,-0.0060591,23.86668006
CCET,2023-05-24 00:00:00,1.767466545,2.008300066,2.028183937,1.988415956,2.008300066,301445,2.049095448,2.082912665,845903.85,39.84183273,-0.026973031,-0.021942194,-0.005030836,25.15366175
CCET,2023-05-25 00:00:00,1.819964886,2.067951918,2.067951918,2.008300066,2.008300066,2561938,2.050891302,2.082325969,871864.2,51.24481607,-0.022086859,-0.021971127,-0.000115732,24.99253617
CCET,2023-05-26 00:00:00,1.802465558,2.048068047,2.048068047,2.008300066,2.048068047,620896,2.050622421,2.080982521,828523.2,47.98009073,-0.019593137,-0.021495529,0.001902392,24.84291957
CCET,2023-05-29 00:00:00,1.784965873,2.028183937,2.048068047,2.028183937,2.048068047,681346,2.048485423,2.078911988,815558.1,44.89953914,-0.01900228,-0.020996879,0.001994599,24.70398986
CCET,2023-05-30 00:00:00,1.784965873,2.028183937,2.067951918,2.008300066,2.028183937,685973,2.046551948,2.076922653,823438.75,44.89953914,-0.018322807,-0.020462065,0.002139258,24.5749837
CCET,2023-05-31 00:00:00,1.767466545,2.008300066,2.048068047,2.008300066,2.028183937,553908,2.042908911,2.074231571,821693.65,41.78794733,-0.019167828,-0.020203217,0.00103539,24.45519227
CCET,2023-06-01 00:00:00,1.767466545,2.008300066,2.048068047,2.008300066,2.028183937,344193,2.039612831,2.071646022,741116.95,41.78794733,-0.019611444,-0.020084863,0.000473419,24.34395737
CCET,2023-06-02 00:00:00,1.767466545,2.008300066,2.028183937,1.988415956,2.008300066,1043041,2.036630663,2.069161866,748147.7,41.78794733,-0.019735514,-0.020014993,0.000279479,24.76115907
CCET,2023-06-06 00:00:00,1.732467294,1.968531966,2.028183937,1.958588958,2.008300066,2518285,2.030145073,2.065215596,865250.95,35.62142902,-0.022780198,-0.020568034,-0.002212164,25.8090703
CCET,2023-06-07 00:00:00,1.697467327,1.928763032,1.978474021,1.908879042,1.968531966,3039102,2.02048964,2.059864515,998045.1,30.73670442,-0.028078482,-0.022070124,-0.006008358,27.61306527
CCET,2023-06-08 00:00:00,1.732467294,1.968531966,1.968531966,1.938704967,1.948647022,662235,2.01554129,2.056282846,1011684.1,39.64914873,-0.028737125,-0.023403524,-0.005333601,29.28820346
CCET,2023-06-09 00:00:00,1.723716736,1.958588958,1.978474021,1.948647022,1.968531966,395892,2.010117259,2.052451713,1006368.3,38.32146593,-0.029718842,-0.024666588,-0.005052255,30.3834749
CCET,2023-06-12 00:00:00,1.714966893,1.948647022,1.968531966,1.948647022,1.958588958,371853,2.00426295,2.048380941,986126.05,36.98777118,-0.030942406,-0.025921751,-0.005020655,31.40051267
CCET,2023-06-13 00:00:00,1.749966979,1.988415956,1.988415956,1.948647022,1.968531966,1114957,2.002753713,2.046029373,960658.55,45.20315036,-0.028375969,-0.026412595,-0.001963374,31.41495886
CCET,2023-06-14 00:00:00,1.732467294,1.968531966,2.008300066,1.968531966,2.008300066,1042840,1.999494499,2.042990259,1001751.6,42.23797659,-0.027628041,-0.026655684,-0.000972357,30.59758631
CCET,2023-06-15 00:00:00,1.741217017,1.978474021,1.988415956,1.968531966,1.978474021,369640,1.997492549,2.040460211,1004975.25,44.20861034,-0.02593411,-0.026511369,0.000577259,29.83859751
CCET,2023-06-16 00:00:00,1.732467294,1.968531966,1.978474021,1.968531966,1.978474021,597259,1.994734398,2.037639495,1020334.2,42.64191378,-0.02510451,-0.026229997,0.001125488,29.13382219
CCET,2023-06-19 00:00:00,1.723716736,1.958588958,1.978474021,1.948647022,1.968531966,1345593,1.991291975,2.034539474,1037423.2,41.07417669,-0.024961621,-0.025976322,0.001014702,29.04767167
CCET,2023-06-20 00:00:00,1.732467294,1.968531966,1.978474021,1.948647022,1.958588958,273886,1.989124355,2.031950944,996506.2,43.31838639,-0.023772033,-0.025535464,0.001763431,28.96767476
CCET,2023-06-21 00:00:00,1.714966893,1.948647022,1.978474021,1.948647022,1.968531966,549381,1.985269371,2.028684124,953683.15,40.03453278,-0.024155377,-0.025259447,0.00110407,28.89339191
CCET,2023-06-22 00:00:00,1.70621717,1.938704967,1.948647022,1.918820977,1.938704967,530975,1.980834666,2.02515553,965159.65,38.46450226,-0.024973541,-0.025202266,0.000228724,29.63265911
CCET,2023-06-23 00:00:00,1.714966893,1.948647022,1.948647022,1.918820977,1.938704967,403537,1.977769176,2.022155196,857239.6,40.95805562,-0.024536856,-0.025069184,0.000532328,30.31912151
CCET,2023-06-26 00:00:00,1.662468433,1.888995051,1.928763032,1.859169006,1.928763032,2356951,1.969314498,2.01693323,944042.35,32.45914357,-0.028673663,-0.02579008,-0.002883583,32.11506289
CCET,2023-06-27 00:00:00,1.662468433,1.888995051,1.908879042,1.879052997,1.888995051,240291,1.961665026,2.011916046,921989.6,32.45914357,-0.031587986,-0.026949661,-0.004638325,33.78272274
CCET,2023-06-28 00:00:00,1.636219025,1.859169006,1.888995051,1.859169006,1.888995051,568894,1.951903501,2.005925966,916135.65,28.97291086,-0.035890596,-0.028737848,-0.007152748,35.62885974
CCET,2023-06-29 00:00:00,1.65371871,1.879052997,1.888995051,1.859169006,1.869110942,470122,1.944965358,2.000950555,911946.35,34.05773278,-0.03726639,-0.030443556,-0.006822833,37.3431298
CCET,2023-06-30 00:00:00,1.679967761,1.908879042,1.908879042,1.879052997,1.879052997,275294,1.941528566,1.997339908,908501.4,40.89316873,-0.035540317,-0.031462908,-0.004077409,37.81899713
CCET,2023-07-03 00:00:00,1.671218157,1.898936987,1.908879042,1.898936987,1.908879042,16193,1.937472225,1.99348097,857159,39.42609718,-0.034576061,-0.032085539,-0.002490522,38.26087393
CCET,2023-07-04 00:00:00,1.688717723,1.918820977,1.918820977,1.898936987,1.908879042,82477,1.935695915,1.990553127,735368.6,43.77093406,-0.031840374,-0.032036506,0.000196132,38.11875862
CCET,2023-07-05 00:00:00,1.679967761,1.908879042,1.928763032,1.908879042,1.928763032,263325,1.933141927,1.987350222,596579.75,42.14325751,-0.030127265,-0.031654658,0.001527393,37.45459633
CCET,2023-07-06 00:00:00,1.65371871,1.879052997,1.908879042,1.879052997,1.908879042,437031,1.927990601,1.983103272,585319.55,37.62316775,-0.03082104,-0.031487934,0.000666894,37.6011523
CCET,2023-07-07 00:00:00,1.662468433,1.888995051,1.898936987,1.869110942,1.869110942,156305,1.924276739,1.979412753,573340.2,39.93576534,-0.030220261,-0.0312344,0.001014139,37.95819638
CCET,2023-07-10 00:00:00,1.662468433,1.888995051,1.898936987,1.879052997,1.888995051,134076,1.920916578,1.975866961,561451.35,39.93576534,-0.029405175,-0.030868555,0.00146338,38.28973731
CCET,2023-07-11 00:00:00,1.65371871,1.879052997,1.908879042,1.888995051,1.908879042,193017,1.91692957,1.972070335,515354.35,38.28940557,-0.029224571,-0.030539758,0.001315187,38.02734845
CCET,2023-07-12 00:00:00,1.636219025,1.859169006,1.888995051,1.869110942,1.879052997,615766,1.911428564,1.967642832,494000.65,35.16686254,-0.030336216,-0.030499049,0.000162833,38.28625847
CCET,2023-07-13 00:00:00,1.636219025,1.859169006,1.879052997,1.859169006,1.859169006,63065,1.906451464,1.963388956,478671.9,35.16686254,-0.030861451,-0.03057153,-0.000289921,38.75493427
CCET,2023-07-14 00:00:00,1.65371871,1.879052997,1.908879042,1.859169006,1.869110942,1064163,1.903842086,1.960081664,502017.1,40.76893494,-0.029335076,-0.030324239,0.000989163,37.63464111
CCET,2023-07-17 00:00:00,1.671218157,1.898936987,1.908879042,1.879052997,1.898936987,1479670,1.903374933,1.957683833,508720.95,45.81141481,-0.026218707,-0.029503133,0.003284426,36.5943689
CCET,2023-07-18 00:00:00,1.679967761,1.908879042,1.908879042,1.888995051,1.898936987,1035799,1.903899134,1.95576992,546816.6,48.1865819,-0.022685221,-0.02813955,0.00545433,35.62840184
CCET,2023-07-19 00:00:00,1.671218157,1.898936987,1.918820977,1.888995051,1.908879042,445279,1.903426549,1.953541177,541611.5,46.01454992,-0.020451397,-0.02660192,0.006150522,34.21361773
CCET,2023-07-20 00:00:00,1.662468433,1.888995051,1.898936987,1.888995051,1.898936987,372356,1.90205212,1.951009957,533680.55,43.88430847,-0.019261275,-0.025133791,0.005872516,32.89988963
CCET,2023-07-21 00:00:00,1.671218157,1.898936987,1.898936987,1.879052997,1.888995051,319450,1.901755441,1.94896788,529476.2,46.54915914,-0.017316252,-0.023570283,0.006254031,32.06449868
CCET,2023-07-24 00:00:00,1.662468433,1.888995051,1.908879042,1.888995051,1.898936987,176019,1.900540166,1.946616004,420429.6,44.28439015,-0.016388127,-0.022133852,0.005745725,30.73098448
CCET,2023-07-25 00:00:00,1.671218157,1.898936987,1.908879042,1.888995051,1.888995051,617275,1.900387482,1.944746239,439278.8,47.05831391,-0.014681115,-0.020643304,0.005962189,29.49272129
CCET,2023-07-26 00:00:00,1.679967761,1.908879042,1.918820977,1.898936987,1.908879042,205289,1.901196202,1.943339682,421098.55,49.75246699,-0.012383308,-0.018991305,0.006607997,27.77976265
CCET,2023-07-27 00:00:00,1.688717723,1.918820977,1.928763032,1.898936987,1.918820977,422849,1.902874752,1.942378164,418734.9,52.36310935,-0.009648823,-0.017122809,0.007473986,25.92682327
CCET,2023-07-31 00:00:00,1.732467294,1.968531966,1.988415956,1.948647022,1.978474021,638196,1.90912782,1.943403803,436880,62.77694642,-0.003430913,-0.01438443,0.010953517,26.38261131
CCET,2023-08-02 00:00:00,1.732467294,1.968531966,1.988415956,1.928763032,1.968531966,944067,1.914785358,1.944389221,483273.7,62.77694642,0.001479768,-0.01121159,0.012691358,25.85839496
CCET,2023-08-03 00:00:00,1.714966893,1.948647022,1.968531966,1.948647022,1.968531966,358476,1.918010278,1.944556194,497073.65,56.99655421,0.003724041,-0.008224464,0.011948505,25.37162263
CCET,2023-08-04 00:00:00,1.741217017,1.978474021,1.988415956,1.948647022,1.948647022,1270760,1.92376873,1.945886305,547445.4,62.56467441,0.007819297,-0.005015712,0.012835008,25.52193138
CCET,2023-08-07 00:00:00,1.741217017,1.978474021,1.988415956,1.968531966,1.978474021,406856,1.928978758,1.947164255,545936.65,62.56467441,0.010938721,-0.001824825,0.012763547,25.66150379
CCET,2023-08-08 00:00:00,1.723716736,1.958588958,1.988415956,1.948647022,1.978474021,503315,1.931798777,1.947612282,563287.15,56.87111478,0.011671785,0.000874497,0.010797288,24.80967978
CCET,2023-08-09 00:00:00,1.784965873,2.028183937,2.028183937,1.958588958,1.958588958,2693701,1.940978316,1.950771955,691268.4,67.88608933,0.017664846,0.004232567,0.01343228,25.17959545
CCET,2023-08-10 00:00:00,1.741217017,1.978474021,2.008300066,1.978474021,2.008300066,1003009,1.944549335,1.95185831,731768,56.7393161,0.018193493,0.007024752,0.011168741,25.52308857
CCET,2023-08-11 00:00:00,1.767466545,2.008300066,2.008300066,1.968531966,1.978474021,679032,1.950620834,1.954071713,734931.3,60.88891018,0.020779627,0.009775727,0.0110039,25.36111692
CCET,2023-08-15 00:00:00,1.741217017,1.978474021,2.028183937,1.928763032,1.988415956,7025088,1.953273518,1.955028666,1083032.45,55.18803124,0.02018971,0.011858524,0.008331187,23.60465077
CCET,2023-08-16 00:00:00,1.749966979,1.988415956,2.008300066,1.968531966,1.978474021,1823360,1.956620417,1.956337971,1120992.3,56.64517049,0.020290531,0.013544925,0.006745606,21.97364648
CCET,2023-08-17 00:00:00,1.723716736,1.958588958,1.988415956,1.958588958,1.978474021,1021013,1.956807897,1.956426245,1098059.45,51.2598937,0.017758929,0.014387726,0.003371203,20.7106743
CCET,2023-08-18 00:00:00,1.679967761,1.908879042,1.978474021,1.908879042,1.968531966,1822958,1.952243244,1.954561649,1137417.4,43.7881804,0.011607636,0.013831708,-0.002224072,20.99337559
CCET,2023-08-21 00:00:00,1.688717723,1.918820977,1.928763032,1.908879042,1.908879042,614861,1.949060171,1.953160054,1145896.5,45.49921141,0.007449055,0.012555177,-0.005106123,21.25588394
CCET,2023-08-22 00:00:00,1.723716736,1.958588958,1.968531966,1.918820977,1.918820977,1325577,1.949967675,1.953372952,1193557.55,51.81708054,0.007278392,0.01149982,-0.004221428,20.03074853
CCET,2023-08-23 00:00:00,1.714966893,1.948647022,1.968531966,1.938704967,1.958588958,868329,1.949841898,1.953187622,1221001.5,50.24882847,0.006268649,0.010453586,-0.004184937,18.8931228
CCET,2023-08-24 00:00:00,1.741217017,1.978474021,2.008300066,1.948647022,1.958588958,2785734,1.952568767,1.954179245,1351487.25,54.68034914,0.007785463,0.009919961,-0.002134498,18.44456702
CCET,2023-08-25 00:00:00,1.767466545,2.008300066,2.008300066,1.978474021,1.988415956,756079,1.95787651,1.95630163,1358427.45,58.64702758,0.011264413,0.010188852,0.001075561,18.02805093
CCET,2023-08-28 00:00:00,1.732467294,1.968531966,2.008300066,1.948647022,2.008300066,6097918,1.958891315,1.956781251,1653058.9,52.09922526,0.010689333,0.010288948,0.000400385,16.82525391
CCET,2023-08-29 00:00:00,1.732466459,1.928763032,1.938704967,1.908879042,1.908879042,2101672,1.956021955,1.955682498,1737000.05,46.50726414,0.006944505,0.009620059,-0.002675555,16.76456881
CCET,2023-08-30 00:00:00,1.732466459,1.928763032,1.948647022,1.928763032,1.928763032,1068890,1.953425867,1.954626832,1758534.75,46.50726414,0.003931383,0.008482324,-0.004550941,16.38738514
CCET,2023-08-31 00:00:00,1.723536253,1.918820977,1.938704967,1.918820977,1.928763032,620292,1.950130163,1.953222681,1742346,45.10365503,0.000732775,0.006932414,-0.006199639,16.29029012
CCET,2023-09-01 00:00:00,1.732466459,1.928763032,1.938704967,1.908879042,1.928763032,1008943,1.948095198,1.952263479,1774869.35,46.83173008,-0.00098851,0.005348229,-0.006336739,16.45101421
CCET,2023-09-04 00:00:00,1.723536253,1.918820977,1.938704967,1.898936987,1.908879042,1016085,1.945307177,1.950952009,1762135.6,45.29617506,-0.003118928,0.003654798,-0.006773726,16.84823645
CCET,2023-09-05 00:00:00,1.723536253,1.918820977,1.938704967,1.908879042,1.918820977,652479,1.942784682,1.949691968,1774416.75,45.29617506,-0.004752516,0.001973335,-0.006725851,17.21708569
CCET,2023-09-06 00:00:00,1.723536253,1.918820977,1.928763032,1.918820977,1.928763032,180243,1.940502424,1.948481341,1758263.15,45.29617506,-0.005978232,0.000383022,-0.006361254,17.55958854
CCET,2023-09-07 00:00:00,1.732466459,1.928763032,1.928763032,1.918820977,1.918820977,149968,1.939384387,1.947708074,1631076.5,47.44829295,-0.006077325,-0.000909048,-0.005168277,17.87762691
CCET,2023-09-08 00:00:00,1.732466459,1.928763032,1.928763032,1.908879042,1.908879042,361393,1.938372829,1.946965131,1598995.7,47.44829295,-0.006085705,-0.001944379,-0.004141326,18.47496047
CCET,2023-09-11 00:00:00,1.696745753,1.888995051,1.928763032,1.888995051,1.918820977,1721571,1.933670184,1.944691795,1651122.65,40.12523161,-0.009195292,-0.003394562,-0.00580073,19.58052247
CCET,2023-09-12 00:00:00,1.652094841,1.839285016,1.908879042,1.879052997,1.898936987,1269150,1.92468112,1.940558196,1363325.75,33.22278137,-0.015492261,-0.005814101,-0.00967816,20.85857788
CCET,2023-09-13 00:00:00,1.6431638,1.829342008,1.869110942,1.829342008,1.849226952,2435103,1.915601205,1.936196776,1393912.9,32.03570559,-0.021042408,-0.008859763,-0.012182646,23.0413465
CCET,2023-09-14 00:00:00,1.661025047,1.849226952,1.869110942,1.829342008,1.839285016,2915687,1.909279847,1.932786195,1488646.6,36.89213616,-0.023564752,-0.011800761,-0.011763991,25.06820308
CCET,2023-09-15 00:00:00,1.652094841,1.839285016,1.849226952,1.829342008,1.849226952,1755065,1.902613673,1.929119482,1485251.95,35.52533357,-0.026065491,-0.014653707,-0.011411785,26.95028419
CCET,2023-09-18 00:00:00,1.634233594,1.819399953,1.849226952,1.819399953,1.839285016,496676,1.894688557,1.924816756,1479342.7,32.89986503,-0.02931399,-0.017585763,-0.011728227,28.88104058
CCET,2023-09-19 00:00:00,1.616373181,1.799515963,1.829342008,1.799515963,1.819399953,993956,1.8856245,1.919902999,1462761.65,30.47455491,-0.033111235,-0.020690858,-0.012420378,31.00933875
CCET,2023-09-20 00:00:00,1.58958292,1.769690037,1.819399953,1.769690037,1.809458017,1165651,1.874583123,1.914012295,1477627.75,27.23173022,-0.038088225,-0.024170331,-0.013917894,33.40333712
CCET,2023-09-21 00:00:00,1.580652714,1.759747982,1.789574027,1.729922056,1.779631972,1083173,1.863646443,1.907962714,1392499.7,26.22977666,-0.042346621,-0.027805589,-0.014541031,36.0542904
CCET,2023-09-22 00:00:00,1.58958292,1.769690037,1.779631972,1.759747982,1.769690037,867424,1.854698213,1.902540256,1398066.95,29.04143076,-0.044407289,-0.031125929,-0.01328136,38.51588987
CCET,2023-09-25 00:00:00,1.544931889,1.719980001,1.769690037,1.729922056,1.769690037,1542835,1.841867908,1.89538103,1170312.8,24.09624351,-0.04948118,-0.034796979,-0.014684201,41.07140862
CCET,2023-09-26 00:00:00,1.527070642,1.700095057,1.729922056,1.690153003,1.729922056,1750740,1.828365731,1.887722757,1152766.2,22.44946316,-0.054478826,-0.038733349,-0.015745477,43.72965071
CCET,2023-09-27 00:00:00,1.482419968,1.650385022,1.690153003,1.640442967,1.670269012,1144830,1.811415188,1.878415395,1156563.2,18.96087915,-0.061738992,-0.043334478,-0.018404515,46.46626182
CCET,2023-09-28 00:00:00,1.419907808,1.580790043,1.660326958,1.590731978,1.660326958,3143305,1.789450888,1.866743812,1282713.85,15.36171637,-0.072275315,-0.049122645,-0.02315267,49.20880573
CCET,2023-09-29 00:00:00,1.446699262,1.610617042,1.610617042,1.580790043,1.590731978,1984795,1.772419093,1.856699625,1331506.45,22.17964651,-0.077327256,-0.054763567,-0.022563689,51.79082475
CCET,2023-10-02 00:00:00,1.428837895,1.590731978,1.620558977,1.590731978,1.620558977,1338552,1.755115558,1.846269521,1347629.8,20.96702673,-0.08199038,-0.06020893,-0.021781451,53.73787292
CCET,2023-10-03 00:00:00,1.375256777,1.531080008,1.590731978,1.531080008,1.590731978,2099459,1.733778839,1.833909148,1419978.8,17.81963166,-0.089468024,-0.066060749,-0.023407275,55.8155828
CCET,2023-10-04 00:00:00,1.39311707,1.550963998,1.590731978,1.531080008,1.531080008,1533481,1.716367902,1.82281326,1487640.7,22.02159434,-0.09272081,-0.071392761,-0.021328049,57.74488483
CCET,2023-10-05 00:00:00,1.402047515,1.560906053,1.610617042,1.541021943,1.570847988,1425254,1.701562012,1.812542389,1551405,24.11098811,-0.093419544,-0.075798118,-0.017621427,58.68563691
CCET,2023-10-06 00:00:00,1.348466396,1.501253963,1.570847988,1.471428037,1.550963998,3877055,1.682485055,1.800335,1727188.1,20.55264471,-0.097660946,-0.080170683,-0.017490263,59.96873186
CCET,2023-10-09 00:00:00,1.357396722,1.511196017,1.511196017,1.501253963,1.501253963,1423042,1.666171813,1.788996216,1712261.65,22.60282994,-0.099077939,-0.083952134,-0.015125804,61.16017717
CCET,2023-10-10 00:00:00,1.329375505,1.480000019,1.519999981,1.5,1.50999999,1382900,1.648441166,1.776878718,1717949.15,20.78992897,-0.101547594,-0.087471226,-0.014076368,61.91183848
CCET,2023-10-11 00:00:00,1.347340107,1.5,1.549999952,1.49000001,1.49000001,2468200,1.634303912,1.766020729,1719604,24.94615889,-0.100729832,-0.090122947,-0.010606884,61.46311853
CCET,2023-10-12 00:00:00,1.383269072,1.539999962,1.559999943,1.50999999,1.519999981,2534900,1.625322583,1.75715717,1700564.65,32.56705384,-0.095750336,-0.091248425,-0.004501911,60.68542639
CCET,2023-10-16 00:00:00,1.383269072,1.539999962,1.549999952,1.5,1.529999971,2052600,1.617196619,1.748641201,1715441.4,32.56705384,-0.09075785,-0.09115031,0.00039246,60.08258377
CCET,2023-10-17 00:00:00,1.365304589,1.519999981,1.539999962,1.50999999,1.539999962,1315100,1.607939797,1.739674878,1756362.6,30.75611454,-0.087407521,-0.090401752,0.002994232,59.52280135
CCET,2023-10-18 00:00:00,1.401233554,1.559999943,1.559999943,1.5,1.529999971,2187800,1.603374096,1.732628803,1816054.8,38.1622824,-0.080595641,-0.08844053,0.007844889,58.21256362
CCET,2023-10-19 00:00:00,1.356322408,1.50999999,1.539999962,1.50999999,1.539999962,740100,1.594481324,1.723898261,1794777.25,33.35917672,-0.07832883,-0.08641819,0.00808936,56.99591431
CCET,2023-10-20 00:00:00,1.365304589,1.519999981,1.529999971,1.50999999,1.529999971,1345100,1.587387863,1.71590225,1807873.6,35.11801776,-0.074862483,-0.084107049,0.009244566,55.86616852
CCET,2023-10-24 00:00:00,1.356322408,1.50999999,1.519999981,1.50999999,1.519999981,671100,1.58001759,1.707827652,1798057.4,34.14744275,-0.072091269,-0.081703893,0.009612623,54.81711885
CCET,2023-10-25 00:00:00,1.356322408,1.50999999,1.529999971,1.50999999,1.529999971,326900,1.573349247,1.700069704,1737260.65,34.14744275,-0.069098538,-0.079182822,0.010084284,53.37302382
CCET,2023-10-26 00:00:00,1.365304589,1.519999981,1.519999981,1.5,1.519999981,884900,1.568268364,1.693008146,1693968.65,36.1926585,-0.065168638,-0.076379985,0.011211347,52.25533354
CCET,2023-10-27 00:00:00,1.365304589,1.519999981,1.519999981,1.5,1.50999999,1027800,1.563671375,1.686223512,1688117.15,36.1926585,-0.061346993,-0.073373387,0.012026393,51.21747829
CCET,2023-10-30 00:00:00,1.356322408,1.50999999,1.519999981,1.5,1.50999999,1746700,1.558559815,1.679312786,1618286.9,34.93434612,-0.058451437,-0.070388997,0.01193756,50.25375555
CCET,2023-10-31 00:00:00,1.365304589,1.519999981,1.519999981,1.5,1.5,577000,1.55488745,1.673065225,1547897.15,37.2825774,-0.054719005,-0.067254998,0.012535994,49.35887015
CCET,2023-11-01 00:00:00,1.365304589,1.519999981,1.519999981,1.5,1.5,2373200,1.551564834,1.667062666,1599629.55,37.2825774,-0.051171156,-0.06403823,0.012867074,48.52790513
CCET,2023-11-02 00:00:00,1.356322408,1.50999999,1.519999981,1.50999999,1.519999981,1734500,1.547606277,1.660903346,1581381.6,35.7847677,-0.048606076,-0.060951799,0.012345723,47.75629476
CCET,2023-11-03 00:00:00,1.401233554,1.559999943,1.580000043,1.50999999,1.519999981,5590900,1.548786626,1.65694635,1784252.55,47.20550279,-0.042053882,-0.057172216,0.015118334,44.69088686
CCET,2023-11-06 00:00:00,1.365304589,1.519999981,1.590000033,1.519999981,1.570000052,21915000,1.546045041,1.651575904,2808739.85,40.93345857,-0.03963203,-0.053664179,0.014032148,42.2016746
CCET,2023-11-07 00:00:00,1.356322408,1.50999999,1.539999962,1.50999999,1.529999971,3942500,1.542612179,1.646023907,2812012.1,39.51976423,-0.038080641,-0.050547471,0.01246683,39.46997437
CCET,2023-11-08 00:00:00,1.365304589,1.519999981,1.529999971,1.50999999,1.50999999,2719700,1.540458636,1.641081792,2876845,41.68854494,-0.035633478,-0.047564673,0.011931194,36.93339559
CCET,2023-11-09 00:00:00,1.356322408,1.50999999,1.529999971,1.50999999,1.529999971,1746900,1.537557813,1.63594133,2895045,40.13848729,-0.034107825,-0.044873303,0.010765478,34.57800101
CCET,2023-11-10 00:00:00,1.347340107,1.5,1.50999999,1.49000001,1.50999999,3120100,1.533980878,1.630610297,2927640,38.59314063,-0.03332154,-0.042562951,0.00924141,32.7017946
CCET,2023-11-13 00:00:00,1.347340107,1.5,1.519999981,1.5,1.5,1365900,1.530744604,1.625488325,2869190,38.59314063,-0.032325772,-0.040515515,0.008189743,30.49733528
CCET,2023-11-14 00:00:00,1.347340107,1.5,1.50999999,1.5,1.5,1046600,1.527816547,1.620567214,2818890,38.59314063,-0.031177228,-0.038647857,0.00747063,28.45033734
CCET,2023-11-15 00:00:00,1.365304589,1.519999981,1.539999962,1.50999999,1.519999981,922100,1.527072112,1.616623401,2799240,43.98063857,-0.028326634,-0.036583613,0.008256979,27.5387703
CCET,2023-11-16 00:00:00,1.365304589,1.519999981,1.539999962,1.519999981,1.539999962,1011500,1.526398576,1.612834247,2740425,43.98063857,-0.025770453,-0.034420981,0.008650528,26.69231519
CCET,2023-11-17 00:00:00,1.338357806,1.49000001,1.50999999,1.49000001,1.50999999,1640400,1.522932045,1.608017218,2785440,38.15687592,-0.025867226,-0.03271023,0.006843004,25.04011985
CCET,2023-11-20 00:00:00,1.347340107,1.5,1.529999971,1.49000001,1.529999971,1118600,1.520748041,1.603781249,2774115,40.96314171,-0.024850543,-0.031138292,0.00628775,23.78653689
CCET,2023-11-21 00:00:00,1.347340107,1.5,1.519999981,1.5,1.5,1703700,1.518772037,1.599711396,2825745,40.96314171,-0.023770799,-0.029664794,0.005893995,22.62249557
CCET,2023-11-22 00:00:00,1.347340107,1.5,1.50999999,1.49000001,1.50999999,1324900,1.516984224,1.595801145,2875645,40.96314171,-0.022653953,-0.028262626,0.005608672,21.094168
CCET,2023-11-23 00:00:00,1.338357806,1.49000001,1.5,1.49000001,1.5,1204100,1.514414299,1.591652081,2891605,38.76607491,-0.022318487,-0.027073798,0.004755311,19.67500668
CCET,2023-11-24 00:00:00,1.338357806,1.49000001,1.5,1.49000001,1.49000001,773800,1.512089129,1.587665725,2878905,38.76607491,-0.021801316,-0.026019301,0.004217986,18.35721402
CCET,2023-11-27 00:00:00,1.365304589,1.519999981,1.549999952,1.49000001,1.49000001,4704800,1.512842543,1.585012167,3026810,48.39602026,-0.018754516,-0.024566344,0.005811828,19.0160537
CCET,2023-11-28 00:00:00,1.374286771,1.529999971,1.549999952,1.519999981,1.519999981,2369600,1.514476584,1.582854826,3116440,51.1535978,-0.015355976,-0.022724271,0.007368295,19.6278334
CCET,2023-11-29 00:00:00,1.365304589,1.519999981,1.539999962,1.519999981,1.529999971,1644600,1.515002622,1.58038993,3080010,48.37000713,-0.013316025,-0.020842622,0.007526596,20.19591455
CCET,2023-11-30 00:00:00,1.356322408,1.50999999,1.539999962,1.50999999,1.529999971,1171100,1.514526181,1.57762954,3051840,45.69233602,-0.012363744,-0.019146846,0.006783102,20.15398809
CCET,2023-12-01 00:00:00,1.356322408,1.50999999,1.529999971,1.50999999,1.50999999,907900,1.514095115,1.574977401,2817690,45.69233602,-0.011476757,-0.017612828,0.006136071,20.11505637
CCET,2023-12-04 00:00:00,1.715612769,1.909999967,1.960000038,1.610000014,1.639999986,118299600,1.551800339,1.588115541,7636920,84.77964092,0.021257795,-0.009838703,0.031096499,24.42608447
CCET,2023-12-06 00:00:00,1.868311405,2.079999924,2.140000105,1.860000014,1.919999957,77027100,1.602105061,1.607405124,11291150,88.55111631,0.06022352,0.004173741,0.056049779,28.78414424
CCET,2023-12-07 00:00:00,1.90424037,2.119999886,2.180000067,2.039999962,2.059999943,42984500,1.651428378,1.62750688,13304390,89.22750762,0.093256794,0.021990352,0.071266442,32.89061223
CCET,2023-12-08 00:00:00,1.922205448,2.140000105,2.220000029,2.079999924,2.140000105,31489500,1.697959018,1.647604653,14791520,89.55963926,0.119670268,0.041526335,0.078143933,36.76083349
CCET,2023-12-12 00:00:00,1.832382321,2.039999962,2.24000001,2.019999981,2.099999905,40831300,1.730534346,1.662992704,16677080,76.80837675,0.131023602,0.059425789,0.071597814,39.2060332
CCET,2023-12-13 00:00:00,1.796453357,2,2.079999924,1.929999948,2.019999981,29574100,1.756197742,1.676208677,18087490,72.36981801,0.135234638,0.074587558,0.060647079,39.9874321
CCET,2023-12-14 00:00:00,1.940169692,2.160000086,2.200000048,2.019999981,2.039999962,25344300,1.794655108,1.695180889,19302375,77.87693194,0.149756286,0.089621304,0.060134982,41.24355966
CCET,2023-12-15 00:00:00,1.958134532,2.180000067,2.24000001,2.119999886,2.140000105,22095300,1.831354628,1.714193406,20361035,78.45500245,0.161022462,0.103901536,0.057120926,42.56381211
CCET,2023-12-18 00:00:00,1.976098537,2.200000048,2.279999971,2.180000067,2.200000048,18591300,1.866463716,1.733244647,21240025,79.0446798,0.169609664,0.117043161,0.052566503,43.93887974
CCET,2023-12-19 00:00:00,2.01202774,2.24000001,2.25999999,2.140000105,2.200000048,14173800,1.902038601,1.753117406,21866695,80.21122503,0.177595536,0.129153636,0.048441899,44.60460263
CCET,2023-12-20 00:00:00,2.101850271,2.339999914,2.380000114,2.200000048,2.24000001,30739100,1.943749202,1.776132406,23347720,82.79051334,0.189805592,0.141284027,0.048521565,45.70988249
CCET,2023-12-21 00:00:00,2.065921307,2.299999952,2.420000076,2.299999952,2.319999933,29418000,1.977677845,1.796676232,24733435,78.38920385,0.194017969,0.151830816,0.042187153,46.87812827
CCET,2023-12-22 00:00:00,2.065921307,2.299999952,2.299999952,2.24000001,2.299999952,10183300,2.008375188,1.816414417,25176355,78.38920385,0.195107233,0.160486099,0.034621134,47.10152972
CCET,2023-12-25 00:00:00,2.029992819,2.25999999,2.319999933,2.25999999,2.319999933,5059200,2.032339455,1.833809929,25369110,73.83677251,0.190546321,0.166498143,0.024048177,47.40188098
CCET,2023-12-26 00:00:00,2.047956705,2.279999971,2.299999952,2.24000001,2.25999999,2822800,2.055926171,1.851307578,25471560,74.63011433,0.186396928,0.1704779,0.015919028,47.38622117
CCET,2023-12-27 00:00:00,1.886275887,2.099999905,2.279999971,2.099999905,2.279999971,17777300,2.06012367,1.861060218,26125185,57.67850924,0.166662819,0.169714884,-0.003052065,45.5798353
CCET,2023-12-28 00:00:00,1.868311405,2.079999924,2.160000086,2.059999943,2.119999886,7686900,2.062016646,1.869646089,26391050,56.15232809,0.14770689,0.165313285,-0.017606395,43.46790133
CCET,2024-01-03 00:00:00,1.922205448,2.140000105,2.180000067,2.079999924,2.180000067,9873900,2.069443642,1.880248207,26802515,59.60552753,0.135958449,0.159442318,-0.023483869,41.66357785
CCET,2024-01-04 00:00:00,1.868311405,2.079999924,2.119999886,2.039999962,2.119999886,8925700,2.070449002,1.888081608,27190245,54.94546584,0.120418107,0.151637476,-0.031219369,39.53825482
CCET,2024-01-05 00:00:00,1.850346923,2.059999943,2.180000067,2.059999943,2.079999924,9219100,2.069453854,1.894823504,27605805,53.44551139,0.105274899,0.14236496,-0.037090062,38.06339834
CCET,2024-01-08 00:00:00,1.832382321,2.039999962,2.099999905,2.039999962,2.079999924,4155100,2.066648721,1.900516698,21898580,51.91914626,0.090615408,0.13201505,-0.041399642,36.45898134
CCET,2024-01-09 00:00:00,1.958134532,2.180000067,2.220000029,2.059999943,2.099999905,29076600,2.077444087,1.91147683,19501055,60.43683377,0.089265497,0.123465139,-0.034199642,35.88328849
CCET,2024-01-10 00:00:00,1.922205448,2.140000105,2.220000029,2.119999886,2.180000067,13046300,2.083401803,1.920438527,18004145,57.31279087,0.083999724,0.115572056,-0.031572332,35.34871656
CCET,2024-01-11 00:00:00,2.065921307,2.299999952,2.319999933,2.140000105,2.140000105,30082900,2.104030199,1.935323289,17933815,65.0868669,0.091680377,0.110793721,-0.019113343,35.50603344
CCET,2024-01-12 00:00:00,2.137779713,2.380000114,2.400000095,2.25999999,2.279999971,31287000,2.130313048,1.952761596,17456600,68.20481159,0.103034972,0.109241971,-0.006206999,36.0945945
CCET,2024-01-15 00:00:00,2.227602005,2.480000019,2.559999943,2.380000114,2.440000057,38604900,2.163616569,1.973437612,17908140,71.61698793,0.118734034,0.111140383,0.007593651,37.34847947
CCET,2024-01-16 00:00:00,2.173708677,2.420000076,2.5,2.420000076,2.460000038,12677100,2.188034046,1.990949866,17274780,66.97285331,0.124894454,0.113891198,0.011003257,38.51280122
CCET,2024-01-17 00:00:00,2.28149581,2.539999962,2.619999886,2.420000076,2.420000076,61756400,2.221554609,2.012481242,19257835,71.02043228,0.137870337,0.118687025,0.019183311,40.03360201
CCET,2024-01-18 00:00:00,2.38928318,2.660000086,2.700000048,2.5,2.539999962,43810400,2.263311321,2.037874138,20518790,74.39923451,0.156038114,0.126157243,0.029880871,41.69567751
CCET,2024-01-19 00:00:00,2.335389376,2.599999905,2.700000048,2.579999924,2.680000067,25478200,2.295376901,2.059918286,21084010,70.0043121,0.163707575,0.133667309,0.030040266,43.23903334
CCET,2024-01-22 00:00:00,2.371318817,2.640000105,2.680000067,2.579999924,2.599999905,18846200,2.328198158,2.082666592,20489365,71.2246973,0.171041699,0.141142187,0.029899512,44.67214946
CCET,2024-01-23 00:00:00,2.20963788,2.460000038,2.660000086,2.440000057,2.640000105,26867900,2.340750718,2.097463982,20361860,59.49439186,0.160479634,0.145009677,0.015469957,44.13850542
CCET,2024-01-24 00:00:00,2.28149581,2.539999962,2.559999943,2.460000038,2.460000038,14555600,2.359726837,2.114818335,20580475,62.45406166,0.156757445,0.14735923,0.009398214,43.64297882
CCET,2024-01-25 00:00:00,2.371318817,2.640000105,2.660000086,2.559999943,2.559999943,16448100,2.386419529,2.135413698,21149920,65.81640156,0.160032009,0.149893786,0.010138223,43.70733523
CCET,2024-01-26 00:00:00,2.586892843,2.880000114,2.960000038,2.660000086,2.660000086,93048500,2.433427204,2.164613165,25661205,72.24138204,0.179919125,0.155898854,0.024020271,44.85318038
CCET,2024-01-29 00:00:00,2.604857445,2.900000095,2.960000038,2.819999933,2.920000076,39888400,2.477862717,2.193451869,26766760,72.70184045,0.195045278,0.163728139,0.031317139,45.91717945
CCET,2024-01-30 00:00:00,2.497070074,2.779999971,2.900000095,2.74000001,2.880000114,32639200,2.506637694,2.216453755,28014375,65.66374704,0.195100854,0.170002682,0.025098173,46.01322323
CCET,2024-01-31 00:00:00,2.407247782,2.680000067,2.859999895,2.660000086,2.799999952,41485400,2.523148396,2.234632042,29594950,60.41498518,0.184943826,0.172990911,0.011952915,45.28567912
CCET,2024-02-01 00:00:00,2.461140871,2.74000001,2.75999999,2.599999905,2.680000067,24605000,2.543800931,2.254450393,30378915,62.35912226,0.179664738,0.174325676,0.005339062,44.03756147
CCET,2024-02-02 00:00:00,2.407247782,2.680000067,2.75999999,2.680000067,2.75999999,14338500,2.556772277,2.271138616,30634885,59.22657677,0.168694919,0.173199525,-0.004504606,42.87859509
CCET,2024-02-05 00:00:00,2.443176985,2.720000029,2.74000001,2.619999886,2.660000086,14770200,2.572317777,2.288741024,31165640,60.64589839,0.161368762,0.170833372,-0.00946461,41.21760965
CCET,2024-02-06 00:00:00,2.56892848,2.859999895,2.900000095,2.700000048,2.720000029,35691700,2.599716074,2.311143333,31496395,65.21051561,0.164958016,0.169658301,-0.004700285,40.56728818
CCET,2024-02-07 00:00:00,2.748573542,3.059999943,3.140000105,2.839999914,2.900000095,96551900,2.643552633,2.340510259,35671675,70.47845331,0.181844666,0.172095574,0.009749092,40.93630252
CCET,2024-02-08 00:00:00,2.748573542,3.059999943,3.079999924,3,3.039999962,20471300,2.683214281,2.36872554,35191095,70.47845331,0.193002643,0.176276988,0.016725655,41.27895869
CCET,2024-02-09 00:00:00,2.820431709,3.140000105,3.200000048,3.039999962,3.079999924,42550800,2.726717693,2.398971602,35754285,72.41611605,0.205926967,0.182206984,0.023719984,42.00110934
CCET,2024-02-12 00:00:00,2.838396549,3.160000086,3.180000067,3.039999962,3.119999886,25367800,2.767982683,2.428815856,35092430,72.89508844,0.215301556,0.188825898,0.026475658,42.6716778
CCET,2024-02-13 00:00:00,2.820431709,3.140000105,3.24000001,3.119999886,3.140000105,31237400,2.803412914,2.456705434,36020445,71.55697869,0.2185973,0.194780179,0.023817122,43.49223029
CCET,2024-02-14 00:00:00,2.91025424,3.24000001,3.25999999,3.079999924,3.099999905,36352400,2.844992637,2.487422869,34750245,74.11549409,0.226665499,0.201157243,0.025508257,43.82133961
CCET,2024-02-15 00:00:00,2.802467108,3.119999886,3.25999999,3.119999886,3.24000001,23063200,2.871183804,2.512229811,33712885,66.39707988,0.220830996,0.205091993,0.015739002,44.12694112
CCET,2024-02-16 00:00:00,2.640786409,2.940000057,3.160000086,2.900000095,3.099999905,31529400,2.877737733,2.529005114,34015445,56.83579813,0.19938425,0.203950445,-0.004566194,42.29005049
CCET,2024-02-19 00:00:00,2.694680214,3,3.059999943,2.920000076,2.920000076,12677800,2.889381758,2.547475502,33707025,58.95740716,0.18509538,0.200179432,-0.015084052,40.58436632
CCET,2024-02-20 00:00:00,2.550963879,2.839999914,3,2.779999971,3,25963300,2.884678725,2.558947048,33661795,51.66468765,0.159027507,0.191949047,-0.03292154,37.91043457
CCET,2024-02-21 00:00:00,2.622822046,2.920000076,2.980000019,2.779999971,2.880000114,27302500,2.888042663,2.57310599,34299140,54.68302242,0.14317346,0.182193929,-0.03902047,35.42749794
CCET,2024-02-22 00:00:00,2.407247782,2.680000067,2.940000057,2.640000105,2.880000114,46867000,2.868229083,2.577297915,35820085,45.50292541,0.109975291,0.167750202,-0.05777491,33.63009784
CCET,2024-02-23 00:00:00,2.371318817,2.640000105,2.75999999,2.619999886,2.720000029,39243400,2.84649299,2.579756824,33129830,44.1719372,0.079521171,0.150104396,-0.070583225,32.08680073
CCET,2024-02-27 00:00:00,2.694680214,3,3,2.640000105,2.640000105,59057700,2.861112705,2.596236948,34088295,56.5034682,0.083472821,0.136778081,-0.05330526,30.554068
CCET,2024-02-28 00:00:00,2.443176985,2.720000029,2.779999971,2.640000105,2.640000105,57498800,2.847673402,2.601090403,35331275,47.68168585,0.063281406,0.122078746,-0.05879734,29.13081619
CCET,2024-02-29 00:00:00,2.191673279,2.440000057,2.700000048,2.440000057,2.700000048,53466100,2.80884737,2.594773134,35930310,40.8185379,0.024404585,0.102543914,-0.078139328,27.58269933
CCET,2024-03-01 00:00:00,2.227602005,2.480000019,2.539999962,2.440000057,2.440000057,14409600,2.777528574,2.590272228,35420540,42.10066653,-0.003141697,0.081406792,-0.084548488,26.14516226
CCET,2024-03-04 00:00:00,2.299460411,2.559999943,2.599999905,2.5,2.5,12817600,2.756811562,2.589085079,35344495,44.68190314,-0.018305979,0.061464237,-0.079770216,24.39722033
CCET,2024-03-05 00:00:00,2.28149581,2.539999962,2.599999905,2.519999981,2.559999943,8361300,2.736162838,2.587160173,35024050,44.15196041,-0.031573651,0.04285666,-0.074430311,22.77413139
CCET,2024-03-06 00:00:00,2.335389376,2.599999905,2.619999886,2.519999981,2.519999981,12225900,2.72319494,2.587663692,33850760,46.21297348,-0.036822417,0.026920844,-0.063743262,21.17585791
CCET,2024-03-07 00:00:00,2.317424774,2.579999924,2.599999905,2.559999943,2.599999905,5170300,2.709557319,2.587363152,29281680,45.60876811,-0.04211051,0.013114573,-0.055225083,19.69174682
CCET,2024-03-08 00:00:00,2.407247782,2.680000067,2.720000029,2.619999886,2.619999886,21328700,2.706742343,2.590995972,29324550,49.18609761,-0.037796491,0.00293236,-0.040728852,19.19732967
CCET,2024-03-11 00:00:00,2.38928318,2.660000086,2.680000067,2.599999905,2.680000067,11442100,2.702290699,2.593702016,27769115,48.49906545,-0.035581273,-0.004770366,-0.030810907,18.56256469
CCET,2024-03-12 00:00:00,2.38928318,2.660000086,2.660000086,2.660000086,2.660000086,0,2.698263022,2.59630194,26500725,48.49906545,-0.033440218,-0.010504337,-0.022935882,17.97314007
CCET,2024-03-13 00:00:00,2.299460411,2.559999943,2.599999905,2.539999962,2.579999924,6121700,2.685095109,2.594878332,25244940,44.86507719,-0.039358888,-0.016275247,-0.023083641,16.99103879
CCET,2024-03-14 00:00:00,2.28149581,2.539999962,2.579999924,2.519999981,2.579999924,7065200,2.671276524,2.592726239,23780580,44.1525207,-0.045142929,-0.022048783,-0.023094145,16.2371358
CCET,2024-03-15 00:00:00,2.353353977,2.619999886,2.660000086,2.5,2.519999981,20038400,2.666393035,2.593795794,23629340,47.72869668,-0.042778374,-0.026194702,-0.016583673,15.30571906
CCET,2024-03-18 00:00:00,2.299460411,2.559999943,2.619999886,2.539999962,2.619999886,14012400,2.656260359,2.592470466,22753490,45.38154822,-0.045224621,-0.030000685,-0.015223935,14.44083209
CCET,2024-03-19 00:00:00,2.331846952,2.519999981,2.559999943,2.5,2.539999962,5079700,2.64328318,2.589628487,22373585,43.83392661,-0.049816696,-0.033963887,-0.015852808,13.54855657
CCET,2024-03-20 00:00:00,2.331846952,2.519999981,2.519999981,2.519999981,2.519999981,0,2.631541923,2.586897957,21075420,43.83392661,-0.052846763,-0.037740463,-0.015106301,12.72001501
CCET,2024-03-21 00:00:00,2.368860483,2.559999943,2.559999943,2.480000019,2.5,7371000,2.624728401,2.585843133,20078845,45.97082172,-0.051427626,-0.040477895,-0.01094973,11.950655
CCET,2024-03-22 00:00:00,2.368860483,2.559999943,2.559999943,2.559999943,2.559999943,0,2.618563786,2.584829674,17735495,45.97082172,-0.049729696,-0.042328255,-0.00740144,11.23624927
CCET,2024-03-25 00:00:00,2.239313602,2.420000076,2.440000057,2.339999914,2.339999914,12417800,2.599652957,2.578365769,16394215,39.82104673,-0.059000769,-0.045662758,-0.013338011,12.46031697
CCET,2024-03-26 00:00:00,2.239313602,2.420000076,2.420000076,2.420000076,2.420000076,0,2.582543158,2.572155349,13441330,39.82104673,-0.065592057,-0.049648618,-0.015943439,13.59695126
CCET,2024-03-27 00:00:00,2.29483366,2.480000019,2.519999981,2.400000095,2.420000076,14228800,2.572777145,2.568541415,11277830,43.57299256,-0.065222364,-0.052763367,-0.012458997,13.51175201
CCET,2024-03-28 00:00:00,2.29483366,2.480000019,2.480000019,2.480000019,2.480000019,0,2.563941228,2.565069203,8604525,43.57299256,-0.064189443,-0.055048582,-0.009140861,13.43263842
CCET,2024-03-29 00:00:00,2.29483366,2.480000019,2.519999981,2.440000057,2.519999981,6072200,2.555946828,2.561733157,8187655,43.57299256,-0.062648671,-0.0565686,-0.006080071,13.3591758
CCET,2024-04-01 00:00:00,2.276327133,2.460000038,2.480000019,2.440000057,2.480000019,4085200,2.546809038,2.557743623,7751035,42.4706078,-0.062323008,-0.057719482,-0.004603527,13.29096051
CCET,2024-04-02 00:00:00,2.350353956,2.539999962,2.559999943,2.420000076,2.480000019,13331700,2.546160555,2.557047793,7999555,48.12420958,-0.054975866,-0.057170758,0.002194893,12.40342379
CCET,2024-04-03 00:00:00,2.29483366,2.480000019,2.559999943,2.480000019,2.5,7038100,2.539859551,2.554026312,7740165,44.5852728,-0.053379372,-0.056412481,0.003033109,11.57928255
CCET,2024-04-04 00:00:00,2.239313602,2.420000076,2.5,2.420000076,2.480000019,7002700,2.528444363,2.548770381,7831785,41.31348094,-0.056306566,-0.056391298,8.47319E-05,11.36129114
CCET,2024-04-05 00:00:00,2.239313602,2.420000076,2.460000038,2.420000076,2.420000076,2970300,2.518116336,2.543720565,6913865,41.31348094,-0.057958282,-0.056704695,-0.001253587,11.15887054
CCET,2024-04-09 00:00:00,2.29483366,2.480000019,2.519999981,2.420000076,2.420000076,7106500,2.51448621,2.54122172,6697085,45.91635956,-0.053805547,-0.056124865,0.002319318,10.50831497
CCET,2024-04-10 00:00:00,2.276327133,2.460000038,2.519999981,2.440000057,2.480000019,9225700,2.509297051,2.538036556,7158370,44.65898844,-0.051534252,-0.055206743,0.003672491,9.90422765
CCET,2024-04-11 00:00:00,2.239313602,2.420000076,2.460000038,2.400000095,2.440000057,6927400,2.500792577,2.533407674,7198655,42.17166933,-0.052358342,-0.054637063,0.00227872,9.561130232
CCET,2024-04-17 00:00:00,2.239313602,2.420000076,2.420000076,2.420000076,2.420000076,0,2.493098053,2.528960318,6845395,42.17166933,-0.052407321,-0.054191114,0.001783794,9.242539772
CCET,2024-04-18 00:00:00,2.239313602,2.420000076,2.420000076,2.420000076,2.420000076,0,2.486136341,2.524687367,5843475,42.17166933,-0.05184846,-0.053722583,0.001874124,8.946705774
CCET,2024-04-19 00:00:00,2.239313602,2.420000076,2.420000076,2.420000076,2.420000076,0,2.479837649,2.520581983,5142855,42.17166933,-0.05081974,-0.053142015,0.002322275,8.672002775
CCET,2024-04-22 00:00:00,2.109766245,2.279999971,2.299999952,2.24000001,2.25999999,4737200,2.46080549,2.511147394,5125730,33.41128243,-0.06060272,-0.054634156,-0.005968565,10.43587219
CCET,2024-04-23 00:00:00,2.128273249,2.299999952,2.339999914,2.24000001,2.279999971,5359400,2.445490677,2.502867103,5393700,35.4734633,-0.065981379,-0.0569036,-0.009077779,11.43991323
CCET,2024-04-24 00:00:00,2.128273249,2.299999952,2.299999952,2.299999952,2.299999952,0,2.431634417,2.494911528,5025150,35.4734633,-0.069443503,-0.059411581,-0.010031922,12.37223706
CCET,2024-04-25 00:00:00,2.146780014,2.319999933,2.319999933,2.25999999,2.25999999,2413700,2.421002561,2.48805225,5145835,37.71068501,-0.069769175,-0.0614831,-0.008286075,13.62434151
CCET,2024-04-26 00:00:00,2.091259956,2.25999999,2.319999933,2.25999999,2.299999952,3005100,2.405668983,2.479109024,4675200,33.91202574,-0.074015561,-0.063989592,-0.010025969,14.78700993
CCET,2024-04-29 00:00:00,2.128273249,2.299999952,2.299999952,2.25999999,2.25999999,2173000,2.395605266,2.472085139,4783850,38.36917641,-0.073308139,-0.065853301,-0.007454837,15.86663061
CCET,2024-04-30 00:00:00,2.128273249,2.299999952,2.299999952,2.299999952,2.299999952,0,2.386499998,2.4653367,4072410,38.36917641,-0.07191847,-0.067066335,-0.004852135,16.86913552
CCET,2024-05-02 00:00:00,2.091259956,2.25999999,2.319999933,2.25999999,2.279999971,2639300,2.374452378,2.45728428,4204375,35.5857463,-0.073200995,-0.068293267,-0.004907728,18.24009391
CCET,2024-05-03 00:00:00,2.220806837,2.400000095,2.420000076,2.25999999,2.279999971,15801800,2.376885494,2.455037841,4690855,49.41685859,-0.062203524,-0.067075318,0.004871795,17.65347346
CCET,2024-05-07 00:00:00,2.220806837,2.400000095,2.400000095,2.400000095,2.400000095,0,2.379086885,2.452879498,4486595,49.41685859,-0.052878399,-0.064235935,0.011357536,17.10875446
CCET,2024-05-08 00:00:00,2.220806837,2.400000095,2.460000038,2.380000114,2.420000076,7343700,2.381078619,2.450805796,4187195,49.41685859,-0.044969786,-0.060382705,0.015412918,16.09393493
CCET,2024-05-09 00:00:00,2.257820368,2.440000057,2.559999943,2.400000095,2.400000095,25377000,2.386690185,2.450382042,5104140,53.01685816,-0.035070224,-0.055320209,0.020249985,16.35958989
CCET,2024-05-10 00:00:00,2.387367249,2.579999924,2.599999905,2.400000095,2.460000038,36238000,2.405100636,2.455465096,6565905,62.95452706,-0.015746415,-0.04740545,0.031659035,17.00600922
CCET,2024-05-13 00:00:00,2.424380779,2.619999886,2.680000067,2.559999943,2.619999886,34787000,2.425567231,2.461917441,8156740,65.21818768,0.002763647,-0.037371631,0.040135278,18.30248908
CCET,2024-05-14 00:00:00,2.46139431,2.660000086,2.680000067,2.599999905,2.619999886,16712900,2.44789417,2.469685388,8637060,67.36570965,0.020425238,-0.025812257,0.046237495,19.50636323
CCET,2024-05-15 00:00:00,2.998089075,3.24000001,3.24000001,2.779999971,2.799999952,284618300,2.523332821,2.499893804,22406690,83.38486732,0.0802977,-0.004590265,0.084887966,23.0084872
CCET,2024-05-16 00:00:00,2.998089075,3.24000001,3.24000001,3.24000001,3.24000001,0,2.591586839,2.528917577,22060320,83.38486732,0.126291251,0.021586038,0.104705213,26.26045945
CCET,2024-05-17 00:00:00,3.072115898,3.319999933,3.579999924,3.25999999,3.319999933,113170700,2.660959515,2.559940414,27718855,84.59454854,0.167268628,0.050722556,0.116546072,29.87805086
CCET,2024-05-20 00:00:00,3.072115898,3.319999933,3.319999933,3.319999933,3.319999933,0,2.723725269,2.58974667,27718855,84.59454854,0.197467216,0.080071488,0.117395728,33.23724288
CCET,2024-05-21 00:00:00,3.035102367,3.279999971,3.319999933,3.180000067,3.299999952,37818900,2.776703812,2.616815427,29609800,81.16773919,0.215685859,0.107194362,0.108491497,34.93207078
CCET,2024-05-23 00:00:00,3.479264021,3.75999999,3.75999999,3.279999971,3.299999952,125968400,2.870351067,2.661646194,35671360,87.63879099,0.265792366,0.138913963,0.126878403,37.35475858
CCET,2024-05-24 00:00:00,3.479264021,3.75999999,3.75999999,3.75999999,3.75999999,0,2.955079536,2.704718892,35403390,87.63879099,0.302020628,0.171535296,0.130485332,39.60439725
CCET,2024-05-27 00:00:00,3.479264021,3.75999999,3.75999999,3.75999999,3.75999999,0,3.031738627,2.746102465,35403390,87.63879099,0.326962763,0.202620789,0.124341974,41.69334744
CCET,2024-05-28 00:00:00,3.201662779,3.460000038,3.680000067,3.440000057,3.619999886,60462100,3.072525428,2.774098448,38305810,69.10326331,0.318846631,0.225865958,0.092980673,41.21435652
CCET,2024-05-29 00:00:00,3.294196844,3.559999943,3.619999886,3.440000057,3.460000038,48412600,3.118951572,2.804918114,40576185,71.28349777,0.316831458,0.244059058,0.0727724,40.76957923
CCET,2024-05-30 00:00:00,3.294196844,3.559999943,3.559999943,3.559999943,3.559999943,0,3.160956179,2.834529166,40467535,71.28349777,0.311642004,0.257575647,0.054066357,40.35657175
CCET,2024-05-31 00:00:00,3.294196844,3.559999943,3.559999943,3.559999943,3.559999943,0,3.198960347,2.862979001,40467535,71.28349777,0.304024717,0.266865461,0.037159256,39.97306481
CCET,2024-06-04 00:00:00,3.220170021,3.480000019,3.75999999,3.440000057,3.640000105,55682300,3.22572603,2.887175903,43119685,66.58851548,0.288210327,0.271134434,0.017075893,40.28689852
CCET,2024-06-05 00:00:00,3.294196844,3.559999943,3.579999924,3.5,3.519999981,18071200,3.257561641,2.91356116,43233155,68.80142853,0.278917448,0.272691037,0.006226411,40.57831555
CCET,2024-06-06 00:00:00,3.312703133,3.579999924,3.680000067,3.559999943,3.640000105,30119000,3.288270049,2.939696013,44739105,69.34800633,0.270053596,0.272163549,-0.002109953,41.15569596
CCET,2024-06-07 00:00:00,3.460757256,3.74000001,3.900000095,3.559999943,3.579999924,183334900,3.33129195,2.971080484,53538665,73.36776692,0.272794988,0.272289837,0.000505152,42.25884375
CCET,2024-06-10 00:00:00,3.423743725,3.700000048,3.74000001,3.599999905,3.700000048,50975500,3.366407007,2.999665565,54818590,70.86568517,0.268643148,0.271560499,-0.002917351,43.28319527
CCET,2024-06-11 00:00:00,3.423743725,3.700000048,3.74000001,3.640000105,3.74000001,37605800,3.398177772,3.027129662,54886980,70.86568517,0.262328821,0.269714163,-0.007385342,44.23437883
CCET,2024-06-12 00:00:00,3.756864548,4.059999943,4.159999847,3.680000067,3.700000048,195078700,3.461208455,3.067634379,62901565,78.51397628,0.283110137,0.272393358,0.010716779,45.95267867
CCET,2024-06-13 00:00:00,3.738358021,4.039999962,4.139999866,3.980000019,4.099999905,88368700,3.516331456,3.105766363,66484355,77.29988775,0.294570028,0.276828692,0.017741336,47.54824281
CCET,2024-06-14 00:00:00,3.553290844,3.839999914,4.28000021,3.74000001,4.119999886,241915100,3.547157023,3.134559835,64349195,66.26489401,0.284237233,0.2783104,0.005926832,47.20896652
CCET,2024-06-17 00:00:00,3.53478384,3.819999933,3.880000114,3.74000001,3.819999933,59768700,3.573142062,3.161439839,67337630,65.26158433,0.271307127,0.276909746,-0.005602619,46.89392426
CCET,2024-06-18 00:00:00,3.53478384,3.819999933,3.819999933,3.819999933,3.819999933,0,3.596652336,3.187265725,61679095,65.26158433,0.258084882,0.273144773,-0.01505989,46.60138501
CCET,2024-06-19 00:00:00,3.53478384,3.819999933,3.819999933,3.819999933,3.819999933,0,3.617923536,3.212078831,61679095,65.26158433,0.244784436,0.267472706,-0.022688269,46.32974142
CCET,2024-06-20 00:00:00,3.719851494,4.019999981,4.019999981,3.920000076,3.940000057,37346700,3.65621653,3.243762014,61655485,70.78611492,0.247528712,0.263483907,-0.015955195,46.67053354
CCET,2024-06-21 00:00:00,3.70134449,4,4.039999962,3.880000114,3.920000076,48800300,3.688957813,3.273418405,57797080,69.5942072,0.245262506,0.259839627,-0.014577121,46.6598067
CCET,2024-06-24 00:00:00,3.70134449,4,4,4,4,0,3.718580879,3.301911801,57797080,69.5942072,0.240691974,0.256010096,-0.015318122,46.64984606
CCET,2024-06-25 00:00:00,3.70134449,4,4,4,4,0,3.7453827,3.329287809,57797080,69.5942072,0.234368144,0.251681706,-0.017313562,46.6405969
CCET,2024-06-26 00:00:00,3.70134449,4,4,4,4,0,3.769631966,3.355590248,54773975,69.5942072,0.226742714,0.246693907,-0.019951193,46.63200839
CCET,2024-06-27 00:00:00,3.719851494,4.019999981,4.039999962,3.900000095,3.980000019,31260700,3.793476539,3.381645531,53916380,70.2675921,0.219779853,0.241311096,-0.021531244,45.65589748
CCET,2024-06-28 00:00:00,3.627317667,3.920000076,4.039999962,3.920000076,4.019999981,18668200,3.8055264,3.402757474,54849790,62.78091089,0.203842805,0.233817438,-0.029974633,44.74950877
CCET,2024-07-01 00:00:00,3.627317667,3.920000076,3.920000076,3.920000076,3.920000076,0,3.816428655,3.423041498,54849790,62.78091089,0.189033519,0.224860654,-0.035827135,43.90786212
CCET,2024-07-02 00:00:00,3.386730194,3.660000086,3.900000095,3.640000105,3.900000095,46076000,3.801530696,3.432333992,54369475,47.51538861,0.154535834,0.21079569,-0.056259856,40.80483768
CCET,2024-07-03 00:00:00,3.516277552,3.799999952,3.819999933,3.700000048,3.720000029,23560400,3.801384911,3.446752265,54643935,54.00126826,0.136914722,0.196019497,-0.059104775,37.92345785
CCET,2024-07-04 00:00:00,3.553290844,3.839999914,3.920000076,3.819999933,3.859999895,26698600,3.80506253,3.462173741,54472915,55.6862382,0.124739605,0.181763518,-0.057023913,35.90151496
CCET,2024-07-05 00:00:00,3.738358021,4.039999962,4.039999962,3.880000114,3.900000095,56497200,3.827437524,3.484833593,48131030,62.98682608,0.129733582,0.171357531,-0.041623949,34.70956998
CCET,2024-07-08 00:00:00,4.182519913,4.519999981,4.519999981,4,4.039999962,180045200,3.893395853,3.525428353,54584515,74.04058439,0.170458397,0.171177704,-0.000719308,35.41390305
CCET,2024-07-09 00:00:00,4.182519913,4.519999981,4.519999981,4.519999981,4.519999981,0,3.953072437,3.564431162,52704225,74.04058439,0.200422757,0.177026715,0.023396042,36.06792661
CCET,2024-07-10 00:00:00,3.775371552,4.079999924,4.199999809,4.019999981,4.079999924,79303300,3.965160769,3.584649545,46915455,56.1980754,0.186515368,0.178924445,0.007590922,33.83617896
CCET,2024-07-11 00:00:00,3.738358021,4.039999962,4.199999809,4.039999962,4.179999828,93290000,3.972288311,3.602506424,47161520,54.90277089,0.170302854,0.177200127,-0.006897273,31.76384185
CCET,2024-07-12 00:00:00,3.738358021,4.039999962,4.039999962,4.039999962,4.039999962,0,3.978737039,3.619663033,35065765,54.90277089,0.155659968,0.172892095,-0.017232127,29.83952882
CCET,2024-07-15 00:00:00,3.738358021,4.039999962,4.039999962,4.039999962,4.039999962,0,3.984571604,3.636146834,32077330,54.90277089,0.142413719,0.16679642,-0.024382701,28.05266672
CCET,2024-07-16 00:00:00,3.590304613,3.880000114,4.039999962,3.839999914,3.900000095,33582100,3.974612414,3.645709708,33756435,49.23352367,0.117649135,0.156966963,-0.039317828,26.66918092
CCET,2024-07-17 00:00:00,3.590304613,3.880000114,3.880000114,3.880000114,3.880000114,0,3.965601719,3.654897567,33756435,49.23352367,0.096905952,0.144954761,-0.048048809,25.38451553
CCET,2024-07-18 00:00:00,3.460757256,3.74000001,3.75999999,3.640000105,3.700000048,33540600,3.944115842,3.658234918,33566130,44.56379682,0.06838173,0.129640155,-0.061258425,25.18345793
CCET,2024-07-19 00:00:00,3.442250729,3.720000029,3.839999914,3.680000067,3.720000029,34100300,3.922771479,3.660657079,32831130,43.92287186,0.043658973,0.112443918,-0.068784945,24.54359224
CCET,2024-07-23 00:00:00,3.516277552,3.799999952,3.900000095,3.720000029,3.779999971,48340500,3.911078952,3.666121506,35248155,47.19439291,0.030173514,0.095989838,-0.065816323,23.61628229
CCET,2024-07-24 00:00:00,3.479264021,3.75999999,3.819999933,3.74000001,3.74000001,18293200,3.89669048,3.669803015,36162815,45.75699779,0.016073246,0.080006519,-0.063933273,22.75520878
CCET,2024-07-25 00:00:00,3.201662779,3.460000038,3.700000048,3.400000095,3.660000086,62427600,3.855100914,3.661575447,39284195,36.72316319,-0.019088764,0.060187463,-0.079276226,23.27396146
CCET,2024-07-26 00:00:00,3.368223667,3.640000105,3.720000029,3.440000057,3.460000038,39998800,3.834615123,3.660729355,39721100,43.88215349,-0.032060831,0.041737804,-0.073798635,23.63448545
CCET,2024-07-30 00:00:00,3.368223667,3.640000105,3.640000105,3.640000105,3.640000105,0,3.816080359,3.659916443,38787690,43.88215349,-0.041858767,0.02501849,-0.066877256,23.96925773
CCET,2024-07-31 00:00:00,3.442250729,3.720000029,3.839999914,3.680000067,3.799999952,39978000,3.806929851,3.662272662,40786590,46.97443209,-0.042676428,0.011479506,-0.054155935,23.07541267
CCET,2024-08-01 00:00:00,3.442250729,3.720000029,3.880000114,3.680000067,3.75999999,50650500,3.798650821,3.664536481,41015315,46.97443209,-0.042830706,0.000617464,-0.043448169,22.02624588
CCET,2024-08-02 00:00:00,3.442250729,3.720000029,3.720000029,3.720000029,3.720000029,0,3.791160269,3.666711522,39837295,46.97443209,-0.042463479,-0.007998725,-0.034464754,21.05201957
CCET,2024-08-05 00:00:00,3.035102367,3.279999971,3.420000076,3.200000048,3.359999895,53787700,3.742478336,3.651546363,41191750,34.0758596,-0.076791571,-0.021757294,-0.055034277,22.06678755
CCET,2024-08-06 00:00:00,2.905555487,3.140000105,3.400000095,3.099999905,3.359999895,63491300,3.685099457,3.631485725,41541455,31.14541322,-0.113979763,-0.040201788,-0.073777975,23.27389872
CCET,2024-08-07 00:00:00,3.146143198,3.400000095,3.5,3.25999999,3.319999933,76137800,3.657947137,3.622407858,36346085,41.25013234,-0.121076156,-0.056376661,-0.064699494,23.81817608
CCET,2024-08-08 00:00:00,3.146143198,3.400000095,3.400000095,3.400000095,3.400000095,0,3.633380752,3.613685985,36346085,41.25013234,-0.125256222,-0.070152573,-0.055103649,24.32357649
CCET,2024-08-09 00:00:00,3.109129429,3.359999895,3.519999981,3.319999933,3.440000057,56713500,3.60734448,3.60373751,35216595,40.19756635,-0.130294681,-0.082180995,-0.048113686,24.09355036
CCET,2024-08-13 00:00:00,3.238676548,3.5,3.539999962,3.25999999,3.299999952,47187800,3.597121196,3.599669373,32911485,45.44458632,-0.121589253,-0.090062647,-0.031526606,24.09814049
CCET,2024-08-14 00:00:00,3.312703133,3.579999924,3.579999924,3.380000114,3.559999943,70893700,3.595490599,3.598898022,36456170,48.23931571,-0.107001367,-0.093450391,-0.013550977,23.86255945
CCET,2024-08-15 00:00:00,3.312703133,3.579999924,3.579999924,3.579999924,3.579999924,0,3.594015296,3.59815692,36456170,48.23931571,-0.094352724,-0.093630857,-0.000721866,23.64380564
CCET,2024-08-16 00:00:00,3.275690079,3.539999962,3.559999943,3.480000019,3.5,30144800,3.588870979,3.595876255,36284305,46.84766816,-0.086558453,-0.092216376,0.005657923,23.85201878
CCET,2024-08-19 00:00:00,3.275690079,3.539999962,3.539999962,3.539999962,3.539999962,0,3.584216596,3.593685028,36284305,46.84766816,-0.07946541,-0.089666183,0.010200773,24.04535956
CCET,2024-08-20 00:00:00,3.405237436,3.680000067,3.720000029,3.559999943,3.579999924,75007700,3.593338831,3.597069931,38357660,52.41946868,-0.061834494,-0.084099845,0.022265352,23.03354298
CCET,2024-08-21 00:00:00,3.368223667,3.640000105,3.700000048,3.579999924,3.640000105,50357600,3.597782762,3.598753467,39170525,50.78153994,-0.050507312,-0.077381339,0.026874027,22.09399902
CCET,2024-08-22 00:00:00,3.368223667,3.640000105,3.640000105,3.640000105,3.640000105,0,3.601803461,3.600370983,36753500,50.78153994,-0.041057157,-0.070116502,0.029059345,21.22156534
CCET,2024-08-23 00:00:00,3.275690079,3.539999962,3.599999905,3.519999981,3.519999981,22057100,3.595917414,3.598003492,36941695,46.56307492,-0.041162521,-0.064325706,0.023163185,21.04796854
CCET,2024-08-26 00:00:00,3.386730194,3.660000086,3.779999971,3.519999981,3.539999962,63226800,3.602020526,3.600434731,36981655,51.74355133,-0.031203323,-0.057701229,0.026497906,19.71809951
CCET,2024-08-27 00:00:00,3.497770548,3.779999971,3.880000114,3.660000086,3.74000001,82652100,3.618970949,3.607476505,39114320,56.30539005,-0.013472299,-0.048855443,0.035383144,18.69310996
CCET,2024-08-28 00:00:00,3.526054382,3.74000001,3.839999914,3.700000048,3.74000001,53192600,3.630497526,3.612673505,41773950,54.4573783,-0.002617821,-0.039607919,0.036990098,17.74133396
CCET,2024-08-29 00:00:00,3.469486952,3.680000067,3.720000029,3.619999886,3.700000048,21957400,3.635212054,3.615313762,40872920,51.7154805,0.001129913,-0.031460352,0.032590265,16.58719571
CCET,2024-08-30 00:00:00,3.658046007,3.880000114,3.900000095,3.700000048,3.700000048,74064500,3.658525202,3.625693619,42043620,59.10662128,0.020007714,-0.021166739,0.041174454,16.28937163
CCET,2024-09-02 00:00:00,3.658046007,3.880000114,3.880000114,3.880000114,3.880000114,0,3.679618051,3.635666423,42043620,59.10662128,0.034570007,-0.01001939,0.044589397,16.01282071
CCET,2024-09-03 00:00:00,3.658046007,3.880000114,3.880000114,3.880000114,3.880000114,0,3.698702057,3.645248136,39354235,59.10662128,0.04558525,0.001101538,0.044483712,15.75602342
CCET,2024-09-04 00:00:00,3.658046007,3.880000114,3.880000114,3.880000114,3.880000114,0,3.715968539,3.654454096,36179670,59.10662128,0.053695936,0.011620418,0.042075518,15.51756879
CCET,2024-09-05 00:00:00,3.544910431,3.75999999,3.900000095,3.720000029,3.859999895,55810500,3.72016201,3.658593151,35163305,52.60767432,0.049865883,0.019269511,0.030596373,14.65821064
CCET,2024-09-06 00:00:00,3.375206947,3.579999924,3.799999952,3.559999943,3.779999971,62478100,3.70681324,3.655511064,38287210,44.67302288,0.031937878,0.021803184,0.010134694,14.77168991
CCET,2024-09-09 00:00:00,3.375206947,3.579999924,3.579999924,3.579999924,3.579999924,0,3.694735782,3.652549842,35451535,44.67302288,0.017527756,0.020948099,-0.003420343,14.87706352
CCET,2024-09-10 00:00:00,3.450630903,3.660000086,3.779999971,3.660000086,3.74000001,27581000,3.69142762,3.652842009,34471195,48.66407765,0.012419806,0.01924244,-0.006822634,13.98944644
CCET,2024-09-11 00:00:00,3.469486952,3.680000067,3.74000001,3.640000105,3.680000067,18731900,3.690339282,3.653907031,31863105,49.64208448,0.009871756,0.017368303,-0.007496548,13.04063284
CCET,2024-09-12 00:00:00,3.526054382,3.74000001,3.819999933,3.720000029,3.75999999,35603400,3.695068875,3.657283226,33643275,52.56188942,0.012549241,0.016404491,-0.00385525,12.64423763
CCET,2024-09-13 00:00:00,3.469486952,3.680000067,3.74000001,3.680000067,3.74000001,13972500,3.69363375,3.658174082,32834660,49.47275455,0.009717655,0.015067124,-0.005349469,12.0036753
CCET,2024-09-16 00:00:00,3.469486952,3.680000067,3.680000067,3.680000067,3.680000067,0,3.692335304,3.659030003,32834660,49.47275455,0.007388433,0.013531386,-0.006142953,11.40886743
CCET,2024-09-17 00:00:00,3.469486952,3.680000067,3.680000067,3.680000067,3.680000067,0,3.69116052,3.659852359,29084275,49.47275455,0.005479345,0.011920977,-0.006441632,10.85654583
CCET,2024-09-18 00:00:00,3.469486952,3.680000067,3.680000067,3.680000067,3.680000067,0,3.690097619,3.660642465,26566395,49.47275455,0.003921179,0.010321018,-0.006399839,10.34367578
CCET,2024-09-19 00:00:00,3.469486952,3.680000067,3.680000067,3.680000067,3.680000067,0,3.689135948,3.661401587,26566395,49.47275455,0.002655707,0.008787956,-0.006132248,9.867439302
CCET,2024-09-20 00:00:00,3.469486952,3.680000067,3.680000067,3.680000067,3.680000067,0,3.688265864,3.662130939,25463540,49.47275455,0.001633976,0.00735716,-0.005723183,9.425219715
CCET,2024-09-23 00:00:00,3.488342762,3.700000048,3.799999952,3.700000048,3.779999971,18327300,3.689383405,3.663616002,23218565,50.97107638,0.002410294,0.006367787,-0.003957492,9.994521932
CCET,2024-09-24 00:00:00,3.544910431,3.75999999,3.779999971,3.660000086,3.700000048,21349500,3.696108794,3.667395766,20153435,55.25759528,0.007777373,0.006649704,0.001127669,10.11528806
CCET,2024-09-25 00:00:00,3.526054382,3.74000001,3.819999933,3.720000029,3.799999952,19172500,3.70028891,3.670242991,18452430,53.57613282,0.010298278,0.007379419,0.002918859,10.54141863
CCET,2024-09-26 00:00:00,3.563766241,3.779999971,3.859999895,3.74000001,3.779999971,48121100,3.70788044,3.674547187,19760615,56.43162661,0.015346867,0.008972908,0.006373959,11.24207658
CCET,2024-09-27 00:00:00,3.563766241,3.779999971,3.779999971,3.779999971,3.779999971,0,3.714748966,3.67868259,16057390,56.43162661,0.019127421,0.011003811,0.00812361,11.89268753
CCET,2024-09-30 00:00:00,3.507198572,3.720000029,3.75999999,3.680000067,3.720000029,11544200,3.715249068,3.680302882,16634600,50.97688907,0.017085097,0.012220068,0.004865029,11.39175291
CCET,2024-10-01 00:00:00,3.790037155,4.019999981,4.039999962,3.720000029,3.720000029,109882300,3.744272964,3.693624337,22128715,67.75819284,0.039221904,0.017620435,0.021601469,12.82455815
CCET,2024-10-02 00:00:00,3.752325296,3.980000019,4.099999905,3.940000057,4,98864900,3.76672316,3.704854756,27071960,64.58372455,0.052927703,0.024681889,0.028245814,14.45154463
CCET,2024-10-03 00:00:00,3.658046007,3.880000114,4,3.859999895,4,53562000,3.777511441,3.711723201,26959535,57.34992123,0.055085499,0.030762611,0.024322888,15.1874304
CCET,2024-10-04 00:00:00,3.658046007,3.880000114,3.880000114,3.880000114,3.880000114,0,3.787272267,3.718322296,23835630,57.34992123,0.056148325,0.035839754,0.020308571,15.8707529
CCET,2024-10-07 00:00:00,3.695757627,3.920000076,3.980000019,3.880000114,3.880000114,33342900,3.799913011,3.726231228,25502775,59.45657609,0.059532037,0.04057821,0.018953827,17.06383627
CCET,2024-10-08 00:00:00,3.695757627,3.920000076,3.940000057,3.880000114,3.880000114,12087700,3.811349874,3.733830007,24728110,59.45657609,0.061504665,0.044763501,0.016741164,18.17169941
CCET,2024-10-09 00:00:00,3.714613676,3.940000057,4.159999847,3.900000095,4.019999981,170828300,3.823602273,3.741915107,32332930,60.5855108,0.063944704,0.048599742,0.015344962,20.20983784
CCET,2024-10-10 00:00:00,4.280290604,4.539999962,4.579999924,4.099999905,4.119999886,309961000,3.891830624,3.773212552,46050810,79.25128239,0.112990941,0.061477982,0.051512959,23.24875771
CCET,2024-10-11 00:00:00,4.355713844,4.619999886,4.739999771,4.480000019,4.579999924,162560100,3.961180078,3.806419898,53480190,80.57237377,0.156511594,0.080484704,0.07602689,26.36314609
CCET,2024-10-15 00:00:00,4.525417805,4.800000191,5.050000191,4.659999847,4.679999828,200455600,4.041067707,3.845383831,63502970,83.16905403,0.203184363,0.105024636,0.098159727,29.69696183
CCET,2024-10-16 00:00:00,4.525417805,4.800000191,4.800000191,4.800000191,4.800000191,0,4.113346991,3.882819767,63502970,83.16905403,0.237435856,0.13150688,0.105928976,32.79264788
CCET,2024-10-17 00:00:00,4.855395794,5.150000095,5.25,5,5.050000191,103345200,4.212075859,3.932513113,68670230,87.06718105,0.289485469,0.163102598,0.126382871,36.12764784
CCET,2024-10-18 00:00:00,4.855395794,5.150000095,5.349999905,5,5.099999905,69158600,4.301401976,3.980257701,72128160,87.06718105,0.326966102,0.195875299,0.131090803,39.3037427
CCET,2024-10-21 00:00:00,5.138234615,5.449999809,5.5,5.099999905,5.25,50940900,4.410792246,4.037894646,74675205,89.48751426,0.376536761,0.232007591,0.14452917,42.36441352
CCET,2024-10-22 00:00:00,5.138234615,5.449999809,5.449999809,5.449999809,5.449999809,0,4.509764395,4.093271319,73758840,89.48751426,0.411083155,0.267822704,0.143260451,45.206465
CCET,2024-10-24 00:00:00,4.808255672,5.099999905,5.25,5.050000191,5.050000191,35310400,4.565977301,4.132750872,74456885,71.40605572,0.405544489,0.295367061,0.110177428,45.25477605
CCET,2024-10-25 00:00:00,4.808255672,5.099999905,5.099999905,5.099999905,5.099999905,0,4.616836596,4.170682206,73498260,71.40605572,0.396583489,0.315610347,0.080973143,45.2996363
CCET,2024-10-28 00:00:00,5.138234615,5.449999809,5.599999905,5.199999809,5.199999809,129972800,4.696185474,4.220851524,77590845,76.83456761,0.412963513,0.33508098,0.077882533,46.20717978
CCET,2024-10-29 00:00:00,5.138234615,5.449999809,5.449999809,5.449999809,5.449999809,0,4.767977315,4.269053418,77590845,76.83456761,0.421090728,0.35228293,0.068807799,47.04989873
CCET,2024-10-30 00:00:00,5.043954849,5.349999905,5.400000095,5.25,5.300000191,23864500,4.823408038,4.311443476,78206860,72.28711043,0.414682249,0.364762794,0.049919456,46.7700171
CCET,2024-10-31 00:00:00,4.996815205,5.300000191,5.449999809,5.199999809,5.25,49407300,4.868797767,4.350210406,75183110,70.05456142,0.400947057,0.371999646,0.02894741,46.25742324
CCET,2024-11-01 00:00:00,5.232514381,5.550000191,5.550000191,5.300000191,5.300000191,52255700,4.933674188,4.397260986,72852650,74.3244544,0.405559688,0.378711655,0.026848034,45.9995388
CCET,2024-11-04 00:00:00,4.996815205,5.300000191,5.550000191,5.300000191,5.550000191,47413800,4.968562379,4.432662523,72545240,64.43064628,0.384608791,0.379891082,0.004717709,45.76007469
CCET,2024-11-05 00:00:00,5.326794147,5.650000095,5.75,5.300000191,5.349999905,100788100,5.033461209,4.480401251,77584645,70.37611807,0.391731484,0.382259162,0.009472322,45.96761748
CCET,2024-11-06 00:00:00,5.373932838,5.699999809,5.849999905,5.5,5.699999809,92676800,5.096941076,4.528228646,80551340,71.11881167,0.396836347,0.385174599,0.011661747,46.35644792
CCET,2024-11-07 00:00:00,6.599567413,7,7.349999905,5.900000095,5.900000095,394160300,5.278184783,4.625160856,99654970,83.03088709,0.50001725,0.408143129,0.091874121,48.32618131
CCET,2024-11-08 00:00:00,6.552427769,6.949999809,7.050000191,6.699999809,7.050000191,134365000,5.437405261,4.716331011,97831805,81.63622746,0.571170168,0.440748537,0.130421631,50.15521947
CCET,2024-11-11 00:00:00,6.222448826,6.599999905,6.900000095,6.550000191,6.75,74241700,5.548128561,4.790200379,86045840,72.46105653,0.592487474,0.471096324,0.121391149,51.21982652
CCET,2024-11-12 00:00:00,5.986749649,6.349999905,6.650000095,6.199999809,6.599999905,111472700,5.62449726,4.851368988,83491470,66.69497086,0.582494053,0.49337587,0.089118183,50.86876545
CCET,2024-11-13 00:00:00,6.316728592,6.699999809,6.849999905,6.400000095,6.449999809,109698100,5.726926074,4.923864314,78953595,70.26269037,0.595946561,0.513890008,0.082056553,50.79343129
CCET,2024-11-14 00:00:00,7.683781624,8.149999619,8.399999619,7,7,349766700,5.957694983,5.050379424,96441930,79.87910054,0.715364362,0.554184879,0.161179483,51.98865368
CCET,2024-11-15 00:00:00,8.673716545,9.199999809,9.399999619,8.300000191,9,270252900,6.266485919,5.213109636,104787315,83.93135476,0.884533716,0.620254646,0.264279069,53.55528146
CCET,2024-11-18 00:00:00,9.19225502,9.75,10,8.600000381,9.100000381,338981500,6.598249165,5.391026905,118278460,85.57063993,1.05086831,0.706377379,0.344490931,55.22027782
CCET,2024-11-19 00:00:00,8.202318192,8.699999809,10,8.699999809,9.75,312292400,6.798415893,5.520790548,131346035,70.73458939,1.085451031,0.782192109,0.303258922,56.76634587
CCET,2024-11-20 00:00:00,8.720856667,9.25,9.300000191,8.699999809,8.699999809,167624500,7.031900094,5.667034056,139727260,73.34183487,1.144050602,0.854563808,0.289486794,58.20198049
CCET,2024-11-21 00:00:00,8.815136909,9.350000381,9.550000191,8.949999809,9,153133000,7.25267155,5.811464108,145618390,73.79889197,1.184901572,0.920631361,0.264270211,59.62675758
CCET,2024-11-22 00:00:00,8.249458313,8.75,9.699999809,8.699999809,9.600000381,176626900,7.395274259,5.92670081,154449735,66.43859712,1.155540887,0.967613266,0.187927621,60.2322854
CCET,2024-11-25 00:00:00,8.438017845,8.949999809,9.149999619,8.699999809,9.050000191,168748800,7.543343359,6.045261555,156388535,67.59863305,1.135323345,1.001155282,0.134168063,60.79456123
CCET,2024-11-26 00:00:00,7.683781624,8.149999619,8.850000381,8.050000191,8.75,170616500,7.601120146,6.127800302,164919360,58.8380186,1.042727554,1.009469736,0.033257818,59.57183903
CCET,2024-11-27 00:00:00,8.155179024,8.649999619,8.75,8.149999619,8.25,124183200,7.701013429,6.226710079,169935295,62.14047024,0.998184098,1.007212609,-0.00902851,58.43645413
CCET,2024-11-28 00:00:00,8.013760567,8.5,8.550000191,8.25,8.449999809,97375900,7.777107388,6.315858704,172333725,60.57044797,0.939944281,0.993758943,-0.053814662,57.38216815
CCET,2024-11-29 00:00:00,7.825201988,8.300000191,8.649999619,8.25,8.550000191,62643300,7.826906703,6.393668174,172853105,58.44994212,0.867648778,0.96853691,-0.100888132,56.51246927
CCET,2024-12-02 00:00:00,8.108039856,8.600000381,8.800000191,8.300000191,8.300000191,92676300,7.900534672,6.480191005,175116230,60.67394674,0.825050906,0.939839709,-0.114788803,55.86940999
CCET,2024-12-03 00:00:00,8.296598434,8.800000191,8.899999619,8.5,8.649999619,102847000,7.986198055,6.571163915,175219175,62.1292732,0.798228616,0.91151749,-0.113288875,55.38211843
CCET,2024-12-04 00:00:00,8.296598434,8.800000191,8.899999619,8.649999619,8.75,76706600,8.06370302,6.658569259,174420665,62.1292732,0.768117379,0.882837468,-0.114720089,54.92963341
CCET,2024-12-06 00:00:00,7.966619968,8.449999809,8.800000191,8.399999619,8.75,69315200,8.10049319,6.728821437,158178410,57.78884683,0.707852221,0.847840419,-0.139988198,53.67599472
CCET,2024-12-09 00:00:00,7.825201988,8.300000191,8.550000191,8.25,8.350000381,54529900,8.119493857,6.79043629,154186655,55.98373421,0.640603455,0.806393026,-0.16578957,52.03941401
CCET,2024-12-11 00:00:00,8.390877724,8.899999619,9,8.399999619,8.449999809,105258400,8.193827739,6.873164264,155737490,61.20399973,0.628478554,0.770810132,-0.142331577,51.18549112
CCET,2024-12-12 00:00:00,8.862275124,9.399999619,9.449999809,8.75,9.100000381,187532900,8.308701252,6.972255847,159540500,64.93602362,0.651702879,0.746988681,-0.095285802,50.9344535
CCET,2024-12-13 00:00:00,9.003696442,9.550000191,9.75,9.300000191,9.300000191,123425000,8.426920198,7.07334386,160226845,65.99292469,0.674437619,0.732478469,-0.058040849,51.01282104
CCET,2024-12-16 00:00:00,9.097974777,9.649999619,9.75,9.399999619,9.550000191,91132000,8.543403952,7.174389184,147295110,66.71325841,0.692541001,0.724490975,-0.031949974,51.08559089
CCET,2024-12-17 00:00:00,10.0879097,10.69999981,11,9.75,9.75,244547900,8.748794034,7.312648424,146009860,73.14544894,0.782593056,0.736111391,0.046481665,52.13679354
CCET,2024-12-18 00:00:00,9.89935112,10.5,10.80000019,10.10000038,10.69999981,113320000,8.915575555,7.437642604,134726785,70.35664722,0.828273821,0.754543877,0.073729943,53.11291028
CCET,2024-12-19 00:00:00,9.805070877,10.39999962,10.80000019,10.19999981,10.30000019,138834400,9.056949275,7.553813467,126053885,68.94128863,0.846647337,0.772964569,0.073682768,54.0193044
CCET,2024-12-20 00:00:00,9.097974777,9.649999619,10.5,9.399999619,10.39999962,182351700,9.11343026,7.636016845,126790245,59.30524528,0.79156508,0.776684671,0.014880408,52.65050225
CCET,2024-12-23 00:00:00,9.286535263,9.850000381,10.10000038,9.600000381,9.899999619,119371600,9.183579795,7.722839729,125102175,60.87568464,0.755343257,0.772416388,-0.017073131,51.37947169
CCET,2024-12-24 00:00:00,8.767996788,9.300000191,10,9.300000191,9.949999809,99883700,9.194667452,7.784689159,121265015,54.63193874,0.674481777,0.752829466,-0.078347689,49.47601623
CCET,2024-12-25 00:00:00,8.579437256,9.100000381,9.5,9.100000381,9.399999619,72154900,9.185651541,7.836269991,116435320,52.52235403,0.587487962,0.719761165,-0.132273203,47.25283948
CCET,2024-12-26 00:00:00,9.050835609,9.600000381,9.850000381,9.199999809,9.199999809,126883600,9.225113335,7.905435889,114248675,56.9934134,0.552521436,0.686313219,-0.133791784,45.70119661
CCET,2024-12-27 00:00:00,9.19225502,9.75,9.800000191,9.600000381,9.600000381,60964500,9.275102541,7.977771736,111087740,58.26324115,0.53079525,0.655209625,-0.124414376,44.26038537
CCET,2024-12-30 00:00:00,9.522233009,10.10000038,10.10000038,9.649999619,9.649999619,153285600,9.35366424,8.060996389,113883225,61.1460019,0.535644619,0.631296624,-0.095652005,43.35001473
CCET,2025-01-02 00:00:00,9.286535263,9.850000381,10.5,9.800000191,10.30000019,104965200,9.400934349,8.131153408,115999320,58.06116774,0.51339675,0.607716649,-0.094319899,43.01080219
CCET,2025-01-03 00:00:00,9.380814552,9.949999809,10.10000038,9.850000381,9.949999809,54656400,9.453226298,8.202480718,114098325,58.95320943,0.498092571,0.585791834,-0.087699263,42.69581912
CCET,2025-01-06 00:00:00,9.522233009,10.10000038,10.10000038,9.800000191,9.949999809,50308300,9.514823829,8.276893254,111471390,60.31671379,0.492391706,0.567111808,-0.074720102,42.25703248
CCET,2025-01-07 00:00:00,9.522233009,10.10000038,10.30000019,9.949999809,10.10000038,53267400,9.57055493,8.348387651,110299430,60.31671379,0.482313915,0.55015223,-0.067838315,42.12081774
CCET,2025-01-08 00:00:00,9.286535263,9.850000381,10.19999981,9.699999809,10.19999981,50133300,9.597168782,8.407274425,109340335,56.67752441,0.448978735,0.529917531,-0.080938796,41.24688311
CCET,2025-01-09 00:00:00,8.862275124,9.399999619,9.850000381,9.350000381,9.850000381,91852000,9.578390767,8.446204825,111206440,50.74281491,0.381847365,0.500303497,-0.118456132,39.49785896
CCET,2025-01-10 00:00:00,9.050835609,9.600000381,9.699999809,9.399999619,9.399999619,47593200,9.580448825,8.491451709,108323180,53.09365595,0.340854502,0.468413698,-0.127559196,37.87376512
CCET,2025-01-13 00:00:00,8.956555367,9.5,9.600000381,9.300000191,9.5,52012400,9.572787032,8.531002623,101547155,51.7634121,0.296875967,0.434106152,-0.137230185,36.09546404
CCET,2025-01-14 00:00:00,8.485157013,9,9.649999619,8.800000191,9.649999619,105112900,9.518235886,8.549394677,100631550,45.61017818,0.219150608,0.391115043,-0.171964436,33.78898207
CCET,2025-01-15 00:00:00,7.919480324,8.399999619,9.050000191,8.199999809,8.949999809,187966800,9.411737194,8.543536047,105473290,39.53658269,0.10789395,0.334470825,-0.226576875,32.75383817
CCET,2025-01-16 00:00:00,7.778061867,8.25,8.600000381,8.050000191,8.550000191,123853300,9.301095557,8.532024829,99438560,38.1681954,0.00753171,0.269083002,-0.261551291,32.03219179
CCET,2025-01-17 00:00:00,7.400943279,7.849999905,8.25,7.75,8.199999809,172809200,9.162895971,8.505278754,102413020,34.71745412,-0.103094345,0.194647532,-0.297741877,31.81599477
CCET,2025-01-20 00:00:00,7.919480324,8.399999619,8.550000191,7.900000095,7.900000095,114681300,9.090239175,8.50115016,101205365,42.42524499,-0.144717695,0.126774487,-0.271492182,30.86624075
CCET,2025-01-21 00:00:00,8.249458313,8.75,8.800000191,8.550000191,8.550000191,125423400,9.057835444,8.510908978,98358950,46.73511866,-0.147759118,0.071867766,-0.219626884,29.40876942
CCET,2025-01-22 00:00:00,8.155179024,8.649999619,8.850000381,8.600000381,8.699999809,56362400,9.018993937,8.516363513,95208490,45.6829049,-0.156435374,0.026207138,-0.182642512,27.9415322
CCET,2025-01-23 00:00:00,8.343738556,8.850000381,9.25,8.699999809,8.699999809,142982200,9.002899313,8.529447311,97363415,48.19506018,-0.145495794,-0.008133449,-0.137362346,26.17227385
CCET,2025-01-24 00:00:00,8.390877724,8.899999619,9.050000191,8.75,9,67817000,8.993099342,8.543978774,97146520,48.83218312,-0.131278283,-0.032762416,-0.098515868,24.5293911
CCET,2025-01-27 00:00:00,7.966619968,8.449999809,8.850000381,8.449999809,8.800000191,74003500,8.941375577,8.540293325,94502515,43.63122765,-0.15454058,-0.057118048,-0.097422532,23.19739802
CCET,2025-01-28 00:00:00,7.730921745,8.199999809,8.300000191,7.550000191,8.149999619,182109600,8.870768361,8.526948481,100559770,41.01751011,-0.1909479,-0.083884019,-0.107063881,23.44547865
CCET,2025-01-29 00:00:00,7.495222092,7.949999809,8.5,7.949999809,8.399999619,101433400,8.783076118,8.504323043,97967160,38.53172085,-0.237239128,-0.114555041,-0.122684088,23.22157556
CCET,2025-01-30 00:00:00,7.165244579,7.599999905,8.050000191,7.300000191,7.949999809,187121200,8.670402193,8.46885939,102074960,35.30580026,-0.298723826,-0.151388798,-0.147335028,23.8644017
CCET,2025-01-31 00:00:00,7.212384701,7.650000095,7.75,7.349999905,7.599999905,119586000,8.573221041,8.436747261,105321440,36.12848025,-0.339502718,-0.189011582,-0.150491136,24.46131168
CCET,2025-02-03 00:00:00,7.259523392,7.699999809,7.75,6.949999809,7.099999905,128919200,8.490057114,8.407855204,109251985,36.99135209,-0.363594434,-0.223928152,-0.139666282,25.48223205
CCET,2025-02-04 00:00:00,7.165244579,7.599999905,7.949999809,7.550000191,7.800000191,79996100,8.405289761,8.376174604,110588420,35.94542966,-0.386303384,-0.256403199,-0.129900186,25.9412176
CCET,2025-02-05 00:00:00,7.259523392,7.699999809,7.900000095,7.599999905,7.699999809,82186800,8.338119289,8.349657946,112191095,37.83824065,-0.391715779,-0.283465715,-0.108250064,26.36741847
CCET,2025-02-06 00:00:00,7.023825169,7.449999809,7.849999905,7.449999809,7.800000191,116061800,8.253536481,8.314377234,113401585,35.04976211,-0.411435282,-0.309059628,-0.102375654,26.96332415
CCET,2025-02-07 00:00:00,7.400943279,7.849999905,7.900000095,7.25,7.5,157757000,8.215104427,8.296166359,118909775,42.36797473,-0.390287474,-0.325305197,-0.064982276,27.77685545
CCET,2025-02-10 00:00:00,6.882405758,7.300000191,7.75,7.25,7.75,131329800,8.127951642,8.257101019,122875645,36.30987901,-0.413145579,-0.342873274,-0.070272305,28.53227737
CCET,2025-02-11 00:00:00,7.636642456,8.100000381,8.199999809,7.400000095,7.449999809,141042100,8.125289617,8.25094021,124672105,47.96476999,-0.36252846,-0.346804311,-0.015724149,27.97783603
CCET,2025-02-13 00:00:00,7.495222092,7.949999809,8.350000381,7.849999905,8.100000381,102929200,8.10859535,8.239138625,120420225,46.25558971,-0.330705652,-0.343584579,0.012878927,27.0866239
CCET,2025-02-14 00:00:00,7.118104935,7.550000191,8.100000381,7.550000191,8.100000381,98190400,8.055395811,8.212113589,119137080,41.96152922,-0.333913329,-0.341650329,0.007737,26.7775335
CCET,2025-02-17 00:00:00,7.070964813,7.5,7.650000095,6.800000191,7,115554000,8.002500972,8.184187565,116274320,41.44361442,-0.336609805,-0.340642224,0.004032419,27.52681694
CCET,2025-02-18 00:00:00,6.835266113,7.25,7.550000191,7.25,7.5,93610700,7.930834213,8.147552759,115220790,38.86091941,-0.35482944,-0.343479667,-0.011349772,28.22258014
CCET,2025-02-19 00:00:00,6.788125992,7.199999809,7.449999809,7.099999905,7.300000191,83059000,7.861230936,8.11039382,113102570,38.34621916,-0.369049061,-0.348593546,-0.020455515,29.05571827
CCET,2025-02-20 00:00:00,6.835266113,7.25,7.5,7.099999905,7.199999809,93057200,7.803018466,8.076652886,114937310,39.21325073,-0.371995484,-0.353273934,-0.01872155,29.68181082
CCET,2025-02-21 00:00:00,6.552427769,6.949999809,7.349999905,6.949999809,7.300000191,60939000,7.721778594,8.032470412,110835150,35.94684222,-0.393996309,-0.361418409,-0.0325779,30.46540566
CCET,2025-02-24 00:00:00,6.552427769,6.949999809,7.050000191,6.849999905,6.849999905,62082750,7.648275853,7.990020585,110548437.5,35.94684222,-0.406743436,-0.370483414,-0.036260022,31.32721795
CCET,2025-02-25 00:00:00,6.458148479,6.849999905,6.949999809,6.699999809,6.900000095,60958000,7.572249572,7.945313891,109896162.5,34.82538928,-0.420072449,-0.380401221,-0.039671228,32.32716571
CCET,2025-02-26 00:00:00,6.599567413,7,7.050000191,6.550000191,6.949999809,84918900,7.517749613,7.908242758,105036627.5,37.95234899,-0.413762438,-0.387073464,-0.026688973,33.45009593
CCET,2025-02-27 00:00:00,6.222448826,6.599999905,7.050000191,6.550000191,6.949999809,50853000,7.430344878,7.856939117,102507607.5,33.35639017,-0.436012295,-0.396861231,-0.039151064,34.49281685
CCET,2025-02-28 00:00:00,5.515352726,5.849999905,6.050000191,5.400000095,5.849999905,266436300,7.279835833,7.778235618,106473362.5,26.80250649,-0.508304778,-0.41914994,-0.089154838,36.59962433
CCET,2025-03-03 00:00:00,5.892470837,6.25,6.349999905,5.949999809,6,130529700,7.18175623,7.71830481,107020547.5,34.22521853,-0.527242701,-0.440768492,-0.086474209,37.6264034
CCET,2025-03-04 00:00:00,5.751050949,6.099999905,6.300000191,6,6.050000191,87498300,7.078731818,7.654841872,104949502.5,32.87874519,-0.548037461,-0.462222286,-0.085815175,38.5798411
CCET,2025-03-05 00:00:00,6.175309181,6.550000191,6.599999905,6.199999809,6.199999809,84248700,7.028376425,7.611514748,105162132.5,40.44801075,-0.522186752,-0.474215179,-0.047971573,38.55632423
CCET,2025-03-06 00:00:00,6.081029415,6.449999809,6.75,6.449999809,6.550000191,100495800,6.973292938,7.565965142,106077582.5,39.38509433,-0.50395974,-0.480164091,-0.023795649,38.10580312
CCET,2025-03-07 00:00:00,6.363868713,6.75,6.900000095,6.400000095,6.449999809,105681800,6.952026944,7.533966509,105558582.5,44.12856613,-0.460004547,-0.476132183,0.016127635,37.26556707
CCET,2025-03-10 00:00:00,5.986749649,6.349999905,6.75,6.300000191,6.699999809,69228100,6.894691035,7.487536446,101132137.5,39.67085707,-0.452233341,-0.471352414,0.019119074,36.64880902
CCET,2025-03-11 00:00:00,6.033889771,6.400000095,6.5,6.199999809,6.199999809,70902600,6.847577612,7.444887962,98110777.5,40.48023133,-0.437002513,-0.464482434,0.027479921,36.24114959
CCET,2025-03-12 00:00:00,5.609632015,5.949999809,6.400000095,5.800000191,6.400000095,109878400,6.762094012,7.386264897,96552592.5,35.82221999,-0.455986901,-0.462783327,0.006796426,36.46634843
CCET,2025-03-13 00:00:00,5.845330715,6.199999809,6.349999905,6.099999905,6.150000095,82868200,6.708561231,7.339744698,95549542.5,39.95592621,-0.445721258,-0.459370913,0.013649656,36.67546164
CCET,2025-03-14 00:00:00,6.12816906,6.5,6.650000095,6.199999809,6.300000191,90275400,6.688698257,7.306813533,95153792.5,44.56981822,-0.408667291,-0.449230189,0.040562898,35.91162385
CCET,2025-03-17 00:00:00,5.845330715,6.199999809,6.800000191,6.150000095,6.650000095,96578100,6.642155547,7.263409073,94204997.5,41.16343454,-0.398910868,-0.439166325,0.040255457,34.75909132
CCET,2025-03-18 00:00:00,5.939610481,6.300000191,6.449999809,6.199999809,6.349999905,46216800,6.609569323,7.225628333,91835302.5,42.73455734,-0.378743715,-0.427081803,0.048338088,33.68888254
CCET,2025-03-19 00:00:00,6.016623497,6.25,6.400000095,6.150000095,6.199999809,45023400,6.575324625,7.187368398,89933522.5,42.12880288,-0.362615691,-0.41418858,0.05157289,32.80219572
CCET,2025-03-20 00:00:00,5.824090958,6.050000191,6.550000191,6,6.300000191,79770000,6.525293727,7.142765723,89269162.5,39.70443228,-0.361801803,-0.403711225,0.041909422,31.97884368
CCET,2025-03-21 00:00:00,5.968490124,6.199999809,6.25,6.050000191,6.150000095,114582800,6.494313354,7.105794511,91951352.5,42.38248823,-0.345075262,-0.391984032,0.04690877,31.2143025
CCET,2025-03-24 00:00:00,5.920357227,6.150000095,6.300000191,6.050000191,6.300000191,30514600,6.461521615,7.068312377,90372945,41.71734833,-0.332026522,-0.37999253,0.047966008,30.30680657
CCET,2025-03-25 00:00:00,5.920357227,6.150000095,6.300000191,6.050000191,6.25,54943700,6.431852899,7.032300131,90072230,41.71734833,-0.318019372,-0.367597899,0.049578527,29.46413177
CCET,2025-03-26 00:00:00,6.209154606,6.449999809,6.599999905,6.150000095,6.150000095,94911900,6.433581176,7.009464824,90571880,47.45555336,-0.279489356,-0.34997619,0.070486834,27.52223912
CCET,2025-03-27 00:00:00,6.305421352,6.550000191,6.650000095,6.349999905,6.449999809,64183800,6.444668701,6.991446603,91238420,49.24923296,-0.238139719,-0.327608896,0.089469177,25.56896492
CCET,2025-03-28 00:00:00,5.824090958,6.050000191,6.5,6.050000191,6.5,59948900,6.407081224,6.954527136,80914050,41.6022831,-0.242915477,-0.310670212,0.067754735,24.69046215
CCET,2025-03-31 00:00:00,5.631558895,5.849999905,6.050000191,5.849999905,5.849999905,58043000,6.35402586,6.911212343,77289715,38.99412875,-0.259843338,-0.300504837,0.040661499,24.41923485
CCET,2025-04-01 00:00:00,5.583426476,5.800000191,6,5.800000191,5.949999809,39149000,6.301261511,6.867635395,74872250,38.3468851,-0.274133312,-0.295230532,0.02109722,24.29800572
CCET,2025-04-02 00:00:00,5.631558895,5.849999905,5.949999809,5.800000191,5.849999905,36052800,6.258284215,6.827728121,72462455,39.429599,-0.278216552,-0.291827736,0.013611184,24.18543581
CCET,2025-04-03 00:00:00,5.19836235,5.400000095,5.650000095,5.150000095,5.400000095,115970800,6.17654287,6.771738787,73236205,33.69442913,-0.314142534,-0.296290696,-0.017851838,25.50756057
CCET,2025-04-04 00:00:00,4.957697392,5.150000095,5.349999905,5.099999905,5.300000191,49324100,6.078776892,6.708141191,70418320,30.99696624,-0.358652719,-0.3087631,-0.049889618,26.82104968
CCET,2025-04-08 00:00:00,4.563006878,4.739999771,4.860000134,4.400000095,4.619999886,130702900,5.951274309,6.630959175,73492060,27.15714999,-0.422144739,-0.331439428,-0.090705311,29.00307766
CCET,2025-04-09 00:00:00,4.678525925,4.860000134,4.900000095,4.539999962,4.71999979,99598800,5.847343435,6.561509801,74926870,29.89447605,-0.457505754,-0.356652693,-0.100853061,30.8655489
CCET,2025-04-10 00:00:00,5.053963661,5.25,5.550000191,5.199999809,5.400000095,129146600,5.790453584,6.510078044,75890280,38.04329219,-0.448885412,-0.375099237,-0.073786175,30.34532529
CCET,2025-04-11 00:00:00,4.861431599,5.050000191,5.25,5.050000191,5.150000095,43649000,5.719934213,6.452820089,73929320,35.74846749,-0.45297048,-0.390673486,-0.062296995,30.12452395
CCET,2025-04-16 00:00:00,4.909564018,5.099999905,5.349999905,5,5.300000191,57383000,5.66089285,6.399768317,72284700,36.77525629,-0.447020394,-0.401942867,-0.045077527,29.61639713
CCET,2025-04-17 00:00:00,5.19836235,5.400000095,5.400000095,5.099999905,5.150000095,42841100,5.636045921,6.36056172,69597850,42.69284989,-0.413332757,-0.404220845,-0.009111912,28.98958322
CCET,2025-04-18 00:00:00,5.342761517,5.550000191,5.650000095,5.349999905,5.400000095,61735900,5.62785109,6.328774993,70373805,45.44243836,-0.370263145,-0.397429305,0.02716616,27.65885499
CCET,2025-04-21 00:00:00,5.005829811,5.199999809,5.5,5.199999809,5.449999809,44532900,5.587103349,6.2845093,70349280,40.55315507,-0.360219883,-0.389987421,0.029767538,26.76299469
CCET,2025-04-22 00:00:00,5.150229454,5.349999905,5.400000095,5.150000095,5.150000095,30477200,5.564522068,6.247861872,67884640,43.3655232,-0.33628034,-0.379246005,0.042965665,26.04447536
CCET,2025-04-23 00:00:00,5.342761517,5.550000191,5.75,5.449999809,5.5,106204700,5.563139033,6.220494748,67465735,46.96803058,-0.297737595,-0.362944323,0.065206728,24.34757424
CCET,2025-04-24 00:00:00,5.342761517,5.550000191,5.650000095,5.5,5.5,57712000,5.561887714,6.194200843,68825605,46.96803058,-0.264147266,-0.343184911,0.079037645,22.77188033
CCET,2025-04-25 00:00:00,5.631558895,5.849999905,5.949999809,5.650000095,5.650000095,94544300,5.58932697,6.180702767,70805635,52.25176411,-0.210888231,-0.316725575,0.105837344,21.78094919
CCET,2025-04-28 00:00:00,5.631558895,5.849999905,6.150000095,5.849999905,6,77057000,5.614152964,6.167734028,69912890,52.25176411,-0.166757782,-0.286732017,0.119974235,21.33453958
CCET,2025-04-29 00:00:00,5.679692268,5.900000095,6,5.75,5.849999905,51349000,5.641376501,6.157234658,69271150,53.15395058,-0.126293651,-0.254644343,0.128350693,20.60872275
CCET,2025-04-30 00:00:00,5.727824688,5.949999809,6,5.800000191,5.900000095,56946600,5.670769197,6.149107801,69121035,54.08815996,-0.089163159,-0.221548106,0.132384948,19.93474997
CCET,2025-05-02 00:00:00,5.775958061,6,6.300000191,5.949999809,6.150000095,95731900,5.702124511,6.143260436,71005480,55.05344697,-0.055067594,-0.188252004,0.13318441,20.04503901
CCET,2025-05-06 00:00:00,5.583426476,5.800000191,6.050000191,5.800000191,6.050000191,48631800,5.711446004,6.12979925,71479620,50.48144752,-0.043681395,-0.159337882,0.115656487,19.63724971
CCET,2025-05-07 00:00:00,6.209154606,6.449999809,6.5,5.900000095,5.900000095,134141000,5.781784462,6.142356135,76384030,61.63324603,0.017589032,-0.123952499,0.141541531,20.23540078
CCET,2025-05-08 00:00:00,6.738618374,7,7.099999905,6.400000095,6.449999809,201399200,5.89780499,6.175989228,80655450,68.16607869,0.109267142,-0.077308571,0.186575713,21.74971607
CCET,2025-05-09 00:00:00,6.738618374,7,7.300000191,6.75,7.050000191,150296900,6.002775943,6.208303376,85704090,68.16607869,0.179849511,-0.025876955,0.205726466,23.41832413
CCET,2025-05-13 00:00:00,6.786750793,7.050000191,7.300000191,7.050000191,7.199999809,100634700,6.102511586,6.241311094,84200680,68.72749793,0.23708814,0.026716064,0.210372076,24.96774591
CCET,2025-05-14 00:00:00,6.83488369,7.099999905,7.199999809,6.849999905,7,79750800,6.197510473,6.274985165,83208280,69.31036487,0.283219942,0.07801684,0.205203102,25.70343764
CCET,2025-05-15 00:00:00,6.161021709,6.400000095,7.099999905,6.400000095,7.099999905,175121400,6.216795199,6.279887711,85507020,54.1060267,0.260295073,0.114472487,0.145822587,25.02273128
CCET,2025-05-16 00:00:00,6.016623497,6.25,6.550000191,6.25,6.449999809,94966600,6.219957561,6.278715644,88072900,51.49899458,0.227401849,0.137058359,0.09034349,23.99044678
CCET,2025-05-19 00:00:00,5.824090958,6.050000191,6.349999905,6,6.199999809,100180900,6.203771145,6.269746411,90212795,48.1665064,0.183084929,0.146263673,0.036821256,22.40269731
CCET,2025-05-20 00:00:00,5.775958061,6,6.300000191,6,6.150000095,73042700,6.184364369,6.25916812,91722875,47.34172155,0.142288638,0.145468666,-0.003180028,20.92835851
CCET,2025-05-21 00:00:00,5.679692268,5.900000095,6.099999905,5.900000095,6.050000191,81883500,6.157282057,6.245083099,92730255,45.65779527,0.100727009,0.136520335,-0.035793325,19.56668258
CCET,2025-05-22 00:00:00,5.583426476,5.800000191,6,5.800000191,5.900000095,34139600,6.123255213,6.227628868,92210590,43.97336361,0.059039393,0.121024146,-0.061984753,18.56136954
CCET,2025-05-23 00:00:00,5.439027786,5.650000095,5.900000095,5.650000095,5.849999905,38588300,6.078183297,6.204976759,92616145,41.50013316,0.013739522,0.099567222,-0.0858277,18.00822935
CCET,2025-05-26 00:00:00,5.535293102,5.75,5.800000191,5.400000095,5.699999809,58733800,6.046927745,6.187134533,90242600,43.77067999,-0.013931205,0.076867536,-0.090798742,18.07966731
CCET,2025-05-27 00:00:00,5.342761517,5.550000191,5.75,5.5,5.75,52065700,5.999601311,6.162148873,89960285,40.39387643,-0.051406191,0.051212791,-0.102618982,18.14600256
CCET,2025-05-28 00:00:00,5.246495247,5.449999809,5.75,5.449999809,5.599999905,59090800,5.947258311,6.134221458,88187610,38.78279189,-0.088158347,0.023338563,-0.11149691,18.32827328
CCET,2025-05-29 00:00:00,5.390894413,5.599999905,5.949999809,5.550000191,5.800000191,106719000,5.914186082,6.113271593,89670710,42.48818616,-0.103982299,-0.002125609,-0.101856689,17.78672765
CCET,2025-05-30 00:00:00,5.294628143,5.5,5.599999905,5.400000095,5.449999809,54393800,5.874739788,6.089221727,89822950,40.71869853,-0.123172198,-0.026334927,-0.096837271,17.68189701
CCET,2025-06-04 00:00:00,4.909564018,5.099999905,5.5,4.980000019,5.5,91879400,5.800955037,6.050428714,91569590,34.5249014,-0.168712188,-0.054810379,-0.113901809,18.5315563
CCET,2025-06-05 00:00:00,4.909564018,5.099999905,5.199999809,5,5.199999809,40148700,5.734197406,6.013156996,88790430,34.5249014,-0.20246902,-0.084342107,-0.118126913,19.32052564
CCET,2025-06-06 00:00:00,4.909564018,5.099999905,5.099999905,4.980000019,5.099999905,32078200,5.673797644,5.977346914,87962750,34.5249014,-0.226609342,-0.112795554,-0.113813788,20.09677195
CCET,2025-06-09 00:00:00,4.909564018,5.099999905,5.25,5.050000191,5.150000095,43950900,5.61915024,5.942941149,83453245,34.5249014,-0.242940257,-0.138824495,-0.104115762,20.20873609
CCET,2025-06-10 00:00:00,5.053963661,5.25,5.449999809,5.199999809,5.199999809,61415500,5.583993074,5.915766987,76454060,39.19047329,-0.241000764,-0.159259749,-0.081741015,19.5659215
CCET,2025-06-11 00:00:00,5.053963661,5.25,5.349999905,5.25,5.349999905,35200700,5.55218421,5.889658477,70699250,39.19047329,-0.236734771,-0.174754753,-0.061980018,18.96902224
CCET,2025-06-12 00:00:00,4.813298225,5,5.300000191,5,5.25,41036800,5.499595238,5.85476991,67719355,34.44602539,-0.250637656,-0.189931334,-0.060706322,19.11732646
CCET,2025-06-13 00:00:00,4.75553894,4.940000057,5,4.860000134,4.940000057,42852100,5.446300459,5.818896582,65874420,33.40092227,-0.26346028,-0.204637123,-0.058823157,19.60820891
CCET,2025-06-16 00:00:00,4.717032909,4.900000095,4.980000019,4.760000229,4.940000057,46217200,5.394271853,5.782861426,59429210,32.68886762,-0.27369498,-0.218448694,-0.055246286,20.30698225
CCET,2025-06-17 00:00:00,4.678525925,4.860000134,4.960000038,4.840000153,4.920000076,30515100,5.343388832,5.746670787,56206635,31.95523015,-0.281785468,-0.231116049,-0.050669419,20.9558432
CCET,2025-06-18 00:00:00,4.75553894,4.940000057,5.099999905,4.840000153,4.840000153,69754800,5.304970853,5.715036641,54685330,35.09277089,-0.278531179,-0.240599075,-0.037932104,20.91658877
CCET,2025-06-19 00:00:00,4.640019894,4.820000172,4.940000057,4.800000191,4.880000114,51980200,5.258783169,5.679937171,53632205,32.6600754,-0.282380019,-0.248955264,-0.033424755,20.99906732
CCET,2025-06-20 00:00:00,4.794044971,4.980000019,5.050000191,4.800000191,4.800000191,95969200,5.232232393,5.652488655,54336490,38.75622302,-0.269413965,-0.253047004,-0.016366961,20.56698439
CCET,2025-06-23 00:00:00,4.861431599,5.050000191,5.050000191,4.860000134,4.900000095,49111400,5.214876945,5.628861657,55085080,41.26157841,-0.250601071,-0.252557818,0.001956746,20.16576453
CCET,2025-06-24 00:00:00,5.246495247,5.449999809,5.449999809,5.150000095,5.150000095,66233600,5.237269599,5.621847467,56467345,53.07458948,-0.201096971,-0.242265648,0.041168677,19.27871092
CCET,2025-06-25 00:00:00,5.390894413,5.599999905,5.599999905,5.300000191,5.400000095,51264900,5.271815342,5.6209907,56093900,56.59951213,-0.148054184,-0.223423355,0.075369171,18.94165879
CCET,2025-06-26 00:00:00,5.19836235,5.400000095,5.699999809,5.349999905,5.550000191,52827400,5.284023414,5.612324401,56131985,51.08900366,-0.120763619,-0.202891408,0.082127789,18.93596926
CCET,2025-06-27 00:00:00,5.102096558,5.300000191,5.5,5.25,5.449999809,35379900,5.285545012,5.600076393,54946440,48.54410679,-0.105983098,-0.183509746,0.077526648,18.49399126
CCET,2025-06-30 00:00:00,5.246495247,5.449999809,5.449999809,5.099999905,5.349999905,49246200,5.301207373,5.594191037,52072800,52.37624891,-0.081229353,-0.163053667,0.081824315,17.46576914
CCET,2025-07-01 00:00:00,5.294628143,5.5,5.599999905,5.349999905,5.5,42106600,5.320140005,5.590497271,51458440,53.61629579,-0.056921082,-0.14182715,0.084906068,17.03372697
CCET,2025-07-02 00:00:00,5.150229454,5.349999905,5.5,5.300000191,5.400000095,38648100,5.322983805,5.581066001,48796875,49.4558777,-0.049193287,-0.123300378,0.07410709,16.42035034
CCET,2025-07-03 00:00:00,5.631558895,5.849999905,5.900000095,5.400000095,5.400000095,110122700,5.373175814,5.591612429,52295575,60.46762483,-0.0026921,-0.099178722,0.096486622,17.07239049
CCET,2025-07-04 00:00:00,5.775958061,6,6.199999809,5.75,5.949999809,110120900,5.432873356,5.607627628,56197710,63.06720917,0.045736953,-0.070195587,0.11593254,18.3750319
CCET,2025-07-07 00:00:00,5.824090958,6.050000191,6.050000191,5.650000095,5.75,100849600,5.49164734,5.624975572,59042645,63.91892607,0.087147343,-0.038727001,0.125874344,19.15022695
CCET,2025-07-08 00:00:00,5.631558895,5.849999905,6.050000191,5.75,5.800000191,76387000,5.525776156,5.633800055,59791220,58.14296866,0.102643811,-0.010452839,0.113096649,19.87005092
CCET,2025-07-09 00:00:00,5.439027786,5.650000095,5.849999905,5.599999905,5.849999905,58187500,5.537607007,5.634435351,60940560,52.98659725,0.097660787,0.011169886,0.0864909,19.86906111
CCET,2025-07-11 00:00:00,5.390894413,5.599999905,5.75,5.550000191,5.699999809,61590400,5.543549188,5.633084941,61968240,51.75095675,0.088655145,0.026666938,0.061988207,19.65092767
CCET,2025-07-14 00:00:00,5.390894413,5.599999905,5.650000095,5.400000095,5.599999905,61305700,5.548925446,5.631787489,62890920,51.75095675,0.080589128,0.037451376,0.043137752,18.81622534
CCET,2025-07-15 00:00:00,5.775958061,6,6.050000191,5.650000095,5.699999809,75415000,5.591884928,5.646227195,64350810,60.33336656,0.105260044,0.05101311,0.054246935,19.21585836
CCET,2025-07-16 00:00:00,5.872224331,6.099999905,6.199999809,5.949999809,6,92646600,5.64027683,5.664022203,67457385,62.14618525,0.131366765,0.067083841,0.064282925,19.95035123
CCET,2025-07-17 00:00:00,6.257287979,6.5,6.5,6.150000095,6.199999809,144447700,5.722155227,5.696805646,71192030,68.37259597,0.182232531,0.090113579,0.092118952,21.26998538
CCET,2025-07-18 00:00:00,6.305421352,6.550000191,6.699999809,6.400000095,6.550000191,90057500,5.800997605,5.730264256,73095895,69.05773154,0.223996523,0.116890168,0.107106355,22.86185204
CCET,2025-07-21 00:00:00,6.209154606,6.449999809,6.75,6.400000095,6.650000095,63224300,5.862807339,5.75848918,71458650,65.97926039,0.246187693,0.142749673,0.10343802,24.42847862
CCET,2025-07-22 00:00:00,6.016623497,6.25,6.5,6.25,6.5,47488600,5.89968283,5.777764114,71377510,60.19927612,0.244813979,0.163162534,0.081651445,25.19855876
CCET,2025-07-23 00:00:00,6.257287979,6.5,6.550000191,6.300000191,6.349999905,53832500,5.956855894,5.80608709,70757455,64.39775271,0.260890824,0.182708192,0.078182632,26.02105405
CCET,2025-07-24 00:00:00,6.161021709,6.400000095,6.599999905,6.349999905,6.449999809,48184300,5.999060104,5.829377796,70603425,61.59866612,0.262536328,0.198673819,0.063862509,26.89504168
CCET,2025-07-25 00:00:00,6.209154606,6.449999809,6.550000191,6.300000191,6.349999905,30145000,6.042006742,5.853715914,69469305,62.47687384,0.264822255,0.211903506,0.052918748,27.45387637
CCET,2025-07-29 00:00:00,6.449819565,6.699999809,6.75,6.400000095,6.5,73331900,6.104672749,5.886903518,71366905,66.59094928,0.283538326,0.22623047,0.057307855,28.4357939
CCET,2025-07-30 00:00:00,6.690485001,6.949999809,6.949999809,6.599999905,6.75,66886000,6.185180088,5.928593568,72248895,70.11913245,0.314913728,0.243967122,0.070946606,29.75329595
CCET,2025-07-31 00:00:00,6.401687145,6.650000095,6.949999809,6.650000095,6.900000095,79024300,6.22944866,5.95688402,74094780,61.69880031,0.311975234,0.257568744,0.05440649,30.97669072
CCET,2025-08-01 00:00:00,6.546086311,6.800000191,7.099999905,6.699999809,6.849999905,147599700,6.283786901,5.9899474,79542360,64.02500944,0.318083541,0.269671704,0.048411838,32.40680273
CCET,2025-08-04 00:00:00,6.546086311,6.800000191,6.900000095,6.550000191,6.800000191,49632900,6.332950071,6.021714176,76517870,64.02500944,0.319244369,0.279586237,0.039658132,32.90379709
CCET,2025-08-05 00:00:00,6.642352581,6.900000095,7.050000191,6.849999905,6.849999905,47232800,6.386954836,6.056156761,73373465,65.63856912,0.324492937,0.288567577,0.03592536,33.69711476
CCET,2025-08-06 00:00:00,6.497952938,6.75,6.949999809,6.75,6.849999905,61445100,6.421530566,6.0833663,71403240,61.20410133,0.312941318,0.293442325,0.019498993,33.89746091
CCET,2025-08-07 00:00:00,6.353553772,6.599999905,6.849999905,6.599999905,6.800000191,30569000,6.438527645,6.103626441,69112340,57.05315829,0.288358802,0.29242562,-0.004066818,33.32611165
CCET,2025-08-08 00:00:00,6.353553772,6.599999905,6.75,6.5,6.599999905,24128200,6.453905956,6.123092067,67409375,57.05315829,0.265812856,0.287103067,-0.021290212,32.32054187
CCET,2025-08-13 00:00:00,6.353553772,6.599999905,6.699999809,6.550000191,6.699999809,41887100,6.467819665,6.141794335,66424210,57.05315829,0.245119446,0.278706343,-0.033586897,31.38679851
CCET,2025-08-14 00:00:00,5.920357227,6.150000095,6.5,6.099999905,6.5,54485100,6.437551135,6.14211613,66083180,45.4925354,0.190215857,0.261008246,-0.070792389,29.61075691
CCET,2025-08-15 00:00:00,6.016623497,6.25,6.400000095,6.150000095,6.25,44089900,6.419689122,6.14634687,64516925,48.01348514,0.153009722,0.239408541,-0.086398819,27.96157542
CCET,2025-08-18 00:00:00,5.920357227,6.150000095,6.300000191,6.099999905,6.199999809,24010000,6.394004453,6.146490133,61085095,45.73552282,0.114138716,0.214354576,-0.10021586,26.6110967
CCET,2025-08-19 00:00:00,5.775958061,6,6.25,6,6.150000095,26083100,6.356480219,6.140745422,55166865,42.47983496,0.070417678,0.185567196,-0.115149519,25.71526006
CCET,2025-08-20 00:00:00,5.679692268,5.900000095,5.949999809,5.699999809,5.949999809,63517900,6.313005922,6.131304429,53839885,40.41437079,0.027383623,0.153930482,-0.126546859,25.81147929
CCET,2025-08-21 00:00:00,5.824090958,6.050000191,6.150000095,5.800000191,5.949999809,65383200,6.287957757,6.128116028,53947830,44.75362659,0.005321238,0.124208633,-0.118887395,25.01206544
CCET,2025-08-22 00:00:00,5.920357227,6.150000095,6.300000191,6.099999905,6.099999905,63109700,6.274818932,6.128974226,54728885,47.4985952,-0.004047547,0.098557397,-0.102604944,23.66966654
CCET,2025-08-25 00:00:00,5.872224331,6.099999905,6.300000191,6.099999905,6.25,22130800,6.258169501,6.127837978,53143800,46.26092571,-0.015330256,0.075779866,-0.091110123,22.42315328
CCET,2025-08-26 00:00:00,5.727824688,5.949999809,6.150000095,5.900000095,6.050000191,37483700,6.228820006,6.120863933,52608770,42.66889628,-0.035961102,0.053431673,-0.089392774,21.9476235
CCET,2025-08-27 00:00:00,5.679692268,5.900000095,6.099999905,5.900000095,6,33328400,6.197503824,6.112202606,52767940,41.51183032,-0.055703637,0.031604611,-0.087308248,21.50606012
CCET,2025-08-28 00:00:00,5.699176788,5.849999905,5.949999809,5.800000191,5.849999905,14946200,6.164408213,6.101920147,49848655,40.3339365,-0.074525256,0.010378637,-0.084903893,21.43142812
CCET,2025-08-29 00:00:00,5.650465488,5.800000191,5.949999809,5.75,5.849999905,19970600,6.129702687,6.090080148,47502885,39.13798581,-0.092410829,-0.010179256,-0.082231573,21.5276867
CCET,2025-09-01 00:00:00,5.601754665,5.75,5.849999905,5.699999809,5.75,30285800,6.093540526,6.076743672,45065960,37.92688941,-0.109359246,-0.030015254,-0.079343992,21.78490206
CCET,2025-09-02 00:00:00,5.650465488,5.800000191,5.849999905,5.75,5.800000191,14581100,6.065584304,6.065890987,38415030,39.92874003,-0.117403042,-0.047492812,-0.069910231,22.02374489
CCET,2025-09-03 00:00:00,5.650465488,5.800000191,5.900000095,5.75,5.800000191,28144600,6.040290579,6.055463896,37340615,39.92874003,-0.122367236,-0.062467696,-0.059899539,21.94087458
CCET,2025-09-04 00:00:00,5.553043842,5.699999809,5.900000095,5.699999809,5.849999905,22348100,6.007881934,6.041524128,36096380,37.14977127,-0.132839301,-0.076542017,-0.056297284,22.06407245
CCET,2025-09-05 00:00:00,5.650465488,5.800000191,5.849999905,5.699999809,5.75,19428000,5.988083673,6.032052601,33995525,41.53205574,-0.131552834,-0.087544181,-0.044008653,22.17847048
CCET,2025-09-08 00:00:00,5.553043842,5.699999809,5.849999905,5.699999809,5.800000191,28126800,5.960647114,6.019030923,33873415,38.63125931,-0.137022979,-0.09743994,-0.039583038,22.28469722
CCET,2025-09-09 00:00:00,5.650465488,5.800000191,5.900000095,5.699999809,5.75,30741700,5.945347407,6.010441483,34204090,42.92434367,-0.131769951,-0.104305942,-0.027464009,22.00923774
CCET,2025-09-10 00:00:00,5.650465488,5.800000191,5.849999905,5.75,5.800000191,16454400,5.931504815,6.002188883,32932455,42.92434367,-0.126152679,-0.10867529,-0.017477389,21.75345394
CCET,2025-09-11 00:00:00,5.942730904,6.099999905,6.099999905,5.849999905,5.849999905,58285100,5.947551967,6.006024609,33122455,54.09690464,-0.096382444,-0.106216721,0.009834276,20.55117946
CCET,2025-09-12 00:00:00,5.894020557,6.050000191,6.25,6.050000191,6.199999809,59725200,5.95730894,6.007749142,33904220,52.26075177,-0.075948392,-0.100163055,0.024214663,20.20221675
CCET,2025-09-15 00:00:00,5.942730904,6.099999905,6.150000095,6.050000191,6.099999905,31804400,5.970898556,6.011366819,34293940,53.94422119,-0.055084717,-0.091147387,0.036062671,19.87817995
CCET,2025-09-16 00:00:00,5.942730904,6.099999905,6.199999809,6,6.099999905,37904000,5.983193923,6.014842626,34884985,53.94422119,-0.038110786,-0.080540067,0.042429281,19.2314733
CCET,2025-09-17 00:00:00,5.845309258,6,6.099999905,6,6.099999905,24190100,5.984794501,6.014260563,32918595,49.86543708,-0.032355012,-0.070903056,0.038548044,18.63095999
CCET,2025-09-18 00:00:00,5.991442204,6.150000095,6.199999809,6,6.050000191,53990100,6.000528367,6.019583681,32348940,55.32241408,-0.015510965,-0.059824638,0.044313673,18.6370328
CCET,2025-09-19 00:00:00,5.845309258,6,6.150000095,6,6.099999905,26209200,6.000478047,6.018815694,30503915,49.51794877,-0.014103119,-0.050680334,0.036577215,18.64267184
CCET,2025-09-22 00:00:00,5.601754665,5.75,6.050000191,5.699999809,6.050000191,41375700,5.976622995,6.008273902,31466160,41.67058399,-0.032782406,-0.047100748,0.014318343,17.97047124
CCET,2025-09-23 00:00:00,5.650465488,5.800000191,5.949999809,5.75,5.800000191,33219300,5.959801775,6.000106305,31252940,43.59584077,-0.043054967,-0.046291592,0.003236625,17.34628497
CCET,2025-09-24 00:00:00,5.553043842,5.699999809,5.849999905,5.699999809,5.800000191,25233900,5.935058731,5.988337423,30848215,40.70226855,-0.058589853,-0.048751244,-0.009838609,17.04887101
CCET,2025-09-25 00:00:00,5.650465488,5.800000191,5.849999905,5.75,5.75,15017400,5.922196013,5.980951649,30851775,44.65801701,-0.062116131,-0.051424222,-0.01069191,16.77270091
CCET,2025-09-26 00:00:00,5.601754665,5.75,5.800000191,5.699999809,5.800000191,15103700,5.905796393,5.971894722,30608430,43.10949215,-0.068159628,-0.054771303,-0.013388325,16.81424213
CCET,2025-09-29 00:00:00,5.601754665,5.75,5.800000191,5.699999809,5.75,12631900,5.890958641,5.963192968,29725735,43.10949215,-0.072117813,-0.058240605,-0.013877208,16.85281611
CCET,2025-09-30 00:00:00,5.35820055,5.5,5.800000191,5.449999809,5.75,32669000,5.853724485,5.945028538,30630130,35.89244549,-0.09434012,-0.065460508,-0.028879612,18.17509012
CCET,2025-10-01 00:00:00,5.114645958,5.25,5.550000191,5.150000095,5.5,98465900,5.796226915,5.917772517,34146195,30.40985681,-0.130618678,-0.078492142,-0.052126536,20.41741047
CCET,2025-10-02 00:00:00,5.212067127,5.349999905,5.449999809,5.25,5.300000191,31525500,5.753729104,5.895506924,34605065,34.70619866,-0.149576318,-0.092708977,-0.056867341,22.49956508
CCET,2025-10-03 00:00:00,5.212067127,5.349999905,5.449999809,5.25,5.400000095,28398600,5.715278704,5.874114492,35053595,34.70619866,-0.162724596,-0.106712101,-0.056012495,24.43299436
CCET,2025-10-06 00:00:00,5.942730904,6.099999905,6.150000095,5.199999809,5.349999905,170877600,5.751918819,5.882972744,42191135,57.51894042,-0.111342482,-0.107638177,-0.003704305,23.3178871
CCET,2025-10-07 00:00:00,5.942730904,6.099999905,6.099999905,6.099999905,6.099999905,0,5.785069398,5.891483613,40654050,57.51894042,-0.06981698,-0.100073938,0.030256958,22.28243036
CCET,2025-10-08 00:00:00,5.699176788,5.849999905,6.099999905,5.800000191,6.050000191,68961700,5.791253256,5.889856801,43279415,50.67442825,-0.05643014,-0.091345178,0.034915038,21.32387088
CCET,2025-10-09 00:00:00,5.942730904,6.099999905,6.349999905,5.949999809,5.949999809,118683400,5.820657699,5.898097707,46299330,56.27744406,-0.025355776,-0.078147298,0.052791522,20.15738456
CCET,2025-10-10 00:00:00,5.747887611,5.900000095,6.099999905,5.849999905,6,48475400,5.828214117,5.89817231,45736840,51.26084137,-0.016675211,-0.06585288,0.04917767,18.75072619
CCET,2025-10-14 00:00:00,5.601754665,5.75,6,5.75,5.900000095,35753500,5.820765154,5.892361631,45934295,47.81802682,-0.021649986,-0.057012302,0.035362315,17.82141551
CCET,2025-10-15 00:00:00,5.699176788,5.849999905,5.900000095,5.699999809,5.800000191,34284300,5.823549416,5.890700387,45753310,50.21845652,-0.017323679,-0.049074577,0.031750898,17.14532618
CCET,2025-10-16 00:00:00,5.601754665,5.75,5.949999809,5.75,5.849999905,23347700,5.81654471,5.885182725,45711190,47.84807814,-0.021713901,-0.043602442,0.02188854,16.29293702
CCET,2025-10-17 00:00:00,5.699176788,5.849999905,6.050000191,5.75,5.75,53870100,5.819730919,5.883803006,45705190,50.37083817,-0.016928882,-0.03826773,0.021338848,15.19895259
CCET,2025-10-20 00:00:00,5.553043842,5.699999809,5.900000095,5.699999809,5.849999905,20261600,5.808327956,5.876595038,45407810,46.72005842,-0.024952833,-0.035604751,0.010651917,14.26496089
CCET,2025-10-21 00:00:00,5.894020557,6.050000191,6.099999905,5.800000191,5.800000191,55774800,5.831344359,5.88339524,46127765,54.92865063,-0.003034783,-0.029090757,0.026055974,13.94643531
CCET,2025-10-22 00:00:00,5.942730904,6.099999905,6.199999809,6,6,54484600,5.856930602,5.891889541,47191030,55.97220613,0.018160643,-0.019640477,0.03780112,14.03188857
CCET,2025-10-24 00:00:00,5.942730904,6.099999905,6.199999809,6.050000191,6.150000095,23330700,5.880080059,5.900050731,47095870,55.97220613,0.034559788,-0.008800424,0.043360212,14.11123803
CCET,2025-10-27 00:00:00,6.13757515,6.300000191,6.449999809,6.199999809,6.25,105151500,5.920072452,5.915735024,51602575,60.24257778,0.062968716,0.005553404,0.057415312,15.07255456
CCET,2025-10-28 00:00:00,5.991442204,6.150000095,6.400000095,6.150000095,6.349999905,39536900,5.941970323,5.924921889,52824235,55.86602546,0.072543011,0.018951325,0.053591686,15.68658172
CCET,2025-10-29 00:00:00,5.942730904,6.099999905,6.199999809,6.050000191,6.199999809,27212000,5.95702076,5.931787694,53553240,54.44611715,0.075228919,0.030206844,0.045022075,15.71093094
CCET,2025-10-30 00:00:00,5.942730904,6.099999905,6.150000095,5.900000095,6,32331900,5.970637821,5.938384251,53536385,54.44611715,0.076475954,0.039460666,0.037015288,14.98138823
CCET,2025-10-31 00:00:00,5.942730904,6.099999905,6.150000095,5.949999809,6.050000191,16434600,5.982958019,5.94472212,49434820,54.44611715,0.076581454,0.046884824,0.02969663,14.3039557
CCET,2025-11-03 00:00:00,5.894020557,6.050000191,6.199999809,6.050000191,6.150000095,16494700,5.989342988,5.948850672,48683280,52.77095299,0.071802807,0.05186842,0.019934387,13.90371263
CCET,2025-11-04 00:00:00,5.845309258,6,6.099999905,5.800000191,6.050000191,25556200,5.990357942,5.950856528,48541160,51.07849697,0.063251968,0.05414513,0.009106838,13.48750818
CCET,2025-11-05 00:00:00,5.650465488,5.800000191,5.949999809,5.800000191,5.900000095,35239200,5.972228632,5.944940593,41759240,44.87835056,0.039877371,0.051291578,-0.011414207,13.10103262
CCET,2025-11-06 00:00:00,5.796598434,5.949999809,6,5.849999905,5.900000095,19223800,5.970111601,5.945138994,42720430,49.80002201,0.03307528,0.047648318,-0.014573039,12.47534002
CCET,2025-11-07 00:00:00,5.650465488,5.800000191,5.949999809,5.800000191,5.900000095,14095700,5.953910515,5.939447276,39977130,45.43152161,0.015403298,0.041199314,-0.025796016,12.13954109
CCET,2025-11-10 00:00:00,5.650465488,5.800000191,5.849999905,5.699999809,5.849999905,13260100,5.939252388,5.933978763,34705965,45.43152161,0.001382192,0.03323589,-0.031853698,12.30037361
CCET,2025-11-11 00:00:00,5.35820055,5.5,5.800000191,5.449999809,5.800000191,46696700,5.897418828,5.916959988,34617030,37.75039257,-0.033550396,0.019878633,-0.053429028,13.43969071
CCET,2025-11-12 00:00:00,5.30948925,5.449999809,5.599999905,5.400000095,5.5,18932500,5.854807493,5.898647824,33775980,36.63855603,-0.064525511,0.002997804,-0.067523315,14.67031053
CCET,2025-11-13 00:00:00,5.065934658,5.199999809,5.449999809,5.150000095,5.400000095,31148100,5.792444856,5.871249863,33619170,31.62343377,-0.10800145,-0.019202047,-0.088799403,16.57354928
CCET,2025-11-14 00:00:00,4.968513012,5.099999905,5.150000095,4.980000019,5,23523700,5.726497718,5.841004766,33627970,29.86261265,-0.14881021,-0.045123679,-0.10368653,18.76459342
CCET,2025-11-17 00:00:00,5.114645958,5.25,5.25,5,5.050000191,9651400,5.681116983,5.817828109,31417035,35.65059724,-0.167121222,-0.069523188,-0.097598034,20.16611715
CCET,2025-11-18 00:00:00,5.017224312,5.150000095,5.199999809,5.099999905,5.150000095,8060700,5.630534422,5.791638775,30806990,33.65652976,-0.187540142,-0.093126579,-0.094413564,21.46753203
CCET,2025-11-19 00:00:00,4.968513012,5.099999905,5.199999809,5.050000191,5.150000095,7465600,5.580007325,5.764515682,28391530,32.67249135,-0.205389281,-0.115579119,-0.089810162,22.82440594
CCET,2025-11-20 00:00:00,4.919802189,5.050000191,5.25,5.050000191,5.25,10479300,5.529530455,5.736495466,26191265,31.6751542,-0.221021612,-0.136667618,-0.084353994,23.73274762
CCET,2025-11-21 00:00:00,4.832122326,4.960000038,5.050000191,4.940000057,5,16666200,5.475289463,5.706044665,25858040,29.90556613,-0.237929899,-0.156920074,-0.081009825,24.92918627
CCET,2025-11-24 00:00:00,4.773669243,4.900000095,5.050000191,4.900000095,4.980000019,21732400,5.4205,5.674435074,21687085,28.75232867,-0.253252001,-0.17618646,-0.077065542,26.16407669
CCET,2025-11-25 00:00:00,4.71521616,4.840000153,5,4.840000153,4.980000019,22306500,5.3652143,5.641712136,20825565,27.60588411,-0.267156755,-0.194380519,-0.072776236,27.49635294
CCET,2025-11-26 00:00:00,4.539856911,4.659999847,4.940000057,4.619999886,4.900000095,41265000,5.298051019,5.603213615,21528215,24.45549897,-0.289365269,-0.213377469,-0.075987801,29.32782946
CCET,2025-11-27 00:00:00,4.481403828,4.599999905,4.739999771,4.579999924,4.679999828,19800400,5.23156996,5.563871901,20901640,23.49307989,-0.308253813,-0.232352738,-0.075901076,31.124482
CCET,2025-11-28 00:00:00,4.500888348,4.619999886,4.679999828,4.539999962,4.619999886,21395100,5.173325191,5.526857312,21149665,24.55884005,-0.317944226,-0.249471035,-0.068473191,32.89020923
CCET,2025-12-01 00:00:00,4.812638283,4.940000057,5.050000191,4.599999905,4.619999886,49187200,5.15110375,5.503843302,22784290,39.16178745,-0.296386054,-0.258854039,-0.037532015,31.97125377
CCET,2025-12-02 00:00:00,4.793153763,4.920000076,5.050000191,4.860000134,4.980000019,25900800,5.129093876,5.480947489,22801520,38.65812795,-0.27771357,-0.262625945,-0.015087625,31.11793799
CCET,2025-12-03 00:00:00,4.71521616,4.840000153,4.960000038,4.840000153,4.900000095,13357900,5.101561141,5.4558123,21707455,36.62884578,-0.266301064,-0.263360969,-0.002940095,30.40671474
CCET,2025-12-04 00:00:00,4.637279034,4.760000229,4.900000095,4.71999979,4.840000153,16430500,5.06903153,5.428525552,21567790,34.66897557,-0.260706632,-0.262830102,0.002123469,30.21969677
CCET,2025-12-08 00:00:00,4.559341431,4.679999828,4.820000172,4.679999828,4.760000229,9201100,5.031980892,5.399171602,21323060,32.78010709,-0.259734313,-0.262210944,0.002476631,30.19713074
CCET,2025-12-09 00:00:00,4.656763554,4.78000021,4.840000153,4.71999979,4.71999979,11722300,5.007982732,5.374890371,21246170,37.37329734,-0.248035351,-0.259375825,0.011340474,30.03209153
CCET,2025-12-11 00:00:00,4.500888348,4.619999886,4.820000172,4.599999905,4.820000172,20066800,4.971031984,5.345286822,19914675,33.43651412,-0.248806443,-0.257261949,0.008455506,30.34854392
CCET,2025-12-12 00:00:00,4.500888348,4.619999886,4.699999809,4.599999905,4.639999866,11998800,4.937600356,5.316844197,19567990,33.43651412,-0.246575173,-0.255124594,0.008549421,30.64239257
CCET,2025-12-15 00:00:00,4.539856911,4.659999847,4.659999847,4.539999962,4.579999924,12910000,4.911162212,5.291085595,18656085,35.40920394,-0.238826174,-0.25186491,0.013038736,31.1503555
CCET,2025-12-16 00:00:00,4.442434788,4.559999943,4.619999886,4.539999962,4.619999886,17290700,4.877718187,5.26241557,18344435,32.79268202,-0.238010555,-0.249094039,0.011083484,31.62203535
CCET,2025-12-17 00:00:00,4.422950745,4.539999962,4.619999886,4.519999981,4.579999924,13794800,4.845554546,5.234085546,18551605,32.27894342,-0.236254607,-0.246526152,0.010271546,32.14470323
CCET,2025-12-18 00:00:00,4.306044579,4.420000076,4.559999943,4.400000095,4.539999962,13649500,4.805025549,5.202160626,18831045,29.31176806,-0.241759144,-0.245572751,0.003813607,33.10796117
CCET,2025-12-19 00:00:00,4.383982182,4.5,4.5,4.420000076,4.460000038,17822300,4.775975497,5.174624915,19348880,33.68808624,-0.236934965,-0.243845193,0.006910228,34.00241496
CCET,2025-12-22 00:00:00,4.598309517,4.71999979,4.78000021,4.579999924,4.579999924,44300600,4.770644477,5.156796479,21039945,43.96251696,-0.212905383,-0.237657231,0.024751848,32.45388023
CCET,2025-12-23 00:00:00,4.676248074,4.800000191,4.840000153,4.760000229,4.820000172,24067900,4.773440259,5.142804467,21410030,47.16816946,-0.185270718,-0.227179929,0.041909211,30.61373031
CCET,2025-12-24 00:00:00,4.637279034,4.760000229,4.78000021,4.679999828,4.78000021,19516300,4.772160256,5.127792536,21299225,45.75867504,-0.164699159,-0.214683775,0.049984616,29.35258537
CCET,2025-12-25 00:00:00,4.500888348,4.619999886,4.760000229,4.599999905,4.760000229,16657700,4.757668792,5.107879099,21016785,41.12644884,-0.157873046,-0.203321629,0.045448583,28.60082302
CCET,2025-12-26 00:00:00,4.442434788,4.559999943,4.659999847,4.559999943,4.619999886,6760400,4.738843188,5.086393642,19291555,39.29070307,-0.15551215,-0.193759733,0.038247584,28.10593064
CCET,2025-12-29 00:00:00,4.403466702,4.519999981,4.599999905,4.460000038,4.559999943,11847000,4.718000978,5.064182126,18893885,38.07066002,-0.155081106,-0.186024008,0.030942902,28.12871834
CCET,2025-12-30 00:00:00,4.403466702,4.519999981,4.579999924,4.480000019,4.519999981,12257900,4.69914374,5.04284165,18437025,38.07066002,-0.152976088,-0.179414424,0.026438336,28.14987834
DELTA,2023-02-08 00:00:00,91.27494049,93,97.80000305,93,97.59999847,27700000,90.62939024,90.37158367,27889125,48.50499655,1.462667885,0.472791051,0.989876833,36.48379536
DELTA,2023-02-09 00:00:00,90.48977661,92.19999695,94.19999695,91.59999847,93.40000153,17657000,90.77897184,90.44328615,27081925,46.87433757,1.38853116,0.655939073,0.732592087,36.08935059
DELTA,2023-02-10 00:00:00,87.93801117,89.59999847,93.40000153,89,92,24925000,90.66668866,90.41021604,26246375,41.93956929,1.10721583,0.746194424,0.361021405,34.58283279
DELTA,2023-02-13 00:00:00,88.52687073,90.19999695,90.59999847,88.40000153,89.80000305,17161000,90.62224183,90.40197216,25830225,43.41989442,0.922057362,0.781367012,0.14069035,32.94240685
DELTA,2023-02-14 00:00:00,86.36768341,88,92.40000153,87.80000305,90.80000305,29049000,90.37250451,90.30777717,26534575,39.44832596,0.590984079,0.743290425,-0.152306347,31.96682804
DELTA,2023-02-15 00:00:00,88.72316742,90.40000153,91.19999695,88.80000305,88.80000305,19431000,90.37512327,90.31139381,25841525,45.3238345,0.51631443,0.697895226,-0.181580796,31.06093343
DELTA,2023-02-16 00:00:00,95.78961182,97.59999847,98.80000305,93,93.40000153,71422500,91.06320663,90.59722145,28451300,58.37339252,1.026287375,0.763573656,0.262713719,31.93870224
DELTA,2023-02-17 00:00:00,93.43412781,95.19999695,98.80000305,94.59999847,97.59999847,32175500,91.45718666,90.77772245,29106825,53.76683875,1.222690132,0.855396951,0.36729318,32.75377328
DELTA,2023-02-20 00:00:00,94.02301025,95.80000305,96.40000153,95,96.19999695,8340500,91.87078822,90.97467463,28110650,54.72870126,1.410496879,0.966416937,0.444079942,33.51062496
DELTA,2023-02-21 00:00:00,95.20074463,97,97.19999695,95.40000153,95.80000305,15277000,92.35928458,91.2109619,26513250,56.6702776,1.637291132,1.100591776,0.536699356,34.36604532
DELTA,2023-02-22 00:00:00,94.80815125,96.59999847,98,96,96.59999847,11571000,92.76316209,91.42229666,26161200,55.81103114,1.764411394,1.233355699,0.531055695,35.31236172
DELTA,2023-02-23 00:00:00,95.00445557,96.80000305,97.19999695,95.80000305,96.59999847,9559000,93.14762314,91.63318711,25665200,56.1688868,1.85985457,1.358655474,0.501199097,36.08142681
DELTA,2023-02-24 00:00:00,92.4526825,94.19999695,97.40000153,93.59999847,97,17814500,93.24784921,91.73384632,25981025,50.44925714,1.706029169,1.428130213,0.277898957,35.65103781
DELTA,2023-02-27 00:00:00,91.86380005,93.59999847,95.19999695,93.40000153,93.59999847,9774500,93.28138724,91.80702876,25395650,49.20407292,1.518205639,1.446145298,0.072060341,35.15269227
DELTA,2023-02-28 00:00:00,89.89248657,91.19999695,94.80000305,91,94,20670000,93.08315959,91.78322359,24756200,44.47534612,1.162295849,1.389375408,-0.227079559,33.58033716
DELTA,2023-03-01 00:00:00,97.18639374,98.59999847,98.80000305,91.59999847,92.19999695,44683000,93.60857282,92.05054809,26106700,57.90766899,1.460517123,1.403603751,0.056913372,33.22526626
DELTA,2023-03-02 00:00:00,98.56632233,100,101.5999985,97,97.80000305,44551500,94.21728017,92.36229131,26622425,59.88488746,1.789203233,1.480723648,0.308479585,33.4991475
DELTA,2023-03-03 00:00:00,96.20072937,97.59999847,100.1999969,95.19999695,100,30721500,94.53944382,92.56769159,26027750,55.10608648,1.834877947,1.551554507,0.283323439,33.01197632
DELTA,2023-03-07 00:00:00,98.17205811,99.59999847,100.5999985,97.80000305,98.19999695,16022500,95.0214014,92.84346833,25486625,58.10630917,2.009296849,1.643102976,0.366193873,32.65284195
DELTA,2023-03-08 00:00:00,97.58065796,99,100.1999969,98.19999695,98.80000305,12781500,95.40031556,93.08490094,24064375,56.87825611,2.075188738,1.729520128,0.34566861,32.31936004
DELTA,2023-03-09 00:00:00,97.97492981,99.40000153,101,98.59999847,99,21824000,95.78123803,93.33255195,23770575,57.52279037,2.135073518,1.810630806,0.324442711,32.2136941
DELTA,2023-03-10 00:00:00,97.77778625,99.19999695,100.1999969,98.40000153,99.19999695,16733000,96.10683412,93.56264783,23724375,57.06351707,2.141705689,1.876845783,0.264859906,32.01684833
DELTA,2023-03-13 00:00:00,96.3978653,97.80000305,100.1999969,97.59999847,99.40000153,25921500,96.2680883,93.72881862,23774200,53.8240152,2.010814507,1.903639527,0.107174979,31.43157635
DELTA,2023-03-14 00:00:00,92.0609436,93.40000153,98.40000153,92.59999847,98.40000153,29059500,95.99493718,93.71592383,24369125,45.14884989,1.534351898,1.829782001,-0.295430104,29.48883383
DELTA,2023-03-15 00:00:00,96.00360107,97.40000153,98,94.59999847,95,20275000,96.12875283,93.86039747,23930425,52.62447554,1.462657809,1.756357163,-0.293699354,27.68485864
DELTA,2023-03-16 00:00:00,95.80646515,97.19999695,97.80000305,95.80000305,97.40000153,13197500,96.23077608,93.99136215,23618750,52.24108742,1.373863981,1.679858527,-0.305994546,26.00973881
DELTA,2023-03-17 00:00:00,98.17205811,99.59999847,102,98.40000153,98.59999847,34947500,96.5516544,94.21130868,21795000,56.35055756,1.48009271,1.639905363,-0.159812653,25.27946837
DELTA,2023-03-20 00:00:00,96.59498596,98,101.1999969,97.19999695,99.19999695,23936000,96.68959208,94.35988481,21383025,53.07195183,1.418817988,1.595687888,-0.1768699,24.13988273
DELTA,2023-03-21 00:00:00,97.38352966,98.80000305,100.1999969,97.80000305,98,19554000,96.8905836,94.53400709,21943700,54.49750349,1.418459768,1.560242264,-0.141782496,23.08169605
DELTA,2023-03-22 00:00:00,97.97492981,99.40000153,99.80000305,99,99.80000305,9570000,97.12957578,94.7248304,21658350,55.58719081,1.449877454,1.538169302,-0.088291848,22.09909414
DELTA,2023-03-23 00:00:00,97.38352966,98.80000305,100.1999969,98.40000153,99.59999847,8378000,97.2886641,94.88464109,21498700,54.18963995,1.410106504,1.512556742,-0.102450239,20.92373547
DELTA,2023-03-24 00:00:00,97.97492981,99.40000153,100.5999985,99,99,14989000,97.48974385,95.06171405,21770200,55.39728383,1.410740464,1.492193487,-0.081453023,19.99141688
DELTA,2023-03-27 00:00:00,97.77778625,99.19999695,99.80000305,98.59999847,99.80000305,6355000,97.6526251,95.22399966,21197225,54.87794891,1.379205561,1.469595902,-0.090390341,18.93468463
DELTA,2023-03-28 00:00:00,96.3978653,97.80000305,99.59999847,97.80000305,99.59999847,14300000,97.66666109,95.3250194,21423500,51.25574814,1.227100861,1.421096893,-0.193996033,17.59184473
DELTA,2023-03-29 00:00:00,99.15772247,100.5999985,100.5999985,98.19999695,98.40000153,24387500,97.94602656,95.53188132,21609375,57.32290667,1.317307915,1.400339098,-0.083031183,16.78250618
DELTA,2023-03-30 00:00:00,108.4229584,110,110.8000031,99.80000305,100.4000015,55501500,99.09402403,96.09925852,22150300,70.56762082,2.122828572,1.544836993,0.57799158,18.79178368
DELTA,2023-03-31 00:00:00,112.5627365,114.1999969,115.4000015,108,110,46606500,100.5326881,96.8090914,22253050,74.39175642,3.064785214,1.848826637,1.215958577,21.31404635
DELTA,2023-04-03 00:00:00,95.60933685,97,109.4000015,96.40000153,108,25985500,100.1962416,96.81657802,22016250,47.29222669,2.395779575,1.958217225,0.437562351,20.2238494
DELTA,2023-04-04 00:00:00,95.01792908,96.40000153,98.40000153,95.19999695,96,8771500,99.83469495,96.80024168,21653700,46.65377188,1.796464401,1.92586666,-0.129402258,18.95721122
DELTA,2023-04-05 00:00:00,86.93549347,88.19999695,97,87,96.19999695,17645000,98.72662848,96.46297718,21896875,38.92043814,0.652311528,1.671155634,-1.018844106,18.87553144
DELTA,2023-04-07 00:00:00,90.0896225,91.40000153,93.40000153,86.80000305,89,10316500,98.02885448,96.26442912,21321500,42.89830446,0.00373273,1.337671053,-1.333938323,18.83007524
DELTA,2023-04-10 00:00:00,95.41220093,96.80000305,96.80000305,89.80000305,90.59999847,8328000,97.91182101,96.28543202,20901250,48.94129647,-0.073686238,1.055399595,-1.129085833,18.05672899
DELTA,2023-04-11 00:00:00,95.21505737,96.59999847,98.19999695,95.19999695,98,6859000,97.78688553,96.29776796,19948125,48.73557489,-0.149457177,0.81442824,-0.963885417,17.05342397
DELTA,2023-04-12 00:00:00,93.63800049,95,96.59999847,91.40000153,96.59999847,10879000,97.52146786,96.2468751,19039100,47.03237507,-0.334753862,0.58459182,-0.919345682,16.79045123
DELTA,2023-04-17 00:00:00,95.01792908,96.40000153,97.40000153,94.59999847,95,5955500,97.41466154,96.25288005,18323125,48.72107334,-0.364433436,0.394786769,-0.759220205,16.37108139
DELTA,2023-04-18 00:00:00,94.42654419,95.80000305,96.59999847,95.40000153,96.19999695,3588500,97.26088455,96.23512017,17842675,48.01455925,-0.431396702,0.229550075,-0.660946776,15.98166655
DELTA,2023-04-19 00:00:00,95.80646515,97.19999695,98,92.80000305,95.19999695,12648500,97.25508573,96.27295848,16727725,49.84224997,-0.367264172,0.110187225,-0.477451397,16.09977216
DELTA,2023-04-20 00:00:00,94.62367249,96,97,95.59999847,96.59999847,4697500,97.13555375,96.26225422,15765800,48.27554632,-0.408558794,0.006438021,-0.414996815,16.20944166
DELTA,2023-04-21 00:00:00,87.72402191,89,96,86,95.40000153,16452000,96.36073911,95.97745994,15610700,40.31476138,-0.994660748,-0.193781733,-0.800879016,17.74707436
DELTA,2023-04-24 00:00:00,89.3010788,90.59999847,92.40000153,88.80000305,89,14154000,95.81209714,95.7665791,15839900,42.64296829,-1.314887064,-0.418002799,-0.896884266,19.17487615
DELTA,2023-04-25 00:00:00,87.52689362,88.80000305,91.59999847,88.59999847,91,14167500,95.14427866,95.49338004,16129375,40.71861777,-1.694381539,-0.673278547,-1.021102992,20.52676389
DELTA,2023-04-26 00:00:00,88.31542969,89.59999847,92,86.19999695,91.59999847,16673000,94.61625197,95.26226703,16213575,41.97197629,-1.90857978,-0.920338794,-0.988240986,22.09344584
DELTA,2023-04-27 00:00:00,73.72760773,74.80000305,86.40000153,74.80000305,86.19999695,48980000,92.72899017,94.45982531,18344825,29.53222033,-3.235275133,-1.383326061,-1.851949072,24.6366755
DELTA,2023-04-28 00:00:00,71.70700073,72.75,80,70.5,74.75,36755500,90.8262292,93.60845961,19467600,28.28185219,-4.401372589,-1.986935367,-2.414437222,27.29172112
DELTA,2023-05-02 00:00:00,75.40323639,76.5,77,72.75,74,17801400,89.46182642,92.93753963,19138295,33.80314289,-4.965678315,-2.582683957,-2.382994359,29.75712062
DELTA,2023-05-03 00:00:00,75.40323639,76.5,76.75,73.25,75,26056700,88.22736676,92.29293023,17666055,33.80314289,-5.35120926,-3.136389017,-2.214820243,32.04642016
DELTA,2023-05-08 00:00:00,78.60664368,79.75,79.75,76.5,78,19641700,87.4199985,91.80105061,16317815,38.5576025,-5.333021718,-3.575715557,-1.75730616,33.27034013
DELTA,2023-05-09 00:00:00,77.62097931,78.75,79.75,77,79.5,14717500,86.59428436,91.28924471,15754415,37.66128828,-5.337769123,-3.92812627,-1.409642852,34.40683725
DELTA,2023-05-10 00:00:00,76.88172913,78,79.25,75.75,79.25,19648600,85.77578109,90.76809785,16298270,36.96720305,-5.340488381,-4.210598693,-1.129889689,35.59405663
DELTA,2023-05-11 00:00:00,76.38890076,77.5,79.75,77.25,79.5,13056300,84.98761146,90.24778029,16068835,36.48445677,-5.321644628,-4.43280788,-0.888836748,36.53021766
DELTA,2023-05-12 00:00:00,76.14248657,77.25,78,75.5,77.25,10968800,84.25069608,89.73806342,16101450,36.2297023,-5.266178501,-4.599482004,-0.666696497,37.60068198
DELTA,2023-05-15 00:00:00,80.57797241,81.75,82.25,77.75,79,22118400,84.01253455,89.42480603,16790970,43.83223426,-4.803734344,-4.640332472,-0.163401872,37.2358098
DELTA,2023-05-16 00:00:00,79.09947205,80.25,82.5,80,81.25,10931100,83.65419793,89.06500971,16994575,42.03337375,-4.506335254,-4.613533028,0.107197774,36.82231978
DELTA,2023-05-17 00:00:00,79.34588623,80.5,82.25,79.25,81,11858500,83.35379812,88.72912698,17043550,42.45723919,-4.202033002,-4.531233023,0.329200021,36.56009915
DELTA,2023-05-18 00:00:00,86.2455368,87.5,89.75,81,81.25,33926900,83.74867449,88.68092592,18442120,52.85281333,-3.357328582,-4.296452135,0.939123553,34.30802847
DELTA,2023-05-19 00:00:00,87.72402191,89,89.5,87.25,88.5,16784900,84.24880073,88.69343863,19101940,54.73973045,-2.53760485,-3.944682678,1.407077828,32.21681999
DELTA,2023-05-22 00:00:00,90.9274292,92.25,93,87,88,23421200,85.01081971,88.83291163,19640575,58.6053413,-1.607193324,-3.477184807,1.869991483,30.32580163
DELTA,2023-05-23 00:00:00,85.75270081,87,92.25,86,92,32843600,85.20026545,88.76103274,21047880,51.02415084,-1.27872625,-3.037493096,1.758766846,28.33876185
DELTA,2023-05-24 00:00:00,86.73836517,88,88.75,85.5,85.75,14999800,85.46690684,88.73118832,20975270,52.29015063,-0.927035793,-2.615401635,1.688365842,26.37498052
DELTA,2023-05-25 00:00:00,92.65234375,94,95.75,90,90,41948400,86.27958238,88.93780838,22364990,59.11848223,-0.162297848,-2.124780878,1.96248303,25.94229704
DELTA,2023-05-26 00:00:00,91.91309357,93.25,95.75,93.25,94,20184800,86.94343167,89.10691394,22665855,58.00100982,0.378876301,-1.624049442,2.002925743,25.54051953
DELTA,2023-05-29 00:00:00,94.87007904,96.25,96.75,94.75,95,14468200,87.82977151,89.38703496,22555615,61.16329199,1.037871703,-1.091665213,2.129536915,25.34678652
DELTA,2023-05-30 00:00:00,95.36291504,96.75,98,96.25,97.5,12385500,88.67931708,89.67577869,20725890,61.68114644,1.582237083,-0.556884754,2.139121837,25.39119691
DELTA,2023-05-31 00:00:00,97.58065796,99,96.75,93.75,95.5,18492300,89.66223927,90.04143442,19812730,64.00699082,2.170190163,-0.01146977,2.181659934,24.70737986
DELTA,2023-06-01 00:00:00,96.59498596,98,100.5,97.75,99,20910100,90.45631172,90.35353503,19968165,62.19998079,2.526333572,0.496090898,2.030242674,24.76497334
DELTA,2023-06-02 00:00:00,97.58065796,99,101,98.75,99.25,14164600,91.26999632,90.69261209,19373560,63.31530904,2.856345262,0.968141771,1.888203491,24.90501298
DELTA,2023-06-06 00:00:00,100.0448151,101.5,103,100,100,19575300,92.24428238,91.11643123,19370240,66.0150495,3.281780686,1.430869554,1.850911132,25.37783374
DELTA,2023-06-07 00:00:00,99.0591507,100.5,103,100,102.5,14842400,93.0305412,91.48441432,19376485,63.98656985,3.497927748,1.844281193,1.653646555,25.81688159
DELTA,2023-06-08 00:00:00,102.0161438,103.5,103.5,98.75,100.5,15970800,94.02763252,91.95561375,19192595,67.2388829,3.866727551,2.248770464,1.617957087,25.79879298
DELTA,2023-06-09 00:00:00,96.59498596,98,102.5,97.75,102,22637200,94.40595323,92.19264851,19671640,57.06426321,3.672861556,2.533588683,1.139272873,25.44495895
DELTA,2023-06-12 00:00:00,98.31990051,99.75,100.5,97.75,97.75,8687500,94.91491006,92.48901523,19557575,59.18078334,3.618717411,2.750614428,0.868102983,25.11639878
DELTA,2023-06-13 00:00:00,100.5376511,102,102.5,100,100.5,13463000,95.58968053,92.86199503,19124805,61.78887281,3.71454502,2.943400547,0.771144473,25.26461785
DELTA,2023-06-14 00:00:00,100.5376511,102,103.5,101,103,5995500,96.20018715,93.22034816,18878025,61.78887281,3.747292633,3.104178964,0.643113669,25.61747811
DELTA,2023-06-15 00:00:00,109.9014435,111.5,113,102,102.5,37758300,97.65731218,93.93719726,20173015,70.89503459,4.488080163,3.380959204,1.107120959,27.42807562
DELTA,2023-06-16 00:00:00,109.9014435,111.5,115,108.5,113,21761400,98.9756634,94.62593462,19564740,70.89503459,5.017323041,3.708231971,1.30909107,29.33062566
DELTA,2023-06-19 00:00:00,115.8154221,117.5,119.5,110.5,111.5,17793300,100.7398859,95.52295679,19615160,75.22051882,5.853427027,4.137270982,1.716156045,31.53289685
DELTA,2023-06-20 00:00:00,94.13083649,95.5,103,90.75,100,43150700,100.2408492,95.52205652,20601635,47.40254804,4.686802777,4.247177341,0.439625436,29.39413499
DELTA,2023-06-21 00:00:00,94.87007904,96.25,96.5,91.5,93.75,13837900,99.86076831,95.55060333,19651350,48.10711169,3.77919913,4.153581699,-0.374382569,27.40814184
DELTA,2023-06-22 00:00:00,96.10216522,97.5,98.25,95,97.25,5786900,99.63593323,95.62705026,19190705,49.32548002,3.124760956,3.94781755,-0.823056595,25.61338596
DELTA,2023-06-23 00:00:00,97.3342514,98.75,99.25,96.75,97.25,4605900,99.55155864,95.74951887,17323580,50.57516534,2.676129782,3.693479997,-1.017350214,24.10677791
DELTA,2023-06-26 00:00:00,94.62367249,96,99,94,98.75,9264000,99.21331496,95.75934166,16777540,47.78329963,2.074767698,3.369737537,-1.294969839,22.53642121
DELTA,2023-06-27 00:00:00,95.85574341,97.25,98.25,95.75,97,4108300,99.02633258,95.81779885,16259545,49.15717978,1.67968609,3.031727248,-1.352041157,21.07823285
DELTA,2023-06-28 00:00:00,92.65234375,94,98,93.5,97.75,8755700,98.54763424,95.74651262,16078055,45.78420472,1.091748237,2.643731446,-1.551983208,20.12183611
DELTA,2023-06-29 00:00:00,90.68100739,92,95.75,90.75,93.5,17730100,97.92405003,95.59959056,16039945,43.79279706,0.459127433,2.206810643,-1.74768321,19.6929895
DELTA,2023-06-30 00:00:00,90.68100739,92,92.25,88,91,10359700,97.35985479,95.45843014,15512425,43.79279706,-0.04174787,1.75709894,-1.79884681,19.72278804
DELTA,2023-07-03 00:00:00,92.40592194,93.75,94,92.25,92.5,3256900,97.01605909,95.39143288,14967040,46.16884719,-0.294094641,1.346860224,-1.640954865,19.35895089
DELTA,2023-07-04 00:00:00,93.63800049,95,95.25,92.5,92.75,4090300,96.82405346,95.37608257,14192790,47.86418572,-0.388735619,0.999741056,-1.388476675,18.74343283
DELTA,2023-07-05 00:00:00,95.11650085,96.5,97,93,93.25,6281800,96.79319123,95.42015777,13764760,49.90310256,-0.338796379,0.732033569,-1.070829947,17.78711086
DELTA,2023-07-06 00:00:00,93.63800049,95,96,94.5,95,5054100,96.62241111,95.40368099,13218925,47.88631813,-0.415467385,0.502533378,-0.918000763,16.8990976
DELTA,2023-07-07 00:00:00,97.3342514,98.75,98.75,93.5,94.5,12160000,96.82503863,95.53490919,12695065,53.00022065,-0.171657292,0.367695244,-0.539352536,15.92232602
DELTA,2023-07-10 00:00:00,99.55198669,101,101.5,96,99,11158700,97.22265399,95.74922648,12818625,55.80263895,0.200805399,0.334317275,-0.133511876,15.57264897
DELTA,2023-07-11 00:00:00,99.55198669,101,105.5,100.5,104.5,15311500,97.58240123,95.95513916,12911050,55.80263895,0.490332518,0.365520324,0.124812194,15.96057461
DELTA,2023-07-12 00:00:00,97.58065796,99,102,99,101.5,9617900,97.71741064,96.07454547,13092170,52.5711585,0.55203801,0.402823861,0.149214149,15.94635111
DELTA,2023-07-13 00:00:00,99.55198669,101,101.5,99.25,99.75,5137200,98.0300382,96.26770055,11461115,55.35536085,0.753635896,0.472986268,0.280649628,15.93314358
DELTA,2023-07-14 00:00:00,101.5233078,103,103.5,100.5,100.5,7356500,98.50336789,96.53171229,10740870,58.00990424,1.062538674,0.590896749,0.471641925,16.29866219
DELTA,2023-07-17 00:00:00,102.5089722,104,104.5,103.5,104,4265600,99.02685666,96.82458632,10064485,59.31257715,1.372219897,0.747161379,0.625058519,16.82248728
DELTA,2023-07-18 00:00:00,105.4659729,107,108,103.5,103.5,10397000,99.78620365,97.22362215,8426800,63.01914071,1.838526042,0.965434311,0.873091731,17.90748471
DELTA,2023-07-19 00:00:00,103.9874725,105.5,108,104.5,107,7090100,100.3303747,97.54818599,8089410,60.07240636,2.063255631,1.184998575,0.878257055,18.91498232
DELTA,2023-07-20 00:00:00,103.9874725,105.5,107.5,105,105.5,7520900,100.82272,97.86002183,8176110,60.07240636,2.215812937,1.391161448,0.824651489,19.85051582
DELTA,2023-07-21 00:00:00,103.9874725,105.5,106.5,104,106,7614000,101.2681752,98.15962882,8326515,60.07240636,2.310086462,1.57494645,0.735140011,20.36389132
DELTA,2023-07-24 00:00:00,107.4372864,109,110,106,106.5,10379000,102.0045395,98.58474141,8382265,64.86081329,2.636823994,1.787321959,0.849502034,21.48877256
DELTA,2023-07-25 00:00:00,107.9301224,109.5,111,108.5,110,6530600,102.7183929,99.01279077,8503380,65.49739829,2.902651701,2.010387907,0.892263793,22.70150252
DELTA,2023-07-26 00:00:00,107.4372864,109,110.5,108,110,6530200,103.3166412,99.40444603,8392105,64.24402022,3.03795658,2.215901642,0.822054938,23.63513688
DELTA,2023-07-27 00:00:00,107.9301224,109.5,111.5,108.5,109.5,12971300,103.9055325,99.80035011,8154165,64.96601208,3.149230129,2.402567339,0.746662789,24.68663807
DELTA,2023-07-31 00:00:00,111.3799515,113,115.5,112.5,115.5,7958300,104.7716723,100.3179834,8034095,69.59430905,3.479723876,2.617998647,0.861725229,26.31336019
DELTA,2023-08-02 00:00:00,112.8584366,114.5,116,111,112,13909600,105.6981797,100.874141,8566730,71.34169956,3.81866087,2.858131091,0.960529779,27.2309979
DELTA,2023-08-03 00:00:00,110.8871155,112.5,115,112,114,6588600,106.3459721,101.330057,8691645,65.90336288,3.881148135,3.0627345,0.818413635,28.08309007
DELTA,2023-08-04 00:00:00,110.8871155,112.5,114,112.5,112.5,4758800,106.93207,101.768094,8615495,65.90336288,3.885875786,3.227362757,0.658513028,28.8743185
DELTA,2023-08-07 00:00:00,111.8727722,113.5,114.5,112,113,4903600,107.5575871,102.2281687,8607970,67.34676782,3.92506838,3.366903882,0.558164498,29.60903062
DELTA,2023-08-08 00:00:00,111.3799515,113,116,113,114,8038200,108.0759122,102.6505935,8401880,65.84584047,3.871158665,3.467754838,0.403403827,30.59712674
DELTA,2023-08-09 00:00:00,106.4516296,108,115,107,114,15581400,108.0686824,102.8603741,8623015,53.10109717,3.385945542,3.451392979,-0.065447437,29.13092466
DELTA,2023-08-10 00:00:00,103.9874725,105.5,109,103,108.5,12555100,107.824046,102.9638889,8485195,48.08917037,2.767776336,3.314669651,-0.546893314,27.45611222
DELTA,2023-08-11 00:00:00,104.4803009,106,108,104,105.5,6122200,107.6503273,103.082952,8310410,49.1234397,2.291800163,3.110095753,-0.81829559,25.90092924
DELTA,2023-08-15 00:00:00,102.0161438,103.5,108,103.5,107,5169700,107.2550581,103.0993069,8312035,44.36394822,1.693336778,2.826743958,-1.13340718,24.59377267
DELTA,2023-08-16 00:00:00,102.5089722,104,105.5,102.5,103,5631400,106.9450525,103.1346282,8225780,45.50124304,1.245043962,2.510403959,-1.265359996,23.65682036
DELTA,2023-08-17 00:00:00,103.0018082,104.5,105,101.5,103,6671400,106.7121904,103.1881722,8346070,46.67514314,0.919514902,2.192226148,-1.272711245,23.06007448
DELTA,2023-08-18 00:00:00,98.07349396,99.5,104,99,103,12292600,106.0253151,103.043538,8440850,37.88663335,0.255131566,1.804807231,-1.549675665,23.13653686
DELTA,2023-08-21 00:00:00,99.55198669,101,102.5,98.75,101,7180900,105.5467137,102.9633992,8445390,41.44846822,-0.148646052,1.414116575,-1.562762626,23.26769313
DELTA,2023-08-22 00:00:00,103.4946365,105,106.5,101.5,103.5,14357100,105.4946457,103.0432659,8787200,49.72738643,-0.144213746,1.102450511,-1.246664256,21.95624095
DELTA,2023-08-23 00:00:00,101.5233078,103,106.5,103,106.5,10353900,105.2570604,103.0415692,8924195,46.20920286,-0.298641839,0.822232041,-1.12087388,20.73846393
DELTA,2023-08-24 00:00:00,108.9157867,110.5,111.5,105,105,27785100,105.756388,103.3340567,9794500,58.16286012,0.182061413,0.694197915,-0.512136502,20.32146791
DELTA,2023-08-25 00:00:00,105.9587936,107.5,109.5,105.5,109,16417200,105.9224463,103.497427,10288830,53.08149246,0.317289757,0.618816283,-0.301526526,19.93425733
DELTA,2023-08-28 00:00:00,104.9731293,106.5,110,106,108,9953000,105.9774514,103.615175,10459970,51.46739238,0.339849972,0.563023021,-0.223173049,19.70495917
DELTA,2023-08-29 00:00:00,107.4372864,109,109.5,107,108,7314400,106.2653132,103.8263446,10177125,55.1399747,0.55308262,0.561034941,-0.007952321,19.49203945
DELTA,2023-08-30 00:00:00,107.9301224,109.5,111,109.5,110.5,9494400,106.5733786,104.0488409,10253930,55.85940834,0.75372834,0.599573621,0.154154719,19.70703998
DELTA,2023-08-31 00:00:00,106.944458,108.5,110,106.5,109.5,8896200,106.7568663,104.2233961,10003260,53.99434252,0.822567826,0.644172462,0.178395364,18.76905957
DELTA,2023-09-01 00:00:00,108.4229584,110,112.5,108.5,108.5,11984700,107.0657362,104.4499296,10273065,56.34869255,0.986786023,0.712695174,0.274090849,18.5953344
DELTA,2023-09-04 00:00:00,107.4372864,109,110.5,108.5,110,3970500,107.2499518,104.6283638,10233650,54.35174479,1.0244295,0.775042039,0.24938746,18.43401817
DELTA,2023-09-05 00:00:00,107.4372864,109,109.5,107,109,4321700,107.4166231,104.7998005,10204555,54.35174479,1.042247842,0.8284832,0.213764642,17.72099191
DELTA,2023-09-06 00:00:00,106.4516296,108,109,107.5,108.5,4755200,107.4721828,104.9252985,10040405,52.20602572,0.964558533,0.855698266,0.108860267,17.0588961
DELTA,2023-09-07 00:00:00,105.4659729,107,109.5,106,107.5,4408800,107.427213,105.0066593,9481775,50.07699319,0.812926641,0.847143941,-0.0342173,15.87953024
DELTA,2023-09-08 00:00:00,103.9874725,105.5,107.5,105.5,107,4712800,107.2436689,105.026006,9089660,46.98193708,0.565204485,0.79075605,-0.225551565,14.88925459
DELTA,2023-09-11 00:00:00,103.0018082,104.5,107,104.5,106.5,4690300,106.9823671,105.0053783,9018065,44.98576131,0.284907018,0.689586244,-0.404679225,14.33402927
DELTA,2023-09-12 00:00:00,106.4516296,108,110,105.5,105.5,8949600,107.0792845,105.1228145,9207060,52.57996829,0.341256216,0.619920238,-0.278664022,13.9033546
DELTA,2023-09-13 00:00:00,104.4803009,106,107.5,105.5,107.5,5729800,106.9764955,105.1572139,9211980,48.46311594,0.221971329,0.540330456,-0.318359127,13.5034424
DELTA,2023-09-14 00:00:00,106.4516296,108,110,106.5,106.5,9742400,107.0739721,105.2686957,9365530,52.47077176,0.28552908,0.489370181,-0.203841101,13.93207941
DELTA,2023-09-15 00:00:00,106.4516296,108,108.5,107,108.5,4961300,107.1621653,105.3758057,8998965,52.47077176,0.332071147,0.457910374,-0.125839227,14.33009948
DELTA,2023-09-18 00:00:00,104.9731293,106.5,107,103.5,106.5,9096200,107.0991019,105.4198917,9094730,49.14650743,0.245093323,0.415346964,-0.170253641,13.32603062
DELTA,2023-09-19 00:00:00,104.4803009,106,106.5,105,106.5,3247200,106.9944255,105.4426411,8539235,48.05363918,0.134269177,0.359131407,-0.224862229,12.39368096
DELTA,2023-09-20 00:00:00,104.4803009,106,107,104.5,106,4465500,106.8997183,105.4644983,8244815,48.05363918,0.04591101,0.296487327,-0.250576317,11.5279277
DELTA,2023-09-21 00:00:00,103.0018082,104.5,106.5,103.5,106.5,9851900,106.6711737,105.4266748,7348155,44.6027766,-0.143496796,0.208490503,-0.351987299,11.12124047
DELTA,2023-09-22 00:00:00,105.9587936,107.5,108,104.5,105,8736800,106.7501096,105.5079817,6964135,52.02347602,-0.050941695,0.156604063,-0.207545758,10.53482776
DELTA,2023-09-25 00:00:00,103.4946365,105,108,104.5,107,7078800,106.5834325,105.4880609,6820425,46.44059863,-0.177276682,0.089827914,-0.267104596,9.990301661
DELTA,2023-09-26 00:00:00,102.5089722,104,106,104,104.5,6902400,106.3373913,105.4297055,6799825,44.38861004,-0.354008918,0.001060548,-0.355069465,9.296308322
DELTA,2023-09-27 00:00:00,101.5233078,103,103.5,102,103,2468500,106.0195445,105.334423,6448530,42.37235963,-0.568212134,-0.112793989,-0.455418146,9.490032889
DELTA,2023-09-28 00:00:00,102.5089722,104,105.5,102.5,103,11199700,105.8272069,105.2820926,6563705,45.05985312,-0.649787736,-0.220192738,-0.429594998,8.854204244
DELTA,2023-09-29 00:00:00,81.56362915,82.75,96.75,82.5,95.25,259955400,103.6293777,104.3984812,18962240,21.79715684,-2.401451951,-0.656444581,-1.74500737,12.11522481
DELTA,2023-10-02 00:00:00,85.75270081,87,89,81.75,82,59765400,102.0456274,103.7161878,21751985,29.62274975,-3.407440131,-1.206643691,-2.20079644,15.21363802
DELTA,2023-10-03 00:00:00,84.27420044,85.5,86.5,84.75,86,20813800,100.4698534,103.0018275,22576590,28.53733641,-4.276434402,-1.820601833,-2.455832569,18.090736
DELTA,2023-10-04 00:00:00,82.54929352,83.75,85.75,82.75,85.5,17695700,98.8774864,102.2468539,23223615,27.28139928,-5.048137214,-2.466108909,-2.582028305,20.961759
DELTA,2023-10-05 00:00:00,83.7813797,85,86,83.5,84.5,19143600,97.55582103,101.5705066,23960355,29.66260753,-5.49550395,-3.071987917,-2.423516032,23.53303091
DELTA,2023-10-06 00:00:00,79.34588623,80.5,85.75,80,85.75,23123000,95.93145712,100.7442123,24880865,26.32109562,-6.142352487,-3.686060831,-2.456291656,26.26527737
DELTA,2023-10-09 00:00:00,77.86740112,79,80.5,75.5,79,34243200,94.3189374,99.89149806,26358510,25.29807454,-6.698802452,-4.288609155,-2.410193297,29.16913014
DELTA,2023-10-10 00:00:00,82.05646515,83.25,83.75,80.25,81.5,19327800,93.26475288,99.2388903,26877420,33.21802123,-6.719396557,-4.774766636,-1.944629921,30.73747234
DELTA,2023-10-11 00:00:00,84.76703644,86,86.25,82.75,84,18508600,92.57287166,98.71971813,27516360,37.8123597,-6.439584,-5.107730109,-1.331853891,31.40919306
DELTA,2023-10-12 00:00:00,83.2885437,84.5,86,84.25,86,12418100,91.80402674,98.16208212,27650145,36.34365152,-6.266630184,-5.339510124,-0.927120061,32.03293372
DELTA,2023-10-16 00:00:00,81.07080078,82.25,83.5,80.25,82.5,11295200,90.89411943,97.5380789,27966840,34.19791077,-6.239197649,-5.519447629,-0.71975002,33.12025186
DELTA,2023-10-17 00:00:00,82.54929352,83.75,84,80.75,83,13230700,90.2137271,96.99736993,28173565,36.87370324,-6.026944835,-5.62094707,-0.405997765,33.96428063
DELTA,2023-10-18 00:00:00,83.2885437,84.5,85,83,83,6645300,89.66956262,96.50727699,28343470,38.22630823,-5.732137703,-5.643185196,-0.088952506,34.40842802
DELTA,2023-10-19 00:00:00,82.79571533,84,84.25,82.75,83.25,7598600,89.12960427,96.01679554,28500125,37.64716449,-5.475725987,-5.609693355,0.133967367,34.85825448
DELTA,2023-10-20 00:00:00,80.08513641,81.25,84.25,81.25,83.5,6893200,88.37916577,95.43770552,28352190,34.54701972,-5.431805401,-5.574115764,0.142310363,35.50269543
DELTA,2023-10-24 00:00:00,79.09947205,80.25,82,79.25,82,10163300,87.60495951,94.84210922,28423515,33.4677543,-5.415265849,-5.542345781,0.127079932,36.38725889
DELTA,2023-10-25 00:00:00,79.59230042,80.75,83,80.5,82,8977100,86.95210622,94.28947749,28518430,34.56843081,-5.30070904,-5.494018433,0.193309393,36.81762904
DELTA,2023-10-26 00:00:00,71.21416473,72.25,79.75,72.25,79.25,32800800,85.55190563,93.42518425,29813350,26.53245589,-5.828612291,-5.560937204,-0.267675087,38.2352489
DELTA,2023-10-27 00:00:00,75.1568222,76.25,77,73.25,74.75,16699500,84.66600985,92.75164761,30524900,34.27550341,-5.856700453,-5.620089854,-0.236610599,39.5516102
DELTA,2023-10-30 00:00:00,80.08513641,81.25,82.25,76.5,77,24796500,84.34067558,92.30060261,31204740,42.44168725,-5.413103424,-5.578692568,0.165589144,39.04570643
DELTA,2023-10-31 00:00:00,77.86740112,79,81.75,78.75,81.5,12645700,83.83203981,91.77901035,18839255,40.03128977,-5.183355285,-5.499625112,0.316269826,38.57593864
DELTA,2023-11-01 00:00:00,79.34588623,80.5,81.25,79.5,79.5,12351600,83.51470269,91.33669622,16468565,42.38069257,-4.824625487,-5.364625187,0.5399997,38.13972569
DELTA,2023-11-02 00:00:00,83.04212952,84.25,85.75,81.5,82,20439400,83.584731,91.05878656,16449845,47.87832649,-4.189442591,-5.129588667,0.940146077,36.3922033
DELTA,2023-11-03 00:00:00,82.30287933,83.5,85.5,83.5,85.25,9924800,83.57666138,90.76236356,16061300,46.91421574,-3.703878298,-4.844446593,1.140568296,34.76950394
DELTA,2023-11-06 00:00:00,83.04212952,84.25,86.25,84,85.25,9013800,83.64078887,90.50697676,15554810,48.04098136,-3.221411934,-4.519839662,1.298427728,33.04598087
DELTA,2023-11-07 00:00:00,83.04212952,84.25,84.25,83,83,6657900,83.69880898,90.26160512,14731555,48.04098136,-2.806699974,-4.177211724,1.37051175,31.6811742
DELTA,2023-11-08 00:00:00,82.05646515,83.25,85.25,83.25,85,7503000,83.65606527,89.98664021,13394545,46.51429477,-2.529570092,-3.847683398,1.318113306,30.10270132
DELTA,2023-11-09 00:00:00,82.30287933,83.5,83.75,81,83.25,9610100,83.64120191,89.73226216,12908660,46.9680279,-2.26367551,-3.53088182,1.26720631,29.1845525
DELTA,2023-11-10 00:00:00,76.63530731,77.75,82,77.5,81.5,18989200,83.08013506,89.26236953,12932690,38.81258034,-2.488246132,-3.322354682,0.834108551,29.06710673
DELTA,2023-11-13 00:00:00,78.11381531,79.25,80.25,77.75,78.75,11157100,82.71536029,88.86972759,12869640,41.65855328,-2.516177574,-3.161119261,0.644941687,28.95804995
DELTA,2023-11-14 00:00:00,77.37456512,78.5,80,77.5,79.75,7305400,82.31389741,88.4630716,12670150,40.64070157,-2.569215854,-3.042738579,0.473522725,28.90956299
DELTA,2023-11-15 00:00:00,83.04212952,84.25,84.5,81,81,18449900,82.49828813,88.29785311,12931110,50.60514999,-2.122801791,-2.858751222,0.735949431,27.35220858
DELTA,2023-11-16 00:00:00,81.81004333,83,85,82.25,85,7624700,82.54607021,88.09009416,12980080,48.6915763,-1.848570809,-2.656715139,0.80814433,25.75792549
DELTA,2023-11-17 00:00:00,80.08513641,81.25,82.5,80.5,81,7445100,82.42263495,87.82185518,12972405,46.06531898,-1.752252281,-2.475822568,0.723570286,24.73901626
DELTA,2023-11-20 00:00:00,81.31721497,82.5,82.5,79.75,80.25,8708200,82.43000305,87.61315497,13063155,48.21390741,-1.55710526,-2.292079106,0.734973846,23.98535036
DELTA,2023-11-21 00:00:00,82.79571533,84,84.75,83.25,83.75,8341200,82.57952657,87.47146262,12972050,50.74940126,-1.266809386,-2.087025162,0.820215776,22.55512807
DELTA,2023-11-22 00:00:00,79.8387146,81,84,80.25,83.5,12475700,82.42909547,87.21767977,13146980,45.90818765,-1.264249264,-1.922469983,0.658220718,22.00863274
DELTA,2023-11-23 00:00:00,79.09947205,80.25,82,79.25,81.75,9109200,82.22156257,86.94443743,11962400,44.75864537,-1.307665131,-1.799509012,0.491843881,21.74000215
DELTA,2023-11-24 00:00:00,79.09947205,80.25,81.5,80,80,5875200,82.0337947,86.68191047,11421185,44.75864537,-1.326778245,-1.704962859,0.378184614,21.49055947
DELTA,2023-11-27 00:00:00,78.85305786,80,80.5,78.5,79.5,8378400,81.84009997,86.41987477,10600280,44.32952808,-1.346575947,-1.633285477,0.28670953,21.63254899
DELTA,2023-11-28 00:00:00,80.57797241,81.75,81.75,80.5,80.75,6590100,81.83151902,86.23674242,10297500,48.08185748,-1.207140232,-1.548056428,0.340916195,21.28546638
DELTA,2023-11-29 00:00:00,75.89606476,77,81.75,76,81.75,18296200,81.37137435,85.87451723,10594730,40.16787393,-1.463056522,-1.531056446,0.067999925,21.99702634
DELTA,2023-11-30 00:00:00,76.63530731,77.75,78.75,76.25,77,20222600,81.02648156,85.55590871,10583890,41.79684281,-1.587058668,-1.542256891,-0.044801778,22.65776058
DELTA,2023-12-01 00:00:00,76.38890076,77.5,79.25,77,79.25,10186000,80.69062617,85.23999072,10596950,41.3923029,-1.686068229,-1.571019158,-0.11504907,23.06581094
DELTA,2023-12-04 00:00:00,75.40323639,76.5,77.25,76.25,77,7938600,80.29151892,84.89724599,10543190,39.73560839,-1.824197449,-1.621654816,-0.202542632,23.61968092
DELTA,2023-12-06 00:00:00,77.12815094,78.25,79.75,77,78,10398800,80.09708854,84.63656968,10730235,43.96252911,-1.772028633,-1.65172958,-0.120299053,23.11231378
DELTA,2023-12-07 00:00:00,74.91040802,76,77.75,75.75,77,10567900,79.70688963,84.29788067,10883480,40.0709806,-1.89044875,-1.699473414,-0.190975336,22.97273759
DELTA,2023-12-08 00:00:00,79.8387146,81,81.25,77.25,77.25,16688600,79.830043,84.16855201,11237405,50.54716517,-1.56282407,-1.672143545,0.109319475,21.60053546
DELTA,2023-12-12 00:00:00,81.81004333,83,83.25,81.25,82.5,16731800,80.13194367,84.12272645,11124535,54.01031351,-1.128783946,-1.563471625,0.434687679,20.3906451
DELTA,2023-12-13 00:00:00,80.33155823,81.5,82.25,80.5,82,9513100,80.26223475,84.01987443,11042335,51.118918,-0.895518505,-1.429881001,0.534362496,19.02984913
DELTA,2023-12-14 00:00:00,84.52062225,85.75,86,82.5,83.5,20768600,80.78487906,84.08772249,11715495,57.98239865,-0.363524003,-1.216609602,0.853085598,18.7950284
DELTA,2023-12-15 00:00:00,82.05646515,83.25,86,82.5,85.75,25424000,81.01965248,84.05487063,12064200,53.24621929,-0.142006669,-1.001689015,0.859682346,18.57698059
DELTA,2023-12-18 00:00:00,85.25986481,86.5,88,82.25,82.5,22090000,81.54159034,84.15075805,12787465,58.04413564,0.292424366,-0.742866339,1.035290705,18.87294417
DELTA,2023-12-19 00:00:00,88.95610809,90.25,92.75,89.5,91,23027300,82.37096269,84.38994401,13566575,62.78915568,0.92860339,-0.408572393,1.337175783,20.11264793
DELTA,2023-12-20 00:00:00,88.46327972,89.75,90.75,89.25,90.25,12595400,83.07372815,84.60014229,13760935,61.78579418,1.376565834,-0.051544748,1.428110582,21.16834012
DELTA,2023-12-21 00:00:00,89.69535828,91,92.75,88.25,88.5,17573600,83.82861118,84.8511171,14222555,63.36205677,1.811561301,0.321076462,1.490484839,22.51105856
DELTA,2023-12-22 00:00:00,90.68100739,92,92.25,90.75,91.5,13190500,84.60683869,85.13146545,14258295,64.61937132,2.211497221,0.699160614,1.512336607,23.75786853
DELTA,2023-12-25 00:00:00,92.65234375,94,95.5,92.25,92.25,21596300,85.50142548,85.47925112,14882650,67.05450901,2.659179242,1.091164339,1.568014903,25.46477789
DELTA,2023-12-26 00:00:00,92.65234375,94,94.5,93.5,94.25,8403500,86.31081353,85.81339813,15009065,67.05450901,2.979623227,1.468856117,1.51076711,27.04976515
DELTA,2023-12-27 00:00:00,89.94176483,91.25,94.25,91.25,94,20305800,86.78121224,86.0265982,15605435,60.42272534,2.97735429,1.770555751,1.206798538,27.53818208
DELTA,2023-12-28 00:00:00,86.73836517,88,92.25,87.75,91.25,22652500,86.89728726,86.10398651,16408555,53.66737236,2.682387409,1.952922083,0.729465326,26.69976617
DELTA,2024-01-03 00:00:00,88.70969391,90,91,89.5,91,12454600,87.19278372,86.25677135,16116475,56.86349893,2.580263644,2.078390395,0.501873249,25.92123711
DELTA,2024-01-04 00:00:00,85.75270081,87,90.75,86.75,90.25,26853100,87.17442336,86.28591757,16448000,51.16233725,2.231531194,2.109018555,0.122512639,24.29169039
DELTA,2024-01-05 00:00:00,83.04212952,84.25,88,84.25,86.75,21972100,86.89590685,86.20607767,17037305,46.55459233,1.71350399,2.029915642,-0.316411652,23.04832657
DELTA,2024-01-08 00:00:00,83.2885437,84.5,86,83.75,83.75,12203200,86.66772525,86.13917266,17250535,47.0217118,1.308058129,1.885544139,-0.57748601,22.02976418
DELTA,2024-01-09 00:00:00,84.02778625,85.25,87.75,85,86.75,16649700,86.53270379,86.10430315,17563080,48.47659482,1.03532353,1.715500017,-0.680176487,20.52795264
DELTA,2024-01-10 00:00:00,83.7813797,85,86.25,84.75,86.25,5903500,86.386732,86.06099714,17329860,48.00337238,0.789900998,1.530380214,-0.740479216,19.21040484
DELTA,2024-01-11 00:00:00,83.04212952,84.25,85.75,84,85.25,7823900,86.18323372,85.98997765,16886625,46.53571215,0.528787607,1.330061692,-0.801274086,18.22464035
DELTA,2024-01-12 00:00:00,83.7813797,85,86,83.5,83.5,10733900,86.07054479,85.95115499,16586730,48.23996117,0.378014578,1.139652269,-0.761637691,17.47020009
DELTA,2024-01-15 00:00:00,83.53495789,84.75,85.75,84.25,85.25,5456100,85.94477862,85.90405088,16383880,47.69420543,0.235636683,0.958849152,-0.723212469,16.76964842
DELTA,2024-01-16 00:00:00,81.81004333,83,84.5,83,84.5,11301900,85.66432352,85.79016653,15910545,43.94623812,-0.018199408,0.76343944,-0.781638848,16.54515778
DELTA,2024-01-17 00:00:00,81.56362915,82.75,83.75,82,82.25,16808400,85.38676889,85.67094431,15479765,43.42128624,-0.236809457,0.563389661,-0.800199118,16.66193003
DELTA,2024-01-18 00:00:00,81.81004333,83,83.75,81.5,83.5,13493600,85.15945757,85.5662014,15049945,44.13988147,-0.385443434,0.373623042,-0.759066476,16.93167358
DELTA,2024-01-19 00:00:00,82.79571533,84,85.5,83.25,84.25,11482200,85.04903304,85.50478173,14472690,47.03752028,-0.417729957,0.215352442,-0.633082399,16.37148493
DELTA,2024-01-22 00:00:00,83.04212952,84.25,85.25,83.25,85,8843100,84.97293466,85.45557461,14285075,47.76699808,-0.418322192,0.088617515,-0.506939707,15.85130975
DELTA,2024-01-23 00:00:00,82.05646515,83.25,86,83,84.5,9663500,84.80884564,85.36908149,13889570,45.09162515,-0.493791068,-0.027864201,-0.465926867,15.01965509
DELTA,2024-01-24 00:00:00,84.02778625,85.25,85.25,82.5,83,9504900,84.85086034,85.36441162,13705290,51.0024176,-0.387747697,-0.099840901,-0.287906796,14.46035569
DELTA,2024-01-25 00:00:00,81.31721497,82.5,85.25,81.25,84.5,12623400,84.62696888,85.25208176,13256645,43.99026889,-0.519619726,-0.183796666,-0.33582306,14.45354619
DELTA,2024-01-26 00:00:00,80.8243866,82,83.25,81.5,82.5,6054600,84.37678137,85.12454914,13139200,42.83707545,-0.656902715,-0.278417875,-0.378484839,14.44722309
DELTA,2024-01-29 00:00:00,77.86740112,79,82.5,78,82.5,20110500,83.86470695,84.88437074,13129435,36.63206056,-0.99629078,-0.421992456,-0.574298324,15.66887341
DELTA,2024-01-30 00:00:00,78.85305786,80,80.5,79.5,79.75,8999000,83.49663962,84.69282679,12446760,39.76420026,-1.17106729,-0.571807423,-0.599259867,16.80326299
DELTA,2024-01-31 00:00:00,77.62097931,78.75,80,78.5,80,6936000,83.04457871,84.45977476,12170830,37.28345385,-1.394370057,-0.73631995,-0.658050107,18.16147793
DELTA,2024-02-01 00:00:00,76.88172913,78,78.75,77.5,78.5,7170900,82.56414264,84.20645026,11186720,35.83874975,-1.613261169,-0.911708194,-0.701552976,19.71114102
DELTA,2024-02-02 00:00:00,79.59230042,80.75,81.5,78.75,78.75,10158700,82.39136715,84.07090319,10596050,44.35324189,-1.546999093,-1.038766374,-0.50823272,19.58095045
DELTA,2024-02-05 00:00:00,79.34588623,80.5,81,79.5,80.25,6648700,82.21123695,83.93086777,10318325,43.78439255,-1.497397762,-1.130492651,-0.366905111,19.46005921
DELTA,2024-02-06 00:00:00,81.56362915,82.75,83.25,80,80,13461200,82.26254771,83.88455923,10158900,49.99981552,-1.261984779,-1.156791077,-0.105193702,18.25551716
DELTA,2024-02-07 00:00:00,80.57797241,81.75,83.5,81.75,83,7944500,82.21373364,83.80085102,10260950,47.48683474,-1.142934894,-1.15401984,0.011084946,17.02500547
DELTA,2024-02-08 00:00:00,79.59230042,80.75,82.25,80.75,81,5535100,82.07433044,83.68120981,10146510,45.04854017,-1.116409373,-1.146497747,0.030088374,16.31908568
DELTA,2024-02-09 00:00:00,79.34588623,80.5,81.5,80.5,80.5,3716800,81.92439421,83.55645648,9795655,44.43427521,-1.102847676,-1.137767732,0.034920057,15.77209394
DELTA,2024-02-12 00:00:00,80.08513641,81.25,81.75,81,81.25,2663900,81.86016619,83.46600721,9656045,46.7788558,-1.01982529,-1.114179244,0.094353954,15.12980175
DELTA,2024-02-13 00:00:00,80.8243866,82,83.25,81.5,81.5,7011800,81.87348369,83.40851673,9441540,49.09213345,-0.88332826,-1.068009047,0.184680787,14.3321871
DELTA,2024-02-14 00:00:00,77.86740112,79,80.5,78.25,80.25,12564300,81.59981858,83.23563372,9229335,41.34995359,-1.005635964,-1.05553443,0.049898467,14.43722941
DELTA,2024-02-15 00:00:00,80.33155823,81.5,82,78.75,79.5,14987600,81.59031205,83.16756965,9304035,48.62163828,-0.890570649,-1.022541674,0.131971025,13.82059073
DELTA,2024-02-16 00:00:00,76.38890076,77.5,82.5,76.75,82.5,33249100,81.20075852,82.94531202,10392380,40.06283534,-1.109359127,-1.039905165,-0.069453963,13.99013596
DELTA,2024-02-19 00:00:00,76.88172913,78,79,77.5,77.5,14994200,80.89592438,82.75137822,10699935,41.45024033,-1.228246293,-1.07757339,-0.150672902,14.14757082
DELTA,2024-02-20 00:00:00,73.67832184,74.75,78.25,74,78.25,23445100,80.31059824,82.43759868,11389015,35.67043166,-1.566653658,-1.175389444,-0.391264214,15.3887273
DELTA,2024-02-21 00:00:00,73.92474365,75,75.75,73,73.5,18208400,79.80482698,82.14592814,11824190,36.40503094,-1.793991011,-1.299109757,-0.494881254,16.80184727
DELTA,2024-02-22 00:00:00,73.18549347,74.25,76.75,74,76,14257200,79.27579584,81.8362839,11905880,35.10972249,-2.01148904,-1.441585614,-0.569903426,17.59006243
DELTA,2024-02-23 00:00:00,72.6926651,73.75,75.25,73.5,75.25,12498000,78.74952957,81.51917473,12228050,34.23518605,-2.198856566,-1.593039804,-0.605816762,18.46832148
DELTA,2024-02-27 00:00:00,72.6926651,73.75,75,73.25,74.5,7619300,78.2733839,81.21450121,11603490,34.23518605,-2.320596291,-1.738551102,-0.582045189,19.35925871
DELTA,2024-02-28 00:00:00,68.01076508,69,73,69,73,19786200,77.39020448,80.73550116,12142850,26.86297721,-2.768448254,-1.944530532,-0.823917722,21.25251694
DELTA,2024-02-29 00:00:00,70.228508,71.25,72.25,69.25,69.25,22069100,76.8054231,80.36352072,12899505,34.10186212,-2.908292975,-2.137283021,-0.771009954,23.01054243
DELTA,2024-03-01 00:00:00,67.02510071,68,71.5,68,71.25,14031100,75.96681138,79.87867677,13242515,29.55192226,-3.243974246,-2.358621266,-0.885352981,24.90845811
DELTA,2024-03-04 00:00:00,66.03943634,67,68.75,66.75,68,13499500,75.11282934,79.37363063,13409555,28.30072318,-3.549776106,-2.596852234,-0.952923872,26.91873557
DELTA,2024-03-05 00:00:00,64.5609436,65.5,67.5,65.25,67.25,17977900,74.19732178,78.82956668,13976015,26.48903769,-3.868569288,-2.851195645,-1.017373643,29.05938885
DELTA,2024-03-06 00:00:00,67.51792908,68.5,69,63.25,64,22058000,73.65471971,78.42448563,14405855,35.39653614,-3.834933527,-3.047943221,-0.786990306,31.37045896
DELTA,2024-03-07 00:00:00,66.972229,67.5,69.5,65.75,69.25,17174700,73.06855593,77.99607443,14867365,33.921046,-3.844649856,-3.207284548,-0.637365308,33.19949964
DELTA,2024-03-08 00:00:00,69.70072937,70.25,71,68,68.25,22110700,72.80012203,77.69230681,15696145,41.18214127,-3.589075472,-3.283642733,-0.305432739,33.98327479
DELTA,2024-03-11 00:00:00,68.21245575,68.75,69.75,68.25,69.5,6575400,72.41439612,77.34162811,15839075,38.68509877,-3.467596106,-3.320433408,-0.147162699,34.71106599
DELTA,2024-03-12 00:00:00,68.21245575,68.75,68.75,68.75,68.75,0,72.06540602,77.00470152,15705880,38.68509877,-3.3329032,-3.322927366,-0.009975834,35.3868721
DELTA,2024-03-13 00:00:00,68.21245575,68.75,69.75,68.25,69.75,8019100,71.74965306,76.68098773,15756245,38.68509877,-3.189392767,-3.296220446,0.106827679,35.35945252
DELTA,2024-03-14 00:00:00,68.46050262,69,69,67.5,68.75,6443000,71.48778134,76.37977253,15450180,39.4493543,-3.020666441,-3.241109645,0.220443204,35.56082788
DELTA,2024-03-15 00:00:00,68.46050262,69,69,69,69,0,71.25084978,76.09036968,14700800,39.4493543,-2.854049902,-3.163697697,0.309647794,35.74781928
DELTA,2024-03-18 00:00:00,67.716362,68.25,68.75,66.75,66.75,8798700,70.96505457,75.7829042,13478280,37.80964892,-2.750814153,-3.081120988,0.330306835,36.56305337
DELTA,2024-03-19 00:00:00,66.22808838,66.75,68,66.75,67.5,8797800,70.5636208,75.42867267,13168460,34.70289859,-2.758241254,-3.016545041,0.258303787,37.32005645
DELTA,2024-03-20 00:00:00,66.22808838,66.75,66.75,66.75,66.75,0,70.20041882,75.08833256,11996205,34.70289859,-2.732627259,-2.959761485,0.227134226,38.02298788
DELTA,2024-03-21 00:00:00,71.68508911,72.25,72.5,68,68,26929800,70.39561703,74.9770254,12432275,51.61089349,-2.242671824,-2.816343553,0.573671728,35.34537201
DELTA,2024-03-22 00:00:00,71.68508911,72.25,72.25,72.25,72.25,0,70.57222493,74.87008323,11719415,51.61089349,-1.833246092,-2.619724061,0.786477968,32.85901441
DELTA,2024-03-25 00:00:00,72.42922974,73,74.75,72.25,73,15129300,70.8034416,74.79674663,11850980,53.51452724,-1.431750193,-2.382129287,0.950379094,31.46284881
DELTA,2024-03-26 00:00:00,72.42922974,73,73,73,73,0,71.01263764,74.72628598,11470015,53.51452724,-1.100871637,-2.125877757,1.02500612,30.16640933
DELTA,2024-03-27 00:00:00,72.92531586,73.5,74.5,73.25,73.5,5968900,71.24952929,74.67819633,10779150,54.88672976,-0.789204716,-1.858543149,1.069338433,29.50418917
DELTA,2024-03-28 00:00:00,72.92531586,73.5,73.5,73.5,73.5,0,71.46385984,74.63199256,9675695,54.88672976,-0.536027445,-1.594040008,1.058012563,28.88927045
DELTA,2024-03-29 00:00:00,73.91749573,74.5,75.25,72.5,72.75,7675100,71.75301604,74.62681638,9357895,57.77769121,-0.251788529,-1.325589712,1.073801183,28.91623933
DELTA,2024-04-01 00:00:00,73.91749573,74.5,74.75,72.75,74.25,7918500,72.01463356,74.62184319,9078845,57.77769121,-0.026224837,-1.065716737,1.0394919,28.94128186
DELTA,2024-04-02 00:00:00,74.41358948,75,75.5,73.75,74,9437600,72.29895418,74.63667287,8651830,59.29046336,0.190683752,-0.814436639,1.005120391,29.21701472
DELTA,2024-04-03 00:00:00,73.42140961,74,74.5,73.5,74.25,7251200,72.46095854,74.6117053,7911490,55.04283042,0.278681264,-0.595813059,0.874494323,29.30588667
DELTA,2024-04-04 00:00:00,73.42140961,74,74,74,74,0,72.60753392,74.58771686,7052755,55.04283042,0.34444933,-0.407760581,0.752209911,29.38841062
DELTA,2024-04-05 00:00:00,72.42922974,73,74,72.25,72.5,6584200,72.64491164,74.52545345,6276430,50.82033645,0.312279588,-0.263752547,0.576032135,28.29871064
DELTA,2024-04-09 00:00:00,72.42922974,73,73,73,73,0,72.67872958,74.46563175,5947660,50.82033645,0.283516632,-0.154298711,0.437815344,27.28684636
DELTA,2024-04-10 00:00:00,79.12644958,79.75,80.75,78.5,78.5,14440600,73.3521839,74.67286188,6669690,69.27306681,0.796212133,0.035803458,0.760408676,28.7472324
DELTA,2024-04-11 00:00:00,75.65381622,76.25,79.25,76,79.25,11186300,73.62816639,74.73471043,6828050,57.27322146,0.90962072,0.21056691,0.69905381,28.84053767
DELTA,2024-04-17 00:00:00,70.94095612,71.5,74,71.25,73.5,24273800,73.42548388,74.60785904,7719590,45.70247872,0.609190175,0.290291563,0.318898612,27.09996777
DELTA,2024-04-18 00:00:00,70.94095612,71.5,71.5,71.5,71.5,0,73.24210446,74.48598222,7719590,45.70247872,0.36686778,0.305606806,0.061260974,25.48372428
DELTA,2024-04-19 00:00:00,70.94095612,71.5,71.5,71.5,71.5,0,73.07618975,74.36888487,7279655,45.70247872,0.172833223,0.27905209,-0.106218867,23.98292676
DELTA,2024-04-22 00:00:00,68.95658875,69.5,71.25,69.25,71,14002800,72.73560025,74.17794821,7539905,41.31323893,-0.140701923,0.195101287,-0.335803211,22.72825651
DELTA,2024-04-23 00:00:00,69.4526825,70,71,69.5,70.25,11836100,72.47506689,74.01410711,8131710,42.79244152,-0.344859637,0.087109102,-0.431968739,21.56320557
DELTA,2024-04-24 00:00:00,69.4526825,70,70,70,70,0,72.23934624,73.85669114,6785220,42.79244152,-0.500882237,-0.030489166,-0.470393072,20.48137255
DELTA,2024-04-25 00:00:00,72.42922974,73,73.75,71.75,71.75,10881600,72.31178945,73.82309541,7329300,51.32892613,-0.378097867,-0.100010906,-0.278086961,19.91531066
DELTA,2024-04-26 00:00:00,73.17336273,73.75,74,73,73.5,8690500,72.44876188,73.82022892,7007360,53.20874096,-0.217761419,-0.123561009,-0.094200411,19.46862513
DELTA,2024-04-29 00:00:00,69.4526825,70,73,68.25,73,27100900,72.21554647,73.67041602,8362405,44.0480974,-0.388805383,-0.176609883,-0.212195499,18.77037019
DELTA,2024-04-30 00:00:00,69.4526825,70,71.5,70,70.5,13839300,72.00454204,73.52647814,8755925,44.0480974,-0.518383355,-0.244964578,-0.273418777,18.1219906
DELTA,2024-05-02 00:00:00,68.46050262,69,71.25,69,70.5,17819700,71.71839518,73.34896919,9646910,41.8213101,-0.693769136,-0.334725489,-0.359043647,17.82808008
DELTA,2024-05-03 00:00:00,69.4526825,70,70.75,69.5,70,6394200,71.5547385,73.21763707,9582865,44.82515422,-0.743501367,-0.416480665,-0.327020702,17.55516318
DELTA,2024-05-07 00:00:00,69.4526825,70,70,70,70,0,71.40666816,73.09145522,9186940,44.82515422,-0.773992416,-0.487983015,-0.286009401,17.30174034
DELTA,2024-05-08 00:00:00,72.67727661,73.25,73.75,72.5,73.5,11027500,71.58222358,73.09767267,9266435,53.81352536,-0.529801729,-0.496346758,-0.033454971,16.55431634
DELTA,2024-05-09 00:00:00,70.94095612,71.5,73,71.5,72.75,7278300,71.57439276,73.03501884,9267790,49.16871392,-0.472047752,-0.491486957,0.019439205,15.47956875
DELTA,2024-05-10 00:00:00,71.18899536,71.75,72.5,71.25,72.25,4347600,71.59111726,72.98462594,9485170,49.8348537,-0.401476428,-0.473484851,0.072008423,14.38549391
DELTA,2024-05-13 00:00:00,70.19682312,70.75,71.5,70.5,71.5,6691400,71.51101085,72.89699355,9490530,47.17190754,-0.421382354,-0.463064352,0.041681997,13.64011707
DELTA,2024-05-14 00:00:00,70.69290924,71.25,72.25,71,71.25,5397700,71.48615268,72.83240557,9760415,48.64941367,-0.392290048,-0.448909491,0.056619443,12.69808901
DELTA,2024-05-15 00:00:00,70.69290924,71.25,71.25,71.25,71.25,0,71.46366195,72.77035045,9038385,48.64941367,-0.365026388,-0.43213287,0.067106482,11.82334867
DELTA,2024-05-16 00:00:00,70.69290924,71.25,71.25,71.25,71.25,0,71.44331319,72.71072886,8479070,48.64941367,-0.339506126,-0.413607522,0.074101395,11.01108978
DELTA,2024-05-17 00:00:00,76.14990234,76.75,77.75,74.25,75,16538300,71.94871193,72.86913165,8092295,62.90361028,0.123103835,-0.30626525,0.429369085,12.4917606
DELTA,2024-05-20 00:00:00,76.14990234,76.75,76.75,76.75,76.75,0,72.40597746,73.02132257,8092295,62.90361028,0.484144645,-0.148183271,0.632327916,13.86666922
DELTA,2024-05-21 00:00:00,73.91749573,74.5,75.5,73.75,74.75,9517600,72.60540818,73.07930992,8568175,55.58327958,0.582006878,-0.002145241,0.58415212,13.78820999
DELTA,2024-05-23 00:00:00,76.39794922,77,77.5,74.75,75,20575500,73.02394074,73.23306247,8896810,61.01233778,0.851477211,0.168579249,0.682897962,14.29921542
DELTA,2024-05-24 00:00:00,76.39794922,77,77,77,77,0,73.40261305,73.38078551,8305005,61.01233778,1.052897247,0.345442849,0.707454398,14.77372045
DELTA,2024-05-27 00:00:00,74.41358948,75,76.5,74.5,76,9236900,73.55474514,73.44428412,8766850,54.79790727,1.039161979,0.484186675,0.554975304,14.18115915
DELTA,2024-05-28 00:00:00,73.66944885,74.25,75.75,73.75,75.5,8533400,73.62095989,73.47588082,8649440,52.63291168,0.956729367,0.578695213,0.378034154,13.34798293
DELTA,2024-05-29 00:00:00,72.67727661,73.25,75,73,73.75,12601800,73.58563037,73.46702275,8845005,49.80731855,0.801470434,0.623250257,0.178220176,12.49686098
DELTA,2024-05-30 00:00:00,72.67727661,73.25,73.25,73.25,73.25,0,73.55366558,73.45851205,7489960,49.80731855,0.670695253,0.632739257,0.037955997,11.70653344
DELTA,2024-05-31 00:00:00,72.67727661,73.25,73.25,73.25,73.25,0,73.52474504,73.45033511,6797995,49.80731855,0.560592815,0.618309968,-0.057717153,10.97265788
DELTA,2024-06-04 00:00:00,72.67727661,73.25,76.25,73,75.75,13694200,73.49857885,73.44247883,6591720,49.80731855,0.467941699,0.588236314,-0.120294615,11.25585739
DELTA,2024-06-05 00:00:00,71.93312836,72.5,74.25,71.25,73.75,11234800,73.4034761,73.40551888,6833750,47.24849574,0.330190065,0.536627065,-0.206437,10.76310693
DELTA,2024-06-06 00:00:00,74.90968323,75.5,76.25,74,74.25,24483400,73.60314504,73.48765539,8057920,56.80727316,0.457818385,0.520865329,-0.063046944,11.00076731
DELTA,2024-06-07 00:00:00,74.90968323,75.5,75.5,75.5,75.5,0,73.7837979,73.56657086,7506545,56.80727316,0.552594779,0.527211219,0.02538356,11.22145195
DELTA,2024-06-10 00:00:00,73.66944885,74.25,74.5,72.5,74.5,12090000,73.8281981,73.59337201,7747130,52.23349873,0.520837313,0.525936438,-0.005099125,10.6391762
DELTA,2024-06-11 00:00:00,74.1655426,74.75,75.5,73.75,74.5,10552500,73.91598876,73.63872997,8057375,53.8346473,0.529906679,0.526730486,0.003176193,10.03711237
DELTA,2024-06-12 00:00:00,77.39012909,78,78.75,74.75,74.75,25425300,74.30494221,73.80976017,8994070,62.60831655,0.790232745,0.579430938,0.210801807,10.54000496
DELTA,2024-06-13 00:00:00,77.88622284,78.5,79.75,78.25,79.5,17113100,74.70447152,73.99369114,9579840,63.74974194,1.025072451,0.66855924,0.356513211,11.29105567
DELTA,2024-06-14 00:00:00,79.12644958,79.75,80.5,77.75,78.5,15346700,75.18499804,74.21942874,10347175,66.50274342,1.297097037,0.7942668,0.502830237,12.19875702
DELTA,2024-06-17 00:00:00,78.38231659,79,79.5,77.75,79.5,9282300,75.54833156,74.40690212,10811290,63.3919895,1.43561092,0.922535624,0.513075296,13.04162255
DELTA,2024-06-18 00:00:00,78.38231659,79,79,79,79,0,75.87706189,74.58702361,9984375,63.3919895,1.527772954,1.04358309,0.484189864,13.8242834
DELTA,2024-06-19 00:00:00,78.38231659,79,79,79,79,0,76.17448457,74.76008151,9984375,63.3919895,1.582569158,1.151380303,0.431188855,14.55103991
DELTA,2024-06-20 00:00:00,86.56781006,87.25,87.75,85.25,87.75,24498000,77.22929556,75.24988223,10733395,77.71401945,2.265585339,1.374221311,0.891364029,17.22999987
DELTA,2024-06-21 00:00:00,84.08735657,84.75,87.75,84.75,85.75,28113400,77.94555313,75.62243587,11110290,68.9153831,2.575463141,1.614469677,0.960993464,19.47633848
DELTA,2024-06-24 00:00:00,85.32758331,86,86.25,83.25,83.5,14974400,78.7126433,76.02939917,11859010,70.701524,2.888609987,1.869297739,1.019312248,20.85109698
DELTA,2024-06-25 00:00:00,85.32758331,86,86,86,86,0,79.40667728,76.42040312,11397165,70.701524,3.101034325,2.115645056,0.985389269,22.12765843
DELTA,2024-06-26 00:00:00,85.32758331,86,86,86,86,0,80.03461277,76.79607359,10970495,70.701524,3.232124227,2.33894089,0.893183337,23.31303693
DELTA,2024-06-27 00:00:00,83.09516907,83.75,84.25,83,84,10223200,80.38845918,77.06877659,10851565,62.61313219,3.118509487,2.494854609,0.623654877,22.9938361
DELTA,2024-06-28 00:00:00,82.59908295,83.25,84.5,83.25,84.25,11713500,80.66098687,77.3111775,11437240,60.94457676,2.95407048,2.586697784,0.367372696,22.77103666
DELTA,2024-07-01 00:00:00,82.59908295,83.25,83.25,83.25,83.25,0,80.90755955,77.5440725,11437240,60.94457676,2.791571879,2.627672603,0.163899276,22.56415147
DELTA,2024-07-02 00:00:00,81.3588562,82,83.75,81.25,83,11321900,81.0116015,77.71881476,11318625,56.57341404,2.532730276,2.608684137,-0.075953861,21.46966686
DELTA,2024-07-03 00:00:00,82.1029892,82.75,83.75,82,82.25,10411100,81.17716326,77.91611614,11277440,58.49685495,2.360900185,2.559127347,-0.198227162,20.45335973
DELTA,2024-07-04 00:00:00,83.83930969,84.5,85,83.75,84.25,8992800,81.4936239,78.17430766,10502910,62.65342764,2.338971764,2.51509623,-0.176124467,19.97985894
DELTA,2024-07-05 00:00:00,84.58344269,85.25,85.75,84.25,85,11402800,81.85137401,78.4517858,11073050,64.30344522,2.354965488,2.483070082,-0.128104594,19.81007072
DELTA,2024-07-08 00:00:00,84.58344269,85.25,86,84.25,85.5,8404500,82.17505267,78.71838243,10888775,64.30344522,2.34065897,2.454587859,-0.11392889,19.74361074
DELTA,2024-07-09 00:00:00,84.58344269,85.25,85.25,85.25,85.25,0,82.4679048,78.9745243,10361150,64.30344522,2.302775983,2.424225484,-0.121449501,19.68189791
DELTA,2024-07-10 00:00:00,85.82366943,86.5,86.75,85.25,86,6033800,82.85191387,79.26964099,9391575,67.30991393,2.346568219,2.408694031,-0.062125812,20.18857218
DELTA,2024-07-11 00:00:00,90.04044342,90.75,91.5,87.75,88,30284200,83.60411255,79.71985115,10050130,75.01494365,2.693168196,2.465588864,0.227579332,21.96250929
DELTA,2024-07-12 00:00:00,90.04044342,90.75,90.75,90.75,90.75,0,84.28467326,80.152406,9282795,75.01494365,2.934029509,2.559276993,0.374752516,23.60973661
DELTA,2024-07-15 00:00:00,90.04044342,90.75,90.75,90.75,90.75,0,84.90041866,80.56799793,8818680,75.01494365,3.089302281,2.66528205,0.424020231,25.13930483
DELTA,2024-07-16 00:00:00,92.76894379,93.5,93.75,91,91.25,32953300,85.71942641,81.07513526,10466345,79.01267152,3.395122233,2.811250087,0.583872146,27.20475583
DELTA,2024-07-17 00:00:00,92.76894379,93.5,93.5,93.5,93.5,0,86.46043342,81.56238486,10466345,79.01267152,3.596033908,2.968206851,0.627827057,29.12267461
DELTA,2024-07-18 00:00:00,91.77676392,92.5,93.25,90.75,91,22314000,87.03563023,81.99131094,10357145,74.01800019,3.632690817,3.101103644,0.531587173,29.26744534
DELTA,2024-07-19 00:00:00,91.52870941,92.25,93,91.5,91.5,10333500,87.53223688,82.39361248,9468150,72.77936582,3.600069412,3.200896798,0.399172614,29.4018753
DELTA,2024-07-23 00:00:00,90.78457642,91.5,93.75,91.25,93.5,10469200,87.91011908,82.75072571,9242890,69.04641023,3.473655839,3.255448606,0.218207233,29.74760165
DELTA,2024-07-24 00:00:00,91.03262329,91.75,92.5,90.5,91.25,11259800,88.27582202,83.10363843,9805880,69.606033,3.354971064,3.275353098,0.079617966,29.62620471
DELTA,2024-07-25 00:00:00,90.78457642,91.5,91.5,89.25,89.5,21112600,88.58288659,83.43290751,10861510,68.27667667,3.203808108,3.2610441,-0.057235991,28.81394925
DELTA,2024-07-26 00:00:00,92.02481079,92.75,93,90.5,91.75,19133200,88.97975454,83.79828369,11307010,71.23480206,3.148580059,3.238551292,-0.089971232,28.58491645
DELTA,2024-07-30 00:00:00,92.02481079,92.75,92.75,92.75,92.75,0,89.33882553,84.14933138,10721335,71.23480206,3.069428966,3.204726827,-0.13529786,28.37224314
DELTA,2024-07-31 00:00:00,101.2024841,102,103,100,100.5,17269000,90.54465167,84.8493576,11584785,84.0217713,3.710328492,3.30584716,0.404481332,30.38621663
DELTA,2024-08-01 00:00:00,102.6907501,103.5,105,101.5,102.5,15015100,91.77849437,85.58075535,11769445,85.17281834,4.289832924,3.502644313,0.787188611,32.50581791
DELTA,2024-08-02 00:00:00,100.2103043,101,103,100,101.5,17597800,92.656733,86.18543161,12128780,75.42090941,4.495543429,3.701224136,0.794319293,33.77670303
DELTA,2024-08-05 00:00:00,94.50525665,95.25,97.25,93.25,97.25,42372700,92.90371081,86.54090488,13797775,58.7574826,4.146791904,3.79033769,0.356454215,32.5075614
DELTA,2024-08-06 00:00:00,95.99353027,96.75,99,96.25,97.5,21152000,93.27002407,86.94126155,14285235,61.1677917,3.945954763,3.821461104,0.124493659,31.68833697
DELTA,2024-08-07 00:00:00,100.2103043,101,101,98,98.25,17720000,94.00621225,87.49258463,14751010,67.04454248,4.082666919,3.873702267,0.208964652,31.31478646
DELTA,2024-08-08 00:00:00,100.2103043,101,101,101,101,0,94.67228728,88.02228719,14751010,67.04454248,4.143251465,3.927612107,0.215639358,30.96791813
DELTA,2024-08-09 00:00:00,101.2024841,102,103.5,100,102,15286800,95.37016468,88.57043279,15213660,68.35154994,4.223273527,3.986744391,0.236529137,31.12125221
DELTA,2024-08-13 00:00:00,100.7063904,101.5,104.5,101,103,15157400,95.95395852,89.07747464,14457320,66.92240283,4.197954363,4.028986385,0.168967978,31.44290776
DELTA,2024-08-14 00:00:00,101.6985703,102.5,103.5,101,102,9746500,96.57739104,89.60384818,14944645,68.34783535,4.210049554,4.065199019,0.144850535,31.74158791
DELTA,2024-08-15 00:00:00,101.6985703,102.5,103,101.5,102.5,5484100,97.14144904,90.10957963,15218850,68.34783535,4.171548071,4.08646883,0.085079242,32.01893376
DELTA,2024-08-16 00:00:00,103.1868439,104,104,103,103,5502500,97.79464437,90.654302,13846310,70.55523717,4.213502202,4.111875504,0.101626698,32.48232793
DELTA,2024-08-19 00:00:00,103.1868439,104,104,104,104,0,98.38563062,91.1776627,13846310,70.55523717,4.198355129,4.129171429,0.0691837,32.91262252
DELTA,2024-08-20 00:00:00,104.6751175,105.5,107,103.5,104,14114900,99.06318961,91.73932299,13436355,72.75855659,4.25830138,4.154997419,0.103303961,33.90415118
DELTA,2024-08-21 00:00:00,102.6907501,103.5,105,102,105,12617100,99.48574298,92.20052601,13550535,65.69937932,4.097196006,4.143437136,-0.046241131,34.11542981
DELTA,2024-08-22 00:00:00,102.6907501,103.5,103.5,103.5,103.5,0,99.86805317,92.64364264,13027075,65.69937932,3.924282154,4.09960614,-0.175323986,34.31161711
DELTA,2024-08-23 00:00:00,101.2024841,102,102.5,101,101.5,9713300,100.0710957,93.01055861,12949750,60.58638094,3.624429055,4.004570723,-0.380141668,33.36315802
DELTA,2024-08-26 00:00:00,101.6985703,102.5,102.5,99.25,100,11498600,100.3024199,93.38269357,12469050,61.65754918,3.388083418,3.881273262,-0.493189844,31.78914512
DELTA,2024-08-27 00:00:00,101.6985703,102.5,103.5,101.5,102,7376900,100.5117133,93.740235,11881235,61.65754918,3.164301698,3.737878949,-0.573577251,30.62543724
DELTA,2024-08-28 00:00:00,106.1633911,107,108,102.5,103,21794800,101.1296453,94.26022578,12970975,70.130751,3.31188808,3.652680775,-0.340792695,30.66517613
DELTA,2024-08-29 00:00:00,104.1790237,105,106,103,104.5,15863000,101.4982506,94.6813934,12900675,63.42244552,3.230231962,3.568191013,-0.33795905,30.70207653
DELTA,2024-08-30 00:00:00,105.6672897,106.5,109,105,105.5,25171700,101.9746076,95.14486817,13408505,66.04572605,3.249102731,3.504373356,-0.255270625,31.35324146
DELTA,2024-09-02 00:00:00,105.6672897,106.5,106.5,106.5,106.5,0,102.4055974,95.59016745,12528615,66.04572605,3.22686071,3.448870827,-0.222010117,31.95789461
DELTA,2024-09-03 00:00:00,105.6672897,106.5,106.5,106.5,106.5,0,102.7955405,96.01800402,10409980,66.04572605,3.172661283,3.393628918,-0.220967635,32.51935825
DELTA,2024-09-04 00:00:00,105.6672897,106.5,106.5,106.5,106.5,0,103.1483462,96.42906269,9352380,66.04572605,3.094041661,3.333711467,-0.239669806,33.04071734
DELTA,2024-09-05 00:00:00,106.1633911,107,107.5,105.5,107,12056300,103.5151703,96.84360925,9069195,67.10351033,3.037071397,3.274383453,-0.237312056,33.5248365
DELTA,2024-09-06 00:00:00,100.2103043,101,109,101,108,27410900,103.2756303,97.00660497,10439740,47.84239283,2.479193595,3.115345481,-0.636151886,31.83458612
DELTA,2024-09-09 00:00:00,100.2103043,101,101,101,101,0,103.0589036,97.16320869,9675400,47.84239283,2.013856929,2.895047771,-0.881190842,30.26506792
DELTA,2024-09-10 00:00:00,103.1868439,104,104.5,102,103,16857600,103.1485318,97.43131816,9760410,55.2850551,1.865643223,2.689166861,-0.823523638,29.85046739
DELTA,2024-09-11 00:00:00,100.7063904,101.5,104,101.5,103,9459500,102.9915288,97.59087431,9746060,49.00895921,1.528830283,2.457099546,-0.928269263,29.24934699
DELTA,2024-09-12 00:00:00,103.1868439,104,106,103.5,103.5,15131900,103.0875737,97.84221257,10228450,54.56376459,1.446953133,2.255070263,-0.808117131,29.22316285
DELTA,2024-09-13 00:00:00,102.6907501,103.5,105.5,103,105.5,8091400,103.1268524,98.06408659,10357895,53.31286719,1.326428834,2.069341977,-0.742913143,28.9697334
DELTA,2024-09-16 00:00:00,102.6907501,103.5,103.5,103.5,103.5,0,103.1623902,98.27725966,10357895,53.31286719,1.216884966,1.898850575,-0.681965609,28.73440606
DELTA,2024-09-17 00:00:00,102.6907501,103.5,103.5,103.5,103.5,0,103.1945436,98.48207301,9652150,53.31286719,1.117192364,1.742518933,-0.625326569,28.51588781
DELTA,2024-09-18 00:00:00,102.6907501,103.5,103.5,103.5,103.5,0,103.2236346,98.67885446,9021295,53.31286719,1.026354087,1.599285964,-0.572931876,28.312978
DELTA,2024-09-19 00:00:00,107.6516571,108.5,109,103.5,104.5,22898200,103.7261456,99.06399742,10166205,64.31625702,1.342348553,1.547898482,-0.205549928,29.55334428
DELTA,2024-09-20 00:00:00,106.1633911,107,109.5,106.5,109,13776000,104.0379413,99.37521321,10369340,59.76547913,1.454967026,1.529312191,-0.074345164,30.80472327
DELTA,2024-09-23 00:00:00,106.1633911,107,108.5,105.5,108,7523300,104.3200421,99.67422445,10170575,59.76547913,1.526620052,1.528773763,-0.002153711,31.41628719
DELTA,2024-09-24 00:00:00,109.1399307,110,111.5,106.5,107,17378700,104.8609905,100.0791568,10670665,65.43785418,1.804677322,1.583954475,0.220722847,32.61117178
DELTA,2024-09-25 00:00:00,108.643837,109.5,112,108,111.5,12065700,105.3028009,100.4486017,10184210,63.82284245,1.962076296,1.659578839,0.302497457,33.81451643
DELTA,2024-09-26 00:00:00,109.1399307,110,111.5,109.5,111,6304300,105.7501532,100.8231663,9706275,64.75948432,2.102920777,1.748247226,0.35467355,34.93190789
DELTA,2024-09-27 00:00:00,109.1399307,110,110,110,110,0,106.1549005,101.1830421,8447690,64.75948432,2.189304107,1.836458603,0.352845505,35.96948567
DELTA,2024-09-30 00:00:00,106.1633911,107,109.5,107,108.5,9741800,106.2353862,101.4111581,8934780,54.87345201,1.992717781,1.867710438,0.125007343,35.22999528
DELTA,2024-10-01 00:00:00,108.643837,109.5,110.5,107,107,9266800,106.5463018,101.7283676,9398120,60.31088036,2.01541832,1.897252015,0.118166306,34.83109221
DELTA,2024-10-02 00:00:00,107.6516571,108.5,109.5,108,108.5,4338300,106.7323683,101.9939218,9615035,57.33493187,1.930463833,1.903894378,0.026569455,34.46068222
DELTA,2024-10-03 00:00:00,105.6672897,106.5,108,106.5,108,5638800,106.710238,102.1706308,9294160,51.82686321,1.682360302,1.859587563,-0.177227261,33.31932957
DELTA,2024-10-04 00:00:00,105.6672897,106.5,106.5,106.5,106.5,0,106.6902153,102.34041,7923615,51.82686321,1.468804997,1.78143105,-0.312626053,32.2595021
DELTA,2024-10-07 00:00:00,107.6516571,108.5,109,107,108,6219000,106.8625758,102.5819625,8234565,56.65608896,1.444295227,1.714003885,-0.269708658,32.10623881
DELTA,2024-10-08 00:00:00,106.6594772,107.5,111,107,107.5,11375500,106.9232828,102.7748267,7960460,53.75446066,1.328861132,1.636975335,-0.308114203,32.51041686
DELTA,2024-10-09 00:00:00,109.6360245,110.5,110.5,108.5,109,17775000,107.2639226,103.0777747,8376235,60.32003087,1.462593837,1.602099035,-0.139505198,32.88572505
DELTA,2024-10-10 00:00:00,115.0930176,116,118,111.5,112,28949500,108.0959299,103.5845286,9067115,69.00737587,1.989448875,1.679569003,0.309879872,34.66808816
DELTA,2024-10-11 00:00:00,116.0851974,117,120,115.5,116.5,22026000,108.9439366,104.1106255,9763845,70.28136745,2.459327336,1.83552067,0.623806667,36.57844743
DELTA,2024-10-15 00:00:00,121.0461044,122,126.5,118,118,22918200,110.1873712,104.8121696,10909755,75.6672217,3.198299609,2.108076457,1.090223151,38.98303765
DELTA,2024-10-16 00:00:00,121.0461044,122,122,122,122,0,111.3123835,105.4862022,10909755,75.6672217,3.74081863,2.434624892,1.306193738,41.21587142
DELTA,2024-10-17 00:00:00,125.0148239,126,127,124,125.5,10975200,112.7112041,106.2906649,11458515,79.1697359,4.442327052,2.836165324,1.606161728,43.6495596
DELTA,2024-10-18 00:00:00,129.4796448,130.5,131.5,125.5,126,15809600,114.4053751,107.2400506,11104085,82.26293072,5.300291463,3.328990552,1.971300911,46.15852536
DELTA,2024-10-21 00:00:00,128.4874725,129.5,133.5,129,133,9715200,115.8429585,108.1129897,10901045,79.43985134,5.832311539,3.829654749,2.00265679,48.58420605
DELTA,2024-10-22 00:00:00,128.4874725,129.5,129.5,129.5,129.5,0,117.1436291,108.951696,10524880,79.43985134,6.182671297,4.300258059,1.882413238,50.83662384
DELTA,2024-10-24 00:00:00,133.944458,135,136,129,129.5,14549200,118.8442358,109.9731981,10383405,83.13224678,6.825458329,4.805298113,2.020160216,53.20162613
DELTA,2024-10-25 00:00:00,133.944458,135,135,135,135,0,120.38288,110.9546414,9780120,83.13224678,7.251283401,5.294495171,1.956788231,55.39769968
DELTA,2024-10-28 00:00:00,126.0070114,127,135,126,135,25426400,121.0130819,111.5838711,10736225,63.80283641,6.864094687,5.608415074,1.255679613,54.33357985
DELTA,2024-10-29 00:00:00,125.0148239,126,129,125,125,14196200,121.4880265,112.1492095,11446035,61.86641993,6.402746325,5.767281324,0.635465001,53.06963262
DELTA,2024-10-30 00:00:00,130.471817,131.5,133.5,127,128,17358600,122.4415478,112.908064,11826875,67.67698105,6.407071724,5.895239404,0.51183232,52.42794371
DELTA,2024-10-31 00:00:00,136.9210052,138,140,131,131.5,23197400,123.9233052,113.8920615,12523405,72.92721624,6.855964026,6.087384328,0.768579697,52.44945841
DELTA,2024-11-01 00:00:00,136.9210052,138,139.5,136.5,138,13041800,125.2639428,114.8374709,12958580,72.92721624,7.129529629,6.295813389,0.833716241,52.46943634
DELTA,2024-11-04 00:00:00,138.4092865,139.5,141.5,138.5,139.5,11585000,126.6197577,115.8046289,13255890,74.0551044,7.382271574,6.513105026,0.869166548,52.66450337
DELTA,2024-11-05 00:00:00,147.3388977,148.5,150,139.5,140,32777700,128.7035903,117.0868003,14894775,79.55801166,8.214109033,6.853305827,1.360803206,53.46347152
DELTA,2024-11-06 00:00:00,154.2841644,155.5,159.5,149.5,150.5,38370300,131.2556293,118.5932003,16502340,82.64180366,9.330630017,7.348770665,1.981859352,54.6922786
DELTA,2024-11-07 00:00:00,155.7724457,157,160.5,155.5,158,20969000,133.7074742,120.0993493,16982015,83.22576301,10.21872332,7.922761197,2.295962127,55.87716426
DELTA,2024-11-08 00:00:00,153.7880859,155,157,149,156,32256900,135.7353338,121.4680023,17706110,79.39071206,10.63852608,8.465914173,2.172611903,55.41409945
DELTA,2024-11-11 00:00:00,155.7724457,157,159.5,154,155.5,11817000,137.7605401,122.8614139,16849485,80.36508895,11.00573876,8.97387909,2.03185967,55.16580914
DELTA,2024-11-12 00:00:00,156.2685394,157.5,159,155.5,157,8989300,139.6404886,124.2197899,16197650,80.61187718,11.20790552,9.420684377,1.787221146,54.93525386
DELTA,2024-11-13 00:00:00,160.7333374,162,167,158,158.5,17602700,141.7699659,125.7013667,15931875,82.71727822,11.59754722,9.856056946,1.741490278,55.26090811
DELTA,2024-11-14 00:00:00,163.7098999,165,167,161.5,162,15079400,143.9823501,127.2424896,16685845,83.96725083,12.00997252,10.28684006,1.72313246,55.56330135
DELTA,2024-11-15 00:00:00,162.2216339,163.5,169,163,167.5,18240400,145.8411739,128.6643528,17049105,80.81978702,12.07657385,10.64478682,1.431787031,55.970234
DELTA,2024-11-18 00:00:00,163.2138062,164.5,166,160,165,13687100,147.618205,130.0696723,16942980,81.32243562,12.07090168,10.93000979,1.140891893,55.59025437
DELTA,2024-11-19 00:00:00,164.2059784,165.5,170,165.5,166,10723800,149.3212331,131.4590969,16993410,81.83509495,12.00866963,11.14574176,0.862927868,55.54168281
DELTA,2024-11-20 00:00:00,172.1434326,173.5,173.5,166.5,167.5,13951400,151.6239728,133.1077597,17690980,85.30910811,12.46123802,11.40884101,1.052397009,55.7388402
DELTA,2024-11-21 00:00:00,143.8662567,145,155,141,147,28831400,150.9931182,133.5741221,18405090,49.20545559,10.40030171,11.20713315,-0.80683144,51.78968244
DELTA,2024-11-22 00:00:00,144.8584595,146,147,141.5,146,11377800,150.5175832,134.0614114,18973980,50.00496293,8.746858146,10.71507815,-1.968220004,48.12260738
DELTA,2024-11-25 00:00:00,144.3623657,145.5,148,145,147.5,16921100,150.0397181,134.5099835,18548715,49.58471278,7.311859818,10.03443448,-2.722574666,44.77219382
DELTA,2024-11-26 00:00:00,150.3154602,151.5,153,145.5,145.5,10034400,150.1787926,135.1762587,18340625,54.52378122,6.582879819,9.344123551,-2.761243732,42.24002947
DELTA,2024-11-27 00:00:00,149.8193665,151,152.5,148.5,152.5,7604200,150.2570028,135.7967976,17852905,54.04858762,5.89683703,8.654666247,-2.757829216,39.888734
DELTA,2024-11-28 00:00:00,150.3154602,151.5,153,150,151.5,7535500,150.3753835,136.4126094,17069810,54.47586607,5.332024737,7.990137945,-2.658113208,37.76644088
DELTA,2024-11-29 00:00:00,149.3232574,150.5,153,148.5,152.5,14039100,150.3872517,136.9650561,17119675,53.4062718,4.748972088,7.341904773,-2.592932685,35.56316176
DELTA,2024-12-02 00:00:00,150.8115387,152,152,146,151,10954500,150.5408468,137.5546618,17088150,54.83865026,4.357703237,6.745064466,-2.387361229,33.1325549
DELTA,2024-12-03 00:00:00,149.8193665,151,153,149.5,152.5,8944600,150.5845757,138.0819299,15896495,53.65443842,3.921721052,6.180395783,-2.258674732,31.02493565
DELTA,2024-12-04 00:00:00,149.8193665,151,152,149.5,150.5,8335700,150.6241399,138.5885209,14394765,53.65443842,3.53544759,5.651406145,-2.115958555,29.06786062
DELTA,2024-12-06 00:00:00,149.3232574,150.5,152,149.5,152,13360000,150.612317,139.0556377,14014315,52.99087399,3.152635646,5.151652045,-1.999016399,27.25057667
DELTA,2024-12-09 00:00:00,151.3076324,152.5,153,147,150,16674600,150.7920964,139.5828676,13235200,55.36860426,2.976328446,4.716587325,-1.740258879,25.50544067
DELTA,2024-12-11 00:00:00,149.8193665,151,153,150,150.5,14512900,150.8118967,140.0305983,13369995,53.19540054,2.684619631,4.310193786,-1.625574155,23.88495725
DELTA,2024-12-12 00:00:00,154.2841644,155.5,161,153.5,155,28482800,151.2583827,140.6372415,14344670,58.46262524,2.784453243,4.005045678,-1.220592435,23.35476178
DELTA,2024-12-13 00:00:00,150.3154602,151.5,154.5,149,154,24948700,151.2813939,141.063232,14711970,52.77709522,2.51185048,3.706406638,-1.194556158,22.01385934
DELTA,2024-12-16 00:00:00,149.8193665,151,152,149.5,152,13943800,151.2545945,141.4529092,14655190,52.09509553,2.229761699,3.41107765,-1.181315951,20.76873565
DELTA,2024-12-17 00:00:00,149.8193665,151,154.5,150,152,17233400,151.2303474,141.8273049,14604840,52.09509553,1.983341582,3.125530437,-1.142188855,20.03287716
DELTA,2024-12-18 00:00:00,150.3154602,151.5,153,150.5,152.5,14123300,151.2560286,142.2066263,14626650,52.80243462,1.807561244,2.861936598,-1.054375354,19.34957999
DELTA,2024-12-19 00:00:00,148.827179,150,152.5,149,149.5,16566800,151.1364068,142.5122488,14918800,50.39824334,1.529584497,2.595466178,-1.065881681,18.39040522
DELTA,2024-12-20 00:00:00,148.3310852,149.5,153,148.5,150.5,21550200,150.9805586,142.7862783,15298740,49.58774366,1.254479246,2.327268791,-1.072789546,17.49974292
DELTA,2024-12-23 00:00:00,150.8115387,152,152.5,149,151.5,17059500,151.0776482,143.1476007,14710145,53.60528748,1.224075083,2.10663005,-0.882554967,16.67269937
DELTA,2024-12-24 00:00:00,149.8193665,151,154.5,150.5,153,16441300,151.0702532,143.4555379,14963320,51.82611594,1.106532505,1.906610541,-0.800078036,16.33568367
DELTA,2024-12-25 00:00:00,149.3232574,150.5,152,150.5,152,6489200,151.0159433,143.7317913,14441725,50.91615967,0.961944644,1.717677361,-0.755732717,16.02274051
DELTA,2024-12-26 00:00:00,151.3076324,152.5,152.5,150.5,150.5,5079500,151.1572821,144.0756426,14193980,54.36752224,0.997245384,1.573590966,-0.576345582,15.84695355
DELTA,2024-12-27 00:00:00,151.3076324,152.5,155,151,151.5,21784300,151.28516,144.4060096,14902985,54.36752224,1.013538039,1.461580381,-0.448042342,16.23629413
DELTA,2024-12-30 00:00:00,151.3076324,152.5,158,151.5,153,24994500,151.400859,144.723421,15775935,54.36752224,1.014752649,1.372214834,-0.357462185,17.18060427
DELTA,2025-01-02 00:00:00,137.9131775,139,153,138.5,152.5,43716800,150.2198248,144.4989731,17259820,34.13325216,-0.072782944,1.083215279,-1.155998222,16.86430355
DELTA,2025-01-03 00:00:00,141.8819122,143,144,139.5,139.5,16135600,149.5322225,144.4401898,17518875,41.12505859,-0.60492299,0.745587625,-1.350510615,16.57059574
DELTA,2025-01-06 00:00:00,143.8662567,145,146,144,145,8302500,149.1005822,144.4621432,17486770,44.30829141,-0.85540396,0.425389308,-1.280793268,15.85509799
DELTA,2025-01-07 00:00:00,150.8115387,152,153.5,146,146.5,22096200,149.3767172,144.7577454,18174795,53.73649906,-0.483496983,0.24361205,-0.727109033,15.63726644
DELTA,2025-01-08 00:00:00,153.2919922,154.5,155,151.5,152.5,11187200,149.8646489,145.1397946,18066155,56.56468663,0.012823263,0.197454292,-0.184631029,15.66953693
DELTA,2025-01-09 00:00:00,154.2841644,155.5,158,154,155.5,17465100,150.401349,145.5460772,18105680,57.67915743,0.481304103,0.254224255,0.227079849,16.14917441
DELTA,2025-01-10 00:00:00,155.2763672,156.5,159,155,156,19111200,150.9821729,145.9756428,18335595,58.81711784,0.922634629,0.38790633,0.5347283,16.73994645
DELTA,2025-01-13 00:00:00,147.3388977,148.5,155,148.5,155,21871500,150.7457755,146.0746372,18005030,47.75441908,0.619715416,0.434268147,0.185447269,15.91007503
DELTA,2025-01-14 00:00:00,142.3779907,143.5,151,137,151,84674300,150.0557017,145.973671,20991310,42.3882151,-0.023537135,0.34270709,-0.366244226,16.12063432
DELTA,2025-01-15 00:00:00,138.905365,140,145.5,138,145.5,26565200,149.0980158,145.7394094,21622380,39.07791253,-0.806443981,0.112876876,-0.919320857,16.31615367
DELTA,2025-01-16 00:00:00,137.4170837,138.5,144,137.5,144,21436300,148.0886809,145.455511,21832525,37.71839847,-1.530300411,-0.215758581,-1.314541829,16.56361609
DELTA,2025-01-17 00:00:00,137.4170837,138.5,140.5,136,137,16675200,147.1754732,145.1827459,21960120,37.71839847,-2.079985073,-0.58860388,-1.491381193,16.99645707
DELTA,2025-01-20 00:00:00,139.4014587,140.5,142.5,139,140,10751600,146.5397139,144.9991088,21669360,40.89793004,-2.327402001,-0.936363504,-1.391038497,16.97427425
DELTA,2025-01-21 00:00:00,141.3858185,142.5,144.5,141.5,142,13222300,146.1549792,144.9011045,21252965,43.97790644,-2.335179914,-1.216126786,-1.119053128,16.54060077
DELTA,2025-01-22 00:00:00,145.8506317,147,147,143.5,144,15240200,146.2354574,144.9834141,21162000,50.25888633,-1.955687624,-1.364038953,-0.59164867,15.64245485
DELTA,2025-01-23 00:00:00,145.3545532,146.5,150.5,146.5,148.5,15032000,146.2606519,145.0428881,21091535,49.59355877,-1.675963606,-1.426423884,-0.249539722,14.88173392
DELTA,2025-01-24 00:00:00,145.8506317,147,148,144.5,148,10449800,146.331066,145.1196376,21289565,50.30206823,-1.397821272,-1.420703362,0.02288209,13.83981322
DELTA,2025-01-27 00:00:00,136.9210052,138,145,138,144.5,20737000,145.5376312,144.8404361,22072440,39.53108128,-1.88192262,-1.512947213,-0.368975406,13.93946526
DELTA,2025-01-28 00:00:00,133.4483795,134.5,135,130,130,23961900,144.4864282,144.4349288,22181320,36.27780548,-2.51896017,-1.714149805,-0.804810365,15.03524827
DELTA,2025-01-29 00:00:00,133.4483795,134.5,137.5,133.5,137,12505600,143.5353398,144.0453238,21556875,36.27780548,-2.989357565,-1.969191357,-1.020166208,15.56501647
DELTA,2025-01-30 00:00:00,127.495285,128.5,134,128,133.5,20227600,142.1034027,143.4357032,20382415,31.17669391,-3.802468258,-2.335846737,-1.466621521,16.67301568
DELTA,2025-01-31 00:00:00,125.0148239,126,131,126,129.5,21439800,140.5697453,142.7519501,20647625,29.32633873,-4.595618024,-2.787800994,-1.807817029,17.90734817
DELTA,2025-02-03 00:00:00,124.5187378,125.5,126,114,115,21511000,139.1345314,142.0754031,21308050,28.95618589,-5.204545982,-3.271149992,-1.93339599,20.05555357
DELTA,2025-02-04 00:00:00,122.0382843,123,129,123,127,19948100,137.5979094,141.3273481,21200645,27.11345156,-5.821745425,-3.781269078,-2.040476347,21.47854879
DELTA,2025-02-05 00:00:00,113.604744,114.5,121,112.5,117.5,35295600,135.3981085,140.2752952,22406065,21.98954488,-6.917024243,-4.408420111,-2.508604132,23.52599165
DELTA,2025-02-06 00:00:00,109.1399307,110,116,108.5,115.5,29369500,132.979241,139.0880287,23001285,19.85073906,-8.055296546,-5.137795398,-2.917501147,25.65854814
DELTA,2025-02-07 00:00:00,113.1086578,114,115,109,109,21983200,131.1716943,138.1041845,23144885,26.67764159,-8.536218759,-5.81748007,-2.718738689,27.63877916
DELTA,2025-02-10 00:00:00,111.1242905,112,112.5,108,111,22886400,129.3458186,137.0804909,23195630,25.50773609,-8.97527498,-6.449039052,-2.526235928,29.5391281
DELTA,2025-02-11 00:00:00,113.1086578,114,115,112.5,115,9734600,127.8843121,136.1753737,19448645,28.86711105,-9.057438402,-6.970718922,-2.086719479,30.78134215
DELTA,2025-02-13 00:00:00,114.5969315,115.5,118.5,114,115,21294700,126.7048538,135.3645747,19185120,31.36703065,-8.898934662,-7.35636207,-1.542572592,31.23461631
DELTA,2025-02-14 00:00:00,112.116478,113,117,112,116.5,16660000,125.3996296,134.4875325,18946305,29.50581521,-8.872768659,-7.659643388,-1.213125271,31.83262759
DELTA,2025-02-17 00:00:00,85.82366943,86.5,88.5,79.25,79.25,83792200,121.694903,132.6056685,22302155,17.59072188,-10.86511417,-8.300737544,-2.564376626,34.15742781
DELTA,2025-02-18 00:00:00,77.14208221,77.75,87,77.5,87,50749700,117.5096741,130.4544658,24302060,15.38196235,-13.00025536,-9.240641108,-3.759614255,36.37484388
DELTA,2025-02-19 00:00:00,77.14208221,77.75,81.5,76.75,77,31592800,113.7230385,128.387624,25220585,15.38196235,-14.52493572,-10.29750003,-4.227435693,38.46004985
DELTA,2025-02-20 00:00:00,76.64599609,77.25,80.5,75.5,77.5,36129400,110.2494158,126.382227,26265045,15.25501932,-15.59384557,-11.35676914,-4.237076432,40.44193922
DELTA,2025-02-21 00:00:00,74.41358948,75,78.75,74.75,78,19949300,106.8923286,124.3672377,26510910,14.66837312,-16.43309009,-12.37203333,-4.06105676,42.31085726
DELTA,2025-02-24 00:00:00,75.40576935,76,76,72.25,74.25,19636500,103.950202,122.4704833,26970245,16.21062257,-16.82357408,-13.26234148,-3.561232604,44.14356726
DELTA,2025-02-25 00:00:00,74.66162872,75.25,76.5,74,75,18025800,101.2168495,120.6186996,26834685,15.9773862,-16.99761626,-14.00939644,-2.98821982,45.74088838
DELTA,2025-02-26 00:00:00,81.85494995,82.5,82.5,75.5,76,30939500,99.43429237,119.1238487,27183565,26.9229693,-16.36192148,-14.47990144,-1.882020032,46.02104874
DELTA,2025-02-27 00:00:00,80.56785583,80.75,83.75,80.25,81,23466400,97.65483596,117.6189919,27731605,26.04113428,-15.8170105,-14.74732326,-1.069687249,46.04396651
DELTA,2025-02-28 00:00:00,77.07575226,77.25,78.5,75.25,76,34461100,95.71151825,116.0358941,28443280,24.32507145,-15.4890374,-14.89566609,-0.593371318,46.39966347
DELTA,2025-03-03 00:00:00,71.0892868,71.25,79.5,70.25,78.25,36008100,93.38184984,114.2795846,29171695,21.68670699,-15.53419765,-15.0233724,-0.510825253,47.03043596
DELTA,2025-03-04 00:00:00,70.0915451,70.25,73.25,70,71,20987700,91.17881652,112.5529342,29145530,21.27257932,-15.4723238,-15.11316268,-0.359161121,47.63087525
DELTA,2025-03-05 00:00:00,75.32970428,75.5,75.5,71.75,73,25850100,89.6855959,111.099878,29440630,28.94415275,-14.82872094,-15.05627433,0.227553393,47.71417779
DELTA,2025-03-06 00:00:00,77.32518768,77.5,82,75.75,76.75,38787900,88.52506296,109.7822357,29615245,31.67558069,-13.99594125,-14.84420771,0.848266466,46.54479469
DELTA,2025-03-07 00:00:00,81.06673431,81.25,81.25,76.25,77,19286700,87.83219982,108.6633245,29111105,36.59695079,-12.88483532,-14.45233324,1.567497912,45.45893896
DELTA,2025-03-10 00:00:00,76.32744598,76.5,80,76.25,79.75,21106900,86.75294269,107.4020176,29067290,33.32280061,-12.24639239,-14.01114507,1.764752678,44.45064435
DELTA,2025-03-11 00:00:00,73.83308411,74,75.75,71.25,74.25,30983300,85.53837672,106.0921346,29472135,31.71458663,-11.80605798,-13.57012765,1.764069668,44.01107627
DELTA,2025-03-12 00:00:00,68.84436035,69,74,69,73.5,29343500,83.96329323,104.6375411,30452580,28.72832831,-11.72538506,-13.20117913,1.475794068,43.80911531
DELTA,2025-03-13 00:00:00,69.84210968,70,71.75,69.25,70.5,20070600,82.63345578,103.2792061,30391375,30.14503606,-11.44878509,-12.85070032,1.401915238,43.62158012
DELTA,2025-03-14 00:00:00,70.0915451,70.25,71.25,69.25,70.75,14788800,81.45407904,101.9839431,30297815,30.51688564,-11.0816622,-12.4968927,1.415230502,43.44744031
DELTA,2025-03-17 00:00:00,69.09379578,69.25,72,69.25,70.5,16918900,80.29178579,100.7002591,26954150,29.83280271,-10.74751563,-12.14701728,1.399501652,43.09305804
DELTA,2025-03-18 00:00:00,70.83985138,71,71.75,69.75,70.75,13155100,79.40685381,99.53554306,25074420,32.67696867,-10.22363994,-11.76234182,1.538701874,42.76398879
DELTA,2025-03-19 00:00:00,70.59041595,70.75,73,70.5,71.75,14664100,78.58239155,98.40669823,24227985,32.47445733,-9.716630328,-11.35319952,1.636569191,42.10611149
DELTA,2025-03-20 00:00:00,66.5994339,66.75,71.75,66.75,71,25844400,77.45549711,97.16525909,23713735,29.34123871,-9.527758062,-10.98811123,1.460353165,41.98500161
DELTA,2025-03-21 00:00:00,68.84436035,69,69.25,66.75,67.75,23386800,76.65021167,96.06073912,23885610,33.24293314,-9.091715597,-10.6088321,1.517116504,41.87254243
DELTA,2025-03-24 00:00:00,68.09605408,68.25,70,67,70,10181500,75.85019151,94.9701219,23412860,32.59679472,-8.70630665,-10.22832701,1.522020361,41.53366445
DELTA,2025-03-25 00:00:00,69.84210968,70,70.5,67.5,69,19384600,75.29303042,93.99090143,23480800,35.73555711,-8.165529764,-9.815767561,1.650237797,41.05731611
DELTA,2025-03-26 00:00:00,73.33421326,73.5,74.75,70.25,70.25,28478600,75.12226562,93.18733667,23357755,41.59360565,-7.36958742,-9.326531533,1.956944113,39.35051992
DELTA,2025-03-27 00:00:00,72.0870285,72.25,72.75,71,72.5,13648300,74.84871651,92.36626465,22866850,40.18473858,-6.761717066,-8.81356864,2.051851574,37.76563775
DELTA,2025-03-28 00:00:00,68.84436035,69,71.5,68.75,71.5,12954900,74.29169589,91.44994054,21791540,36.70368177,-6.467668019,-8.344388516,1.876720497,36.73526769
DELTA,2025-03-31 00:00:00,65.6016922,65.75,67.25,65.5,65.75,22623900,73.47820104,90.44209974,21122330,33.57177418,-6.422841352,-7.960079083,1.537237731,36.34773097
DELTA,2025-04-01 00:00:00,66.5994339,66.75,67,66.25,67,7164700,72.83741999,89.51299779,20431180,35.39837674,-6.234753891,-7.615014044,1.380260153,35.98787544
DELTA,2025-04-02 00:00:00,67.3477478,67.5,69,67,67.25,8580900,72.32909428,88.64974297,19567720,36.8019688,-5.956511534,-7.283313542,1.326802008,35.00590152
DELTA,2025-04-03 00:00:00,60.36353683,60.5,65.5,59,65,26206000,71.20251387,87.54583148,18938625,30.20558166,-6.22903947,-7.072458728,0.843419258,35.36769166
DELTA,2025-04-04 00:00:00,56.62199402,56.75,59.5,56.25,59.5,27236900,69.82608398,86.33815182,19336135,27.37481432,-6.670717603,-6.992110503,0.3213929,36.03857899
DELTA,2025-04-08 00:00:00,59.36579132,59.5,60.25,51.25,53,45128600,68.84264741,85.28567527,20537220,32.37954993,-6.721368931,-6.937962189,0.216593258,37.18574497
DELTA,2025-04-09 00:00:00,59.86466217,60,61.75,56.75,59.5,19396100,68.00049051,84.29408017,19957860,33.27982057,-6.644570183,-6.879283787,0.234713604,37.80385078
DELTA,2025-04-10 00:00:00,69.09379578,69.25,69.25,66.25,66.75,26683200,68.11949142,83.70411624,19824845,47.26709601,-5.770786888,-6.657584408,0.886797519,36.48809324
DELTA,2025-04-11 00:00:00,68.59492493,68.75,70.25,67,70,19440600,68.17953985,83.11768031,19793345,46.69722061,-5.060320924,-6.338131711,1.277810787,35.04983696
DELTA,2025-04-16 00:00:00,66.10056305,66.25,70.25,63,70.25,36862100,67.99577415,82.45620265,20897010,43.85046688,-4.64545077,-5.999595523,1.354144753,34.30329689
DELTA,2025-04-17 00:00:00,65.85112762,66,67.5,65,65.25,15309600,67.80570042,81.81086137,20816545,43.56446039,-4.287413461,-5.65715911,1.369745649,33.61008111
DELTA,2025-04-18 00:00:00,68.84436035,69,69.75,65.75,66,17245100,67.91944324,81.30847465,21021045,47.95153967,-3.718724248,-5.269472138,1.55074789,32.42862313
DELTA,2025-04-21 00:00:00,67.84661865,68,71.5,68,68.75,16369400,67.92711531,80.78657368,21106310,46.64976537,-3.310563478,-4.877690406,1.567126928,30.9287292
DELTA,2025-04-22 00:00:00,69.09379578,69.25,69.5,67,68,15347000,68.05310433,80.33415903,20581440,48.53070999,-2.853337079,-4.472819741,1.619482662,29.71811597
DELTA,2025-04-23 00:00:00,76.32744598,76.5,77.5,70.5,71.5,55832500,68.85757058,80.18379985,22203725,57.81958645,-1.884247028,-3.955105198,2.07085817,28.21490995
DELTA,2025-04-24 00:00:00,75.32970428,75.5,80.75,75.5,76.5,45754500,69.49018291,80.00012142,23982375,56.31003648,-1.18328762,-3.400741682,2.217454062,27.34092052
DELTA,2025-04-25 00:00:00,81.81504059,82,84.75,78.25,79.25,45770300,70.68159406,80.07854803,25301660,63.0608676,-0.102099621,-2.74101327,2.638913649,27.1046992
DELTA,2025-04-28 00:00:00,83.06221771,83.25,87.75,82.75,86.5,37714400,71.8785851,80.2029187,25763450,64.20628475,0.845863621,-2.023637892,2.869501513,27.27530563
DELTA,2025-04-29 00:00:00,87.80150604,88,88,84,84,33741800,73.41395795,80.50868659,26768125,68.23687372,1.957847773,-1.227340759,3.185188532,27.46599867
DELTA,2025-04-30 00:00:00,97.77894592,98,98,89.25,90,68549900,75.75548576,81.19462045,29547875,74.6968082,3.60446957,-0.260978693,3.865448263,28.72556002
DELTA,2025-05-02 00:00:00,101.2710571,101.5,106.5,100.5,104.5,26661800,78.20734426,81.99090985,29749770,76.49839474,5.132683575,0.817753761,4.314929815,30.54333378
DELTA,2025-05-06 00:00:00,99.77443695,100,103.5,98.25,103.5,21119000,80.28283529,82.69714868,30447485,74.06452159,6.151852,1.884573408,4.267278592,31.73571685
DELTA,2025-05-07 00:00:00,104.2642899,104.5,105,101,102.5,17680700,82.58923193,83.55216245,30902475,76.48194618,7.239213564,2.955501439,4.283712124,32.96087796
DELTA,2025-05-08 00:00:00,100.7721863,101,105.5,101,103.5,14685300,84.34263841,84.23639138,30326440,70.94322133,7.729434577,3.910288067,3.81914651,34.13908721
DELTA,2025-05-09 00:00:00,103.765419,104,104.5,100,102.5,15499800,86.21476808,85.01143485,29739585,72.76390145,8.264742384,4.78117893,3.483563454,34.98366253
DELTA,2025-05-13 00:00:00,106.7586517,107,111.5,107,110,19856300,88.19431398,85.87373152,28475970,74.48559672,8.829274229,5.59079799,3.238476239,36.34603326
DELTA,2025-05-14 00:00:00,113.7428589,114,114,107.5,108,23181700,90.65199836,86.97672245,28665250,77.98289775,9.729357307,6.418509854,3.310847454,37.78984431
DELTA,2025-05-15 00:00:00,111.248497,111.5,116,110,113,22646000,92.63752233,87.9384196,28463390,74.07754017,10.12424454,7.15965679,2.964587746,39.26961253
DELTA,2025-05-16 00:00:00,114.2417297,114.5,115.5,110.5,113,14891500,94.71966306,88.98005021,28235935,75.65322314,10.55756935,7.839239302,2.718330048,40.64368303
DELTA,2025-05-19 00:00:00,106.7586517,107,113.5,107,113,17874500,95.88921896,89.68671491,27286555,65.01369911,10.17846407,8.307084255,1.871379814,40.97548188
DELTA,2025-05-20 00:00:00,107.2575226,107.5,111,107,110,15571600,96.99500763,90.38527511,27299655,65.36342129,9.80533641,8.606734686,1.198601723,41.28358081
DELTA,2025-05-21 00:00:00,106.2597733,106.5,111.5,105,108.5,21274600,97.900245,91.0172251,27501130,63.98581991,9.321486119,8.749684973,0.571801146,41.0261919
DELTA,2025-05-22 00:00:00,107.7563934,108,109,105,105.5,14118000,98.86212643,91.68321627,27388560,65.17158443,8.955831491,8.790914276,0.164917215,40.78718791
DELTA,2025-05-23 00:00:00,107.7563934,108,110,108,109,6377600,99.7324001,92.32309015,26940090,65.17158443,8.567289187,8.746189259,-0.178900071,40.69645305
DELTA,2025-05-26 00:00:00,111.248497,111.5,112,105.5,109,16848600,100.8531239,93.07512583,24990895,68.02088047,8.444445055,8.685840418,-0.241395363,39.87956428
DELTA,2025-05-27 00:00:00,107.2575226,107.5,111,106,111,20049200,101.4861597,93.64080717,23705630,61.79847582,7.932878342,8.535248003,-0.602369661,39.12102471
DELTA,2025-05-28 00:00:00,103.765419,104,110,104,109,18495200,101.7255731,94.04705002,22341875,56.89418081,7.162472759,8.260692954,-1.098220195,37.82710694
DELTA,2025-05-29 00:00:00,107.2575226,107.5,112.5,107,108.5,27668900,102.2755185,94.57461669,21839600,60.28811926,6.756457299,7.959845823,-1.203388524,37.07223204
DELTA,2025-05-30 00:00:00,103.765419,104,106.5,103.5,105,59741600,102.4397548,94.94423956,23139590,55.5757624,6.082155075,7.584307673,-1.502152598,35.40214256
DELTA,2025-06-04 00:00:00,94.28684235,94.5,102,91.25,101.5,45665200,101.6835877,94.9268184,21995355,45.2394816,4.726708545,7.012787848,-2.286079302,34.22341851
DELTA,2025-06-05 00:00:00,97.5295105,97.75,98.5,95.75,97,16533500,101.3089603,95.03753141,21488940,48.7511041,3.870142649,6.384258808,-2.514116159,33.12888904
DELTA,2025-06-06 00:00:00,95.28459167,95.5,97.25,93.5,97.25,15042000,100.755726,95.05566743,21185090,46.52663804,2.975452642,5.702497575,-2.727044933,32.44591934
DELTA,2025-06-09 00:00:00,99.2755661,99.5,101,97,97,16075200,100.636133,95.22995498,21104815,50.82267843,2.559664715,5.073931003,-2.514266288,30.98538523
DELTA,2025-06-10 00:00:00,99.2755661,99.5,101.5,99,99.75,8691100,100.5279299,95.39740773,20805105,50.82267843,2.204734975,4.500091797,-2.295356822,29.52305548
DELTA,2025-06-11 00:00:00,100.7721863,101,101.5,99.75,101,8261200,100.572889,95.61711723,20443175,52.4829568,2.021189054,4.004311249,-1.983122195,28.16517785
DELTA,2025-06-12 00:00:00,97.03063965,97.25,99.75,97,99.25,11188000,100.2564233,95.68115185,20009760,48.10999169,1.555206477,3.514490294,-1.959283818,27.40294753
DELTA,2025-06-13 00:00:00,99.2755661,99.5,100,95.5,96,14436700,100.184383,95.8309106,19572510,50.76095242,1.351884441,3.081969123,-1.730084683,26.95339398
DELTA,2025-06-16 00:00:00,99.77443695,100,101.5,97.25,98.5,10955900,100.1668227,95.9944043,18988005,51.35568783,1.217066499,2.708988599,-1.4919221,26.14613439
DELTA,2025-06-17 00:00:00,98.77669525,99,101,98,101,9051300,100.0556968,96.1122708,18695995,50.05353026,1.017798122,2.370750503,-1.352952381,25.39653619
DELTA,2025-06-18 00:00:00,97.77894592,98,102.5,97.75,98,16412900,99.85991611,96.18629939,18622915,48.72309263,0.770305256,2.050661454,-1.280356198,24.29019951
DELTA,2025-06-19 00:00:00,98.02838898,98.25,99.25,96.75,96.75,12029400,99.70659077,96.26722883,18445805,49.08743483,0.587565202,1.758042203,-1.170477002,23.4844481
DELTA,2025-06-20 00:00:00,97.77894592,98,99.25,96.75,98,16991800,99.54405831,96.33518064,18231665,48.71467241,0.417753875,1.489984538,-1.072230663,22.73625035
DELTA,2025-06-23 00:00:00,96.03289795,96.25,98,95.25,97,14005600,99.23033848,96.33184022,18226045,46.07695492,0.140348945,1.220057419,-1.079708475,22.3926311
DELTA,2025-06-24 00:00:00,104.2642899,104.5,106,98.75,99,39907300,99.732211,96.65216021,19902530,57.70397935,0.57952914,1.091951763,-0.512422624,21.57680266
DELTA,2025-06-25 00:00:00,104.7631607,105,107,104,104,17427800,100.2339052,96.97952648,19931490,58.29096177,0.956897906,1.064940992,-0.108043086,21.02231609
DELTA,2025-06-26 00:00:00,98.77669525,99,105,99,105,24549100,100.1163904,97.05876074,20156485,49.42651735,0.763019898,1.004556773,-0.241536875,19.72676971
DELTA,2025-06-27 00:00:00,95.78346252,96,99.75,95.75,99.75,23456700,99.72435323,97.01724071,20404560,45.68555057,0.363109551,0.876267329,-0.513157778,19.16984055
DELTA,2025-06-30 00:00:00,95.78346252,96,100,92,97,37750100,99.36965292,96.97734892,20908620,45.68555057,0.045651478,0.710144159,-0.66449268,19.30521935
DELTA,2025-07-01 00:00:00,103.765419,104,104.5,97,98,28271300,99.81063836,97.252747,19335105,55.98785684,0.434587159,0.655032759,-0.2204456,18.40875911
DELTA,2025-07-02 00:00:00,104.7631607,105,105.5,102.5,104,15020600,100.3048633,97.55656084,17802875,57.0836696,0.814128366,0.68685188,0.127276486,17.36655936
DELTA,2025-07-03 00:00:00,109.7518845,110,110,105,106,23289800,101.2282096,98.04453885,18140690,62.15711262,1.501072293,0.849695963,0.65137633,16.725706
DELTA,2025-07-04 00:00:00,109.253006,109.5,110.5,107,110,13171300,102.0159992,98.49377262,18047155,61.37573388,1.982283948,1.07621356,0.906070388,16.22145164
DELTA,2025-07-07 00:00:00,110.2507553,110.5,111,105.5,106.5,16294100,102.8239993,98.96460506,18058100,62.39395728,2.416483575,1.344267563,1.072216012,15.4170097
DELTA,2025-07-08 00:00:00,108.2552643,108.5,110,107,108,17502000,103.3645708,99.33854212,18498645,59.04156107,2.569586035,1.589331257,0.980254777,14.67002791
DELTA,2025-07-09 00:00:00,105.7609024,106,109.5,105.5,108.5,10288000,103.615564,99.59977576,18599985,55.05922762,2.460824873,1.76362998,0.697194893,13.62342411
DELTA,2025-07-11 00:00:00,108.2552643,108.5,111,108,109,13679100,104.0807484,99.94880416,18724540,58.10257682,2.546999748,1.920303934,0.626695814,12.99615258
DELTA,2025-07-14 00:00:00,111.7473679,112,112,108,108.5,10321000,104.8349628,100.4214001,18518755,61.9839951,2.864692316,2.10918161,0.755510706,12.64277846
DELTA,2025-07-15 00:00:00,114.2417297,114.5,115,111,113,12449600,105.7554426,100.973502,18593440,64.51288802,3.280380883,2.343421465,0.936959418,12.95961139
DELTA,2025-07-16 00:00:00,114.2417297,114.5,116,112.5,114.5,11848900,106.5882576,101.5039529,18733320,64.51288802,3.568679551,2.588473082,0.980206469,13.45549452
DELTA,2025-07-17 00:00:00,132.2011261,132.5,134.5,115.5,115.5,49582200,109.0560426,102.7194842,20391785,77.1856997,5.189783299,3.108735125,2.081048173,16.22845868
DELTA,2025-07-18 00:00:00,137.1898499,137.5,138,130.5,131,28144000,111.7649909,104.083426,21197515,79.38767062,6.799596397,3.84690738,2.952689017,19.06271269
DELTA,2025-07-21 00:00:00,138.6864624,139,144,135,143,31644400,114.3588013,105.4527034,21930145,80.0109775,8.103015817,4.698129067,3.40488675,22.08241884
DELTA,2025-07-22 00:00:00,136.690979,137,141.5,135,139,17003300,116.5151059,106.6898523,22080030,76.68140608,8.872327148,5.532968683,3.339358465,24.88643169
DELTA,2025-07-23 00:00:00,142.1785736,142.5,145,139.5,140.5,21927600,118.9898577,108.0941718,21181045,79.23990623,9.812701243,6.388915195,3.423786048,27.70256255
DELTA,2025-07-24 00:00:00,140.1830902,140.5,144,139.5,142,17072500,121.0384427,109.3649886,21163280,75.97546796,10.27809176,7.166750508,3.111341251,30.31754121
DELTA,2025-07-25 00:00:00,142.1785736,142.5,143,137.5,138,17148200,123.0824005,110.6644008,20793235,76.99605829,10.68512887,7.87042618,2.814702688,32.17649506
DELTA,2025-07-29 00:00:00,142.6774445,143,145.5,139.5,144,20504800,124.9793148,111.9324635,20645640,77.25618475,10.92215077,8.480771099,2.441379676,34.09378711
DELTA,2025-07-30 00:00:00,143.6751862,144,144,142,144,10282600,126.7908086,113.190014,19272265,77.79695098,11.06315482,8.997247844,2.06590698,35.87412974
DELTA,2025-07-31 00:00:00,145.6706848,146,150,142,145,23099200,128.6202554,114.4766801,19013660,78.87859351,11.2070964,9.439217556,1.767878847,37.95389857
DELTA,2025-08-01 00:00:00,141.6797028,142,151,142,149.5,22059000,129.8945168,115.556026,19365580,71.38808112,10.87306663,9.72598737,1.147079257,39.94885481
DELTA,2025-08-04 00:00:00,147.1672974,147.5,148,142,143.5,15555800,131.5712295,116.8087308,18978880,74.91541572,10.92619923,9.966029743,0.960169491,41.80131418
DELTA,2025-08-05 00:00:00,147.1672974,147.5,150,147,149,9740900,133.0882553,118.01231,18807360,74.91541572,10.84331225,10.14148624,0.701826009,43.65749485
DELTA,2025-08-06 00:00:00,147.1672974,147.5,148.5,145,148.5,12462600,134.4608024,119.16869,18615785,74.91541572,10.6548018,10.24414936,0.410652446,44.70143474
DELTA,2025-08-07 00:00:00,146.6684265,147,148.5,145.5,147,8200900,135.6550117,120.2601139,18150730,73.88123794,10.34580015,10.26447951,0.081320631,45.67080749
DELTA,2025-08-08 00:00:00,143.6751862,144,147,143,145.5,11056500,136.4497725,121.1910899,18189155,67.8307991,9.746487735,10.16088116,-0.414393423,45.71212007
DELTA,2025-08-13 00:00:00,153.6526337,154,155,147,147.5,24921500,138.1212227,122.4777138,18751275,75.13931545,9.963590687,10.12142306,-0.157832377,46.54705806
DELTA,2025-08-14 00:00:00,150.6594086,151,156.5,151,153.5,13752100,139.3477729,123.5962348,18922830,70.00123842,9.78082416,10.05330328,-0.272479123,47.44470691
DELTA,2025-08-15 00:00:00,149.1627808,149.5,152.5,148.5,152,6895500,140.3146517,124.6120687,18645125,67.51530054,9.406510509,9.923944729,-0.517434219,47.51320087
DELTA,2025-08-18 00:00:00,147.1672974,147.5,151,147.5,149.5,7524600,140.9989706,125.5096347,18428910,64.23955262,8.846503968,9.708456576,-0.861952609,47.27809295
DELTA,2025-08-19 00:00:00,145.6706848,146,148.5,146,148.5,6421300,141.4752591,126.3131784,16270865,61.81705946,8.187279424,9.404221146,-1.216941722,46.611262
DELTA,2025-08-20 00:00:00,144.6729279,145,146,140.5,144.5,13391200,141.8109487,127.0459949,15533225,60.18753811,7.497718549,9.022920626,-1.525202078,44.54661174
DELTA,2025-08-21 00:00:00,146.1695557,146.5,149.5,145,146,8889300,142.257525,127.8088971,14395470,61.81359749,6.991678336,8.616672168,-1.624993833,43.1664165
DELTA,2025-08-22 00:00:00,150.6594086,151,153,147,148,10145100,143.0901417,128.7183521,14052560,66.26506477,6.874505196,8.268238774,-1.393733578,42.36320102
DELTA,2025-08-25 00:00:00,152.654892,153,155,151.5,153.5,8504500,144.0339377,129.6705736,13381405,68.04784092,6.863905099,7.987372039,-1.12346694,41.87138463
DELTA,2025-08-26 00:00:00,149.6616516,150,152,149,151,11216200,144.6021341,130.467806,13088590,62.69566489,6.538062799,7.697510191,-1.159447392,40.77890344
DELTA,2025-08-27 00:00:00,153.6526337,154,158.5,150,151,21146100,145.497169,131.3906372,13288485,66.48120503,6.527353729,7.463478898,-0.93612517,40.57935263
DELTA,2025-08-28 00:00:00,149.6616516,150,154,150,153,12813800,145.92601,132.1204161,12903935,59.93168162,6.125489315,7.195880982,-1.070391667,40.39405544
DELTA,2025-08-29 00:00:00,149.6616516,150,153.5,149,150,15162700,146.3140091,132.8215762,13147940,59.93168162,5.740832133,6.904871212,-1.164039079,39.95611719
DELTA,2025-09-01 00:00:00,148.6639099,149,150,148,149,6181300,146.5698177,133.4560242,12302045,58.26732915,5.294267877,6.582750545,-1.288482668,39.27872083
DELTA,2025-09-02 00:00:00,146.6684265,147,150.5,147,150.5,7225200,146.6107875,133.9871605,11560355,54.97882087,4.724517901,6.211104016,-1.486586115,38.37473541
DELTA,2025-09-03 00:00:00,150.6594086,151,152.5,148,148.5,9851800,147.0288077,134.6543307,11275155,59.85840823,4.543380251,5.877559263,-1.334179012,37.84849774
DELTA,2025-09-04 00:00:00,145.171814,145.5,152,145.5,151.5,11619900,146.883207,135.0796511,11369105,51.58019525,3.910940437,5.484235498,-1.573295061,36.6631878
DELTA,2025-09-05 00:00:00,147.1672974,147.5,149,146.5,147.5,8042500,146.9419492,135.5667236,11148100,54.06779615,3.530414196,5.093471237,-1.563057042,35.56254285
DELTA,2025-09-08 00:00:00,142.6774445,143,148,141,148,12768400,146.5665254,135.8582246,11376475,48.08217804,2.833074101,4.64139181,-1.808317709,33.157954
DELTA,2025-09-09 00:00:00,145.171814,145.5,147.5,142.5,143,13243100,146.4649516,136.2363335,11485805,51.3073016,2.453869479,4.203887344,-1.750017865,30.92512149
DELTA,2025-09-10 00:00:00,147.6661682,148,149.5,146,148,10443300,146.6111467,136.6976537,10761895,54.36050282,2.328237716,3.828757418,-1.500519703,29.29376028
DELTA,2025-09-11 00:00:00,154.1515045,154.5,156.5,148,148,20090800,147.362466,137.3957849,11078830,61.17669892,2.721794166,3.607364768,-0.885570601,29.03997529
DELTA,2025-09-12 00:00:00,156.645874,157,158,154.5,156.5,11631700,148.2803264,138.1645777,11315640,63.43841249,3.198548717,3.525601558,-0.327052841,29.02945299
DELTA,2025-09-15 00:00:00,159.6390991,160,160.5,155,157,14087900,149.3964858,139.0208688,11643805,65.99824971,3.774939904,3.575469227,0.199470677,29.37922869
DELTA,2025-09-16 00:00:00,160.6368408,161,165.5,160,162,13051900,150.5015824,139.8827955,11975335,66.83187644,4.263281262,3.713031634,0.550249628,30.32840801
DELTA,2025-09-17 00:00:00,162.1334686,162.5,164.5,161,161.5,7646600,151.6442888,140.7697447,11688105,68.09544552,4.716958608,3.913817029,0.803141579,31.20978881
DELTA,2025-09-18 00:00:00,162.1334686,162.5,165,159.5,165,10360000,152.6781661,141.6219115,11761640,68.09544552,5.018649308,4.134783485,0.883865824,31.57978055
DELTA,2025-09-19 00:00:00,160.6368408,161,164.5,161,164,10878800,153.4707217,142.3818366,11798325,65.21414055,5.078165962,4.32345998,0.754705981,31.92334431
DELTA,2025-09-22 00:00:00,161.1357117,161.5,163,160,162.5,6123100,154.2354149,143.1315685,11679255,65.73460413,5.106811021,4.480130188,0.626680833,31.92181375
DELTA,2025-09-23 00:00:00,166.6233063,167,171,163,163,19774900,155.4510896,144.0675854,12107190,70.89348182,5.509802893,4.686064729,0.823738164,32.99472875
DELTA,2025-09-24 00:00:00,163.6300812,164,168,161.5,167,14583900,156.2652716,144.8492487,11779080,65.13318281,5.52343125,4.853538033,0.669893217,33.54289172
DELTA,2025-09-25 00:00:00,164.6278229,165,166,162.5,164,8988500,157.0971505,145.6394743,11587815,66.12134518,5.550935732,4.993017573,0.557918159,34.05190019
DELTA,2025-09-26 00:00:00,157.1447449,157.5,164,157.5,163,18178200,157.1355171,146.1045929,11738590,53.80493692,4.910935703,4.976601199,-0.065665496,33.10109654
DELTA,2025-09-29 00:00:00,161.1357117,161.5,162.5,158.5,160,16910600,157.5511821,146.7083344,12275055,58.26950401,4.672634418,4.915807843,-0.243173425,32.21820744
DELTA,2025-09-30 00:00:00,158.1424866,158.5,165,158,161.5,36873400,157.6415457,147.1707526,13757465,54.05032415,4.193365498,4.771319374,-0.577953876,31.82816279
DELTA,2025-10-01 00:00:00,167.6210632,168,170.5,159.5,160,33523100,158.6280652,147.9875859,14941030,63.14975336,4.527917022,4.722638904,-0.194721881,32.26348932
DELTA,2025-10-02 00:00:00,172.1109009,172.5,175.5,171,172,17838500,159.9492018,148.948857,15251960,66.53079618,5.097404205,4.797591964,0.299812241,33.24354094
DELTA,2025-10-03 00:00:00,177.5984955,178,181.5,172.5,173,18904500,161.6683255,150.0881175,15795060,70.13720966,5.924239983,5.022921568,0.901318416,34.70804117
DELTA,2025-10-06 00:00:00,178.5962372,179,185,179,180,19561500,163.3189611,151.2219168,16134715,70.75425186,6.584305166,5.335198287,1.249106879,36.34149424
DELTA,2025-10-07 00:00:00,178.5962372,179,179,179,179,0,164.8123934,152.3112534,15472560,70.75425186,7.026415436,5.673441717,1.352973719,37.8582721
DELTA,2025-10-08 00:00:00,191.0680542,191.5,194.5,187.5,188,18770100,167.3540702,153.848067,15888900,77.49541537,8.289876013,6.196728576,2.093147437,40.17087968
DELTA,2025-10-09 00:00:00,197.0545197,197.5,201,194.5,195,22781800,170.2251112,155.5599075,16023450,79.89137956,9.663927735,6.890168408,2.773759327,42.57077529
DELTA,2025-10-10 00:00:00,179.0951233,179.5,183,173.5,175.5,21993800,171.1084339,156.4987347,16541555,59.44450353,9.194436318,7.35102199,1.843414328,41.17032302
DELTA,2025-10-14 00:00:00,180.092865,180.5,186.5,176.5,181,11535900,172.0028688,157.4399608,16413955,60.05613428,8.801593341,7.64113626,1.160457081,40.14426068
DELTA,2025-10-15 00:00:00,187.575943,188,188.5,180.5,183.5,10656600,173.5264051,158.6383937,16294190,64.39340014,8.991797923,7.911268593,1.08052933,39.34713022
DELTA,2025-10-16 00:00:00,193.0635376,193.5,194,188.5,190,9614400,175.4286522,160.0055155,16392580,67.2056332,9.477094413,8.224433757,1.252660656,39.01792052
DELTA,2025-10-17 00:00:00,188.0748138,188.5,193.5,187.5,190,7111500,176.6735425,161.1229463,16230155,62.38202245,9.350450986,8.449637203,0.900813783,38.56192987
DELTA,2025-10-20 00:00:00,192.5646667,193,194,189.5,191,5101200,178.2284432,162.3730268,15941275,64.82872872,9.503645441,8.66043885,0.843206591,38.17863497
DELTA,2025-10-21 00:00:00,195.5578918,196,196,193.5,194,5101500,179.9209724,163.6917316,15890195,66.39781677,9.754682174,8.879287515,0.875394659,37.98817954
DELTA,2025-10-22 00:00:00,199.0500031,199.5,202,193.5,195.5,9907100,181.7856417,165.0959775,15396805,68.18131603,10.11940119,9.127310249,0.992090936,38.27537291
DELTA,2025-10-24 00:00:00,204.5375977,205,207,197.5,200,8752700,183.996533,166.6608411,15105245,70.80379032,10.72857533,9.447563265,1.281012061,38.88549812
DELTA,2025-10-27 00:00:00,224.4924927,225,231,210,210,19792000,187.9016251,168.9486512,15645420,77.92782651,12.67902714,10.09385604,2.585171102,40.59172617
DELTA,2025-10-28 00:00:00,222.496994,223,232,221,229,12142900,191.2443274,171.068312,15343655,75.93250872,13.90312441,10.85570971,3.047414695,42.21140235
DELTA,2025-10-29 00:00:00,226.4879761,227,228,224,225,7479400,194.6496296,173.2617115,14872095,77.19042403,15.02282313,11.6891324,3.333690732,43.71538737
DELTA,2025-10-30 00:00:00,219.5037689,220,226,214,223,10696400,197.0639506,175.0945856,13563245,70.26883129,15.17047514,12.38540095,2.785074194,43.55519063
DELTA,2025-10-31 00:00:00,216.5105286,217,223,213,215,9374100,198.962622,176.7379351,12355795,67.476277,14.87395777,12.88311231,1.990845457,43.26322453
DELTA,2025-11-03 00:00:00,220.5015106,221,223,218,220,4055300,201.0614199,178.4737024,11666635,69.23202135,14.79122811,13.26473547,1.526492643,42.99211315
DELTA,2025-11-04 00:00:00,221.4992523,222,224,218,220,5819200,203.0555704,180.180616,11012370,69.67279749,14.63762251,13.53931288,1.09830963,42.81028399
DELTA,2025-11-05 00:00:00,218.506012,219,220,211,214,6525000,204.5740875,181.7029448,10360545,66.59075255,14.11114948,13.6536802,0.457469285,41.55142059
DELTA,2025-11-06 00:00:00,228.4834595,229,230,220,222,8346000,206.9003649,183.5577313,10777845,71.16899627,14.3355806,13.79006028,0.545520318,41.14782827
DELTA,2025-11-07 00:00:00,223.4947357,224,231,224,229,4681400,208.5289015,185.1437026,10073410,66.27843035,13.9491881,13.82188584,0.127302257,40.8426092
DELTA,2025-11-10 00:00:00,222.496994,223,226,220,225,5707600,209.9071014,186.6282633,9219700,65.31176889,13.40772175,13.73905302,-0.331331275,39.95876574
DELTA,2025-11-11 00:00:00,217.5082703,218,224,217,222,5266900,210.6778536,187.8585275,8383355,60.55606789,12.43184103,13.47761063,-1.045769597,38.70438893
DELTA,2025-11-12 00:00:00,214.5150452,215,221,214,220,5762300,211.0894866,188.9228989,8094675,57.83493781,11.28627247,13.03934299,-1.753070522,37.11620654
DELTA,2025-11-13 00:00:00,217.5082703,218,221,213,217,4561700,211.7476308,190.0631774,7789930,59.78121745,10.499445,12.5313634,-2.031918394,35.4993069
DELTA,2025-11-14 00:00:00,210.5240631,211,217,206,213,7369000,211.6764278,190.8842293,7677660,53.56796357,9.204928379,11.86607639,-2.661148014,33.06475746
DELTA,2025-11-17 00:00:00,212.5195465,213,213,206,210,4547900,211.8024823,191.7515144,7549480,55.00682068,8.245350645,11.14193124,-2.896580598,30.80410441
DELTA,2025-11-18 00:00:00,208.5285797,209,211,202,207,7160600,211.5355792,192.4279256,7652450,51.56513821,7.080492299,10.32964345,-3.249151156,29.01201992
DELTA,2025-11-19 00:00:00,213.5173035,214,214,206,210,5103300,211.770286,193.2738893,7652540,55.32772896,6.486025021,9.560919768,-3.074894747,26.94216829
DELTA,2025-11-20 00:00:00,215.5127869,216,222,216,220,9760000,212.1731159,194.1651093,7645185,56.7742222,6.105903649,8.869916544,-2.764012895,25.9705519
DELTA,2025-11-21 00:00:00,200.5466156,201,211,199,208,15070800,211.1090096,194.4331443,7961090,45.00419809,4.541923616,8.004317958,-3.462394342,25.05927705
DELTA,2025-11-24 00:00:00,199.0500031,199.5,204,197.5,204,17809300,210.0033896,194.6318445,7861955,44.02137701,3.145165201,7.032487407,-3.887322206,24.34808684
DELTA,2025-11-25 00:00:00,207.530838,208,208,202,204,11433100,209.8125906,195.1560859,7826465,50.60435561,2.693059147,6.164601755,-3.471542608,23.20380065
DELTA,2025-11-26 00:00:00,204.5375977,205,210,205,210,8482000,209.3542487,195.5421217,7876595,48.43922342,2.06883863,5.34544913,-3.2766105,21.90355865
DELTA,2025-11-27 00:00:00,198.5511322,199,207,199,207,8189900,208.3681297,195.6777248,7751270,44.35203424,1.077567984,4.491872901,-3.414304917,21.30882967
DELTA,2025-11-28 00:00:00,200.5466156,201,204,198.5,200,9377700,207.6664031,195.8864415,7751450,45.98802576,0.448195621,3.683137445,-3.234941824,20.80619586
DELTA,2025-12-01 00:00:00,206.5330811,207,208,200,203,7343400,207.6029361,196.3222673,7915855,50.67314965,0.428622452,3.032234446,-2.603611994,19.81087465
DELTA,2025-12-02 00:00:00,205.5353394,206,208,200,207,7300200,207.4502756,196.7017862,7989905,49.89630735,0.328630681,2.491513693,-2.162883012,18.88664782
DELTA,2025-12-03 00:00:00,202.5421143,203,207,201,206,5221500,207.0264398,196.948775,7924730,47.54161157,0.007228233,1.994656601,-1.987428368,18.02843719
DELTA,2025-12-04 00:00:00,198.5511322,199,205,198.5,203,8650300,206.262017,197.0292152,7939945,44.52451627,-0.563753495,1.482974582,-2.046728077,17.55162106
DELTA,2025-12-08 00:00:00,191.566925,192,202,191,199,12458000,204.9037296,196.8319911,8328775,39.76816996,-1.563083868,0.873762892,-2.43684676,17.96080332
DELTA,2025-12-09 00:00:00,197.0545197,197.5,199,194,194.5,9277500,204.1986125,196.8581875,8507270,44.76123846,-1.889475655,0.321115182,-2.210590838,18.34075828
DELTA,2025-12-11 00:00:00,184.5827179,185,200,184,200,19013800,202.3701732,196.3931605,9194615,37.21122914,-3.120814227,-0.3672707,-2.753543528,19.63735966
DELTA,2025-12-12 00:00:00,181.5894775,182,189,182,187,11467000,200.4301567,195.8287229,9479850,35.65675625,-4.289289585,-1.151674477,-3.137615108,21.00359591
DELTA,2025-12-15 00:00:00,185.5804596,186,186,176,179,13651900,199.0558561,195.4432828,9934360,39.29788771,-4.836792619,-1.888698105,-2.948094514,22.72532769
DELTA,2025-12-16 00:00:00,175.6030121,176,184.5,175,184.5,17083100,196.8600603,194.6808011,10420065,34.1022264,-6.008348641,-2.712628212,-3.295720429,24.39564678
DELTA,2025-12-17 00:00:00,172.6097717,173,178,172,178,12130100,194.5876736,193.8305736,10799175,32.70523159,-7.097079443,-3.589518458,-3.507560985,26.16101595
DELTA,2025-12-18 00:00:00,167.6210632,168,173.5,166.5,172,16422500,192.0555142,192.8176099,11262270,30.46522218,-8.268055662,-4.525225899,-3.742829763,28.16035176
DELTA,2025-12-19 00:00:00,168.6188049,169,172,168,170.5,13772400,189.8597509,191.883586,11695725,31.47607866,-9.011492236,-5.422479167,-3.58901307,30.01687787
DELTA,2025-12-22 00:00:00,181.5894775,182,182,173,174,17703800,189.1112032,191.4959944,12092915,43.06393081,-8.454224684,-6.02882827,-2.425396414,29.83828092
DELTA,2025-12-23 00:00:00,174.6052704,175,181.5,174.5,181,8915000,187.7672791,190.8490927,11785125,39.21812836,-8.479679169,-6.51899845,-1.960680719,29.67244091
DELTA,2025-12-24 00:00:00,176.6007538,177,178,175,176,4946100,186.741824,190.305991,11141965,40.84364474,-8.243443461,-6.863887452,-1.379556009,29.5184466
DELTA,2025-12-25 00:00:00,171.61203,172,176.5,172,176,5353000,185.3378407,189.588109,10837960,38.10035903,-8.363276529,-7.163765267,-1.199511261,29.69026272
DELTA,2025-12-26 00:00:00,169.6165466,170,174,169.5,172.5,5936600,183.877094,188.8199478,10710690,37.02900437,-8.521399,-7.435292014,-1.086106986,30.10141985
DELTA,2025-12-29 00:00:00,170.6142883,171,172,167.5,171,11494800,182.6507041,188.1211264,10875935,37.96823665,-8.468402087,-7.641914029,-0.826488058,30.6799937
DELTA,2025-12-30 00:00:00,172.6097717,173,173,169.5,169.5,15421700,181.7315894,187.528141,11178135,39.89899904,-8.170830123,-7.747697247,-0.423132876,30.99548648
HANA,2023-02-08 00:00:00,54.17839432,61,64,60.5,62.75,20836300,59.9827826,57.39772837,13907090,47.25770055,1.975405838,1.704791905,0.270613932,40.32266712
HANA,2023-02-09 00:00:00,52.84614182,59.5,61,59,61,14351000,59.9368033,57.48017039,13499540,43.60092703,1.691461491,1.702125822,-0.010664332,38.73333047
HANA,2023-02-10 00:00:00,52.62410355,59.25,61,59.25,59.5,9400800,59.87139346,57.54957548,13175830,43.00366571,1.429779036,1.647656465,-0.217877429,37.25751787
HANA,2023-02-13 00:00:00,51.7359314,58.25,59.25,57.75,59.25,6495700,59.71697504,57.5770431,13215510,40.60748571,1.128691312,1.543863435,-0.415172122,35.00045291
HANA,2023-02-14 00:00:00,51.95797348,58.5,61,58.25,59,10297900,59.60107265,57.61323749,13341155,41.48530197,0.899876813,1.41506611,-0.515189297,33.69086733
HANA,2023-02-15 00:00:00,52.62410355,59.25,61,59,59.25,9389900,59.56763716,57.67742426,13147965,44.15206818,0.770180247,1.286088938,-0.515908691,32.47482358
HANA,2023-02-16 00:00:00,51.7359314,58.25,61.25,57.5,60.5,14220900,59.44214791,57.69987821,13260010,41.44021956,0.580017066,1.144874563,-0.564857497,30.47953162
HANA,2023-02-17 00:00:00,50.84776306,57.25,58.75,56.75,57.75,6656300,59.23337192,57.68223593,13260880,38.8692039,0.344646858,0.984829022,-0.640182164,28.37383136
HANA,2023-02-20 00:00:00,51.51388168,58,58.5,57.25,57.75,2850800,59.11590793,57.69469726,12907600,41.78631975,0.21614146,0.83109151,-0.61495005,26.41853826
HANA,2023-02-21 00:00:00,51.95797348,58.5,58.75,57.75,58,3355300,59.05725003,57.72627776,11716805,43.71465432,0.152883482,0.695449904,-0.542566422,24.6049321
HANA,2023-02-22 00:00:00,49.29346085,55.5,58.75,55.25,58,13517800,58.71846431,57.63897275,12027930,36.00761432,-0.137736113,0.528812701,-0.666548814,24.05689337
HANA,2023-02-23 00:00:00,50.40367508,56.75,56.75,54.75,55.5,6728900,58.53099152,57.60411107,11969760,40.6989488,-0.264144786,0.370221203,-0.63436599,23.766814
HANA,2023-02-24 00:00:00,49.29346085,55.5,56.75,55.25,56.5,5028500,58.24232566,57.52159691,11896055,37.72088083,-0.459887823,0.204199398,-0.664087221,23.49745458
HANA,2023-02-27 00:00:00,49.51550293,55.75,56.5,54.75,55,2545100,58.00496131,57.45212253,11799625,38.68719266,-0.588063845,0.045746749,-0.633810595,23.48172375
HANA,2023-02-28 00:00:00,51.29184341,57.75,61,57.25,58.5,31961800,57.98067928,57.463804,12017020,45.91675848,-0.522240913,-0.067850783,-0.45439013,22.64658133
HANA,2023-03-01 00:00:00,53.06818008,59.75,60.25,57.5,57.75,9891200,58.14918602,57.55345874,11972450,52.01059829,-0.305174617,-0.11531555,-0.189859067,21.87109194
HANA,2023-03-02 00:00:00,50.62571335,57,59.75,56.75,59.5,14194200,58.03973973,57.53175448,11150665,44.57366264,-0.351003876,-0.162453215,-0.188550661,20.73483357
HANA,2023-03-03 00:00:00,48.4052887,54.5,57.25,51.75,57.25,37614300,57.70262166,57.41286214,12182640,39.10007847,-0.582340146,-0.246430601,-0.335909545,20.8887519
HANA,2023-03-07 00:00:00,48.4052887,54.5,55,51,51,9418200,57.39761007,57.29863226,12178450,39.10007847,-0.756950157,-0.348534512,-0.408415644,21.26373751
HANA,2023-03-08 00:00:00,46.40690613,52.25,54,51.75,53.25,10666500,56.9073615,57.10064668,11971070,34.65779486,-1.064613838,-0.491750378,-0.572863461,21.61193844
HANA,2023-03-09 00:00:00,48.18324661,54.25,54.5,52,52,7402000,56.65427945,56.98885661,11299355,41.0672022,-1.133984371,-0.620197176,-0.513787195,21.65102178
HANA,2023-03-10 00:00:00,47.29508209,53.25,54.75,53,53.5,4950700,56.33006236,56.84223478,10829340,39.00694828,-1.255183685,-0.747194478,-0.507989207,21.54156244
HANA,2023-03-13 00:00:00,48.19166946,53.75,54.5,52,52.75,8179600,56.08434213,56.72097067,10768280,40.61124445,-1.295950285,-0.856945639,-0.439004645,21.82292248
HANA,2023-03-14 00:00:00,45.72604752,51,53.5,50.75,53.5,9834200,55.60011907,56.49661888,10935205,35.13708673,-1.532494484,-0.992055408,-0.540439075,22.5252966
HANA,2023-03-15 00:00:00,46.17433548,51.5,53,51.5,52.5,8052800,55.20963154,56.30067304,10822950,36.80500844,-1.660470771,-1.125738481,-0.53473229,23.17750113
HANA,2023-03-16 00:00:00,45.05360413,50.25,51,49.75,50.5,8038700,54.73728568,56.06339175,10755390,34.42192599,-1.841529448,-1.268896674,-0.572632774,24.36208086
HANA,2023-03-17 00:00:00,43.03627777,48,52.25,47,51,22327800,54.09563943,55.74718031,11160735,30.58331663,-2.141885627,-1.443494465,-0.698391162,26.18127566
HANA,2023-03-20 00:00:00,42.1396904,47,48.5,46.25,47.75,12524000,53.41986424,55.40415363,11454120,29.03363553,-2.432570545,-1.641309681,-0.791260865,28.03822637
HANA,2023-03-21 00:00:00,42.81213379,47.75,48.25,47,47,6787700,52.87987717,55.10399074,11650965,31.82384129,-2.572764478,-1.82760064,-0.745163838,29.76253774
HANA,2023-03-22 00:00:00,43.48457718,48.5,49,47.5,48,9393600,52.46274601,54.84501071,11952880,34.59327369,-2.593454717,-1.980771456,-0.612683261,30.8041051
HANA,2023-03-23 00:00:00,44.82945633,50,50.25,48.25,48.25,8529400,52.22819877,54.65501029,11703460,39.8554924,-2.460451858,-2.076707536,-0.383744322,30.8991875
HANA,2023-03-24 00:00:00,45.50190353,50.75,51.5,49.5,50,9865700,52.08741794,54.50187263,11860300,42.35284049,-2.268378942,-2.115041817,-0.153337125,30.19952142
HANA,2023-03-27 00:00:00,44.82945633,50,51.25,49.75,51.25,6713200,51.88861623,54.32532861,11944535,40.5400322,-2.151873052,-2.122408064,-0.029464987,29.54983149
HANA,2023-03-28 00:00:00,45.27774811,50.5,50.5,49.75,50.25,3177200,51.75636706,54.17531572,11976140,42.31276185,-1.996184698,-2.097163391,0.100978693,28.94654799
HANA,2023-03-29 00:00:00,45.50190353,50.75,51,50,51,7023700,51.66052258,54.04098962,10729235,43.22421774,-1.831515079,-2.044033729,0.212518649,28.04001069
HANA,2023-03-30 00:00:00,45.27774811,50.5,52.75,50,51.25,15687900,51.54999662,53.90212728,11019070,42.50104802,-1.701571474,-1.975541278,0.273969803,26.1093643
HANA,2023-03-31 00:00:00,45.05360413,50.25,50.75,49.75,50.75,5168900,51.42618742,53.7589066,10567805,41.74883281,-1.600315699,-1.900496162,0.300180463,24.4564385
HANA,2023-04-03 00:00:00,45.72604752,51,51,49.5,50.5,6588000,51.38559814,53.65071418,9016490,44.89950973,-1.442917975,-1.808980524,0.36606255,22.92157882
HANA,2023-04-04 00:00:00,45.05360413,50.25,51.5,50,50.5,5613000,51.27744594,53.51735284,8826230,42.42813896,-1.36298622,-1.719781664,0.356795444,21.39484702
HANA,2023-04-05 00:00:00,42.3638382,47.25,50,47,50,21613200,50.89387966,53.2715743,9373565,34.29630786,-1.524145258,-1.680654382,0.156509124,21.35769634
HANA,2023-04-07 00:00:00,43.26042557,48.25,49,47.25,47.25,5431000,50.6420816,53.07464982,9275015,38.52582241,-1.553268205,-1.655177147,0.101908942,21.32319928
HANA,2023-04-10 00:00:00,45.05360413,50.25,50.5,48.25,48.25,6508000,50.60474049,52.96387924,9352880,46.01128158,-1.398840108,-1.603909739,0.205069631,20.31115862
HANA,2023-04-11 00:00:00,44.82945633,50,50.5,49.75,50.5,2729000,50.54714616,52.84764868,9080350,45.26924777,-1.281851255,-1.539498042,0.257646787,19.37140658
HANA,2023-04-12 00:00:00,44.15701294,49.25,49.75,48.75,49.75,5827000,50.42360843,52.70656442,8879990,43.02737897,-1.23541439,-1.478681312,0.243266922,19.0338353
HANA,2023-04-17 00:00:00,44.38116455,49.5,50,48.75,49.25,3850200,50.33564572,52.58081679,8669860,44.02251787,-1.165010415,-1.415947133,0.250936718,18.54628079
HANA,2023-04-18 00:00:00,44.60531235,49.75,50.5,49,50.5,3682900,50.27986994,52.46980437,8452070,45.05604553,-1.076631113,-1.348083929,0.271452815,17.74261798
HANA,2023-04-19 00:00:00,43.03627777,48,49.5,48,49.5,6657100,50.06273947,52.29451792,7668535,39.55113333,-1.13471991,-1.305411125,0.170691215,17.56702245
HANA,2023-04-20 00:00:00,42.3638382,47.25,48.25,47.25,48.25,5308200,49.79485952,52.09669369,7307745,37.43988311,-1.227128854,-1.289754671,0.062625817,17.79775728
HANA,2023-04-21 00:00:00,39.22576904,43.75,47.25,42.75,47,17392300,49.21915861,51.76937237,7837975,29.52043394,-1.564746929,-1.344753122,-0.219993806,19.68669946
HANA,2023-04-24 00:00:00,38.10503769,42.5,44.5,41.75,43.5,10908400,48.57923874,51.40586757,7913715,27.2994707,-1.91114574,-1.458031646,-0.453114094,21.70419283
HANA,2023-04-25 00:00:00,36.31186295,40.5,43.25,40.25,42.75,9150100,47.80978744,50.97818649,7944750,24.1666231,-2.320305541,-1.630486425,-0.689819116,23.93666282
HANA,2023-04-26 00:00:00,36.98429871,41.25,41.75,40.25,40.75,10210700,47.18504577,50.59668898,7962000,27.52544185,-2.554601049,-1.81530935,-0.739291699,26.00967068
HANA,2023-04-27 00:00:00,36.76015472,41,41.5,39.75,41.25,13635500,46.5959938,50.22034824,8308115,27.09464447,-2.728996663,-1.998046812,-0.73094985,28.05550842
HANA,2023-04-28 00:00:00,37.20845032,41.5,43.25,40.75,41.75,10451400,46.11066105,49.8783738,8671825,29.47211053,-2.794645686,-2.157366587,-0.637279099,28.63596648
HANA,2023-05-02 00:00:00,36.98429871,41.25,42.25,40.75,41.5,6418400,45.64774095,49.5400062,8641560,28.96352845,-2.834175311,-2.292728332,-0.541446979,29.17496325
HANA,2023-05-03 00:00:00,37.20845032,41.5,41.75,40,40.75,7347800,45.25271801,49.22471184,8224555,30.25957057,-2.812904502,-2.396763566,-0.416140936,29.93088648
HANA,2023-05-08 00:00:00,38.55333328,43,43.5,41.5,41.75,5813900,45.03817343,48.98060549,8256805,37.61417907,-2.644525326,-2.446315918,-0.198209408,29.40070658
HANA,2023-05-09 00:00:00,37.88088989,42.25,43.75,42,43.25,7032500,44.77263311,48.71666018,8279030,35.59304654,-2.542296338,-2.465512002,-0.076784336,28.74533352
HANA,2023-05-10 00:00:00,36.76015472,41,41.75,40,41.5,13486400,44.41333472,48.41404605,8672700,32.4622473,-2.532945464,-2.478998694,-0.05394677,28.92502922
HANA,2023-05-11 00:00:00,36.31186295,40.5,41.75,40.25,41,5174300,44.04063617,48.1036913,7850755,31.27712924,-2.536639845,-2.490526925,-0.04611292,29.0918895
HANA,2023-05-12 00:00:00,36.31186295,40.5,41,39.5,40.5,7134900,43.70343273,47.80550733,7935950,31.27712924,-2.510626726,-2.494546885,-0.016079841,29.52546508
HANA,2023-05-15 00:00:00,35.86356735,40,41.25,39.75,41,5204700,43.35072485,47.499409,7870785,30.00664343,-2.501520987,-2.495941705,-0.005579282,29.73532259
HANA,2023-05-16 00:00:00,32.72550583,36.5,38.5,36.25,38,20458600,42.69827486,47.06805963,8757265,22.97221854,-2.745081778,-2.54576972,-0.199312058,31.04630289
HANA,2023-05-17 00:00:00,32.50136185,36.25,37.25,36,36.75,5695300,42.08415345,46.643822,8750680,22.56529865,-2.924565796,-2.621528935,-0.303036861,32.32847884
HANA,2023-05-18 00:00:00,34.07038879,38,39,37,37,9559200,41.69518645,46.30484859,9036130,31.68730029,-2.892257654,-2.675674679,-0.216582975,32.27956797
HANA,2023-05-19 00:00:00,34.74282455,38.75,38.75,37.75,38.25,8846600,41.4146925,46.00858002,9294315,35.20995979,-2.774155745,-2.695370892,-0.078784853,32.23415074
HANA,2023-05-22 00:00:00,36.98429871,41.25,41.25,36.5,38,12306000,41.3990075,45.82196903,9576760,45.3299898,-2.45058125,-2.646412964,0.195831714,30.67102443
HANA,2023-05-23 00:00:00,37.20845032,41.5,42,40.5,41.5,11753900,41.40862584,45.65248005,9899045,46.23439443,-2.149198597,-2.54697009,0.397771493,28.82810262
HANA,2023-05-24 00:00:00,36.76015472,41,41.5,40.75,41,4060200,41.36970909,45.47002985,9232440,44.64369392,-1.928466335,-2.423269339,0.494803004,27.11681809
HANA,2023-05-25 00:00:00,37.43260193,41.75,44.25,40.75,42.25,20843900,41.40592727,45.32414633,9729215,47.55827511,-1.673722069,-2.273359885,0.599637816,26.13814965
HANA,2023-05-26 00:00:00,37.43260193,41.75,42.5,41.25,41.25,7731000,41.4386961,45.18398373,9658260,47.55827511,-1.45506235,-2.109700378,0.654638028,25.22938611
HANA,2023-05-29 00:00:00,37.88088989,42.25,43.25,42,42.5,6755100,41.51596314,45.06892554,9485480,49.60960236,-1.227279808,-1.933216264,0.705936456,24.70879465
HANA,2023-05-30 00:00:00,39.22576904,43.75,44,42,42.25,10714700,41.72872856,45.01720297,9339440,55.26324553,-0.915173488,-1.729607709,0.814434221,24.53773699
HANA,2023-05-31 00:00:00,39.44992447,44,44,43,43.25,5859500,41.94504012,44.97731266,9109845,56.14636536,-0.640273398,-1.511740847,0.871467449,24.37889773
HANA,2023-06-01 00:00:00,38.77748108,43.25,44.25,43.25,44,4247100,42.06932202,44.90957491,9001280,52.78022415,-0.47742833,-1.304878343,0.827450013,24.3434121
HANA,2023-06-02 00:00:00,39.89822388,44.5,44.5,43,44,6641800,42.30081516,44.89351315,8965980,57.36778667,-0.244687285,-1.092840132,0.848152846,24.31046116
HANA,2023-06-06 00:00:00,39.89822388,44.5,45.25,44,45,4673500,42.51026133,44.87808126,8908960,57.36778667,-0.059551854,-0.886182476,0.826630622,24.6366486
HANA,2023-06-07 00:00:00,41.69139862,46.5,46.25,44.75,45,6772300,42.89023644,44.94168592,8895950,63.87957501,0.245720087,-0.659801964,0.90552205,25.37700403
HANA,2023-06-08 00:00:00,41.46725082,46.25,46.5,44.5,46.25,10703900,43.21021393,44.99299235,8756825,62.59257105,0.462150011,-0.435411569,0.897561579,26.06447693
HANA,2023-06-09 00:00:00,40.57065964,45.25,46.5,45,46.5,4832000,43.40447927,45.00307108,8739710,57.59406448,0.546678868,-0.238993481,0.78567235,26.70284462
HANA,2023-06-12 00:00:00,40.79480743,45.5,46,45,45,2254900,43.60405267,45.02255849,8495710,58.48660999,0.626618243,-0.065871137,0.692489379,27.29561462
HANA,2023-06-13 00:00:00,42.81213379,47.75,48.25,46.5,46.5,12998000,43.9989048,45.12951698,8885375,65.52045021,0.861595037,0.119622098,0.741972939,28.80584244
HANA,2023-06-14 00:00:00,42.3638382,47.25,48,46.75,48,5708400,44.30853291,45.21267318,8147865,62.96721427,0.995988879,0.294895454,0.701093425,30.20819683
HANA,2023-06-15 00:00:00,42.1396904,47,48,47,47.25,6526200,44.56486311,45.28276443,8189410,61.67312359,1.069989879,0.449914339,0.62007554,31.51038306
HANA,2023-06-16 00:00:00,42.58798599,47.5,48.25,47.25,47.75,5949500,44.84439996,45.36971484,8008925,63.29776465,1.155660293,0.59106353,0.564596763,32.82226958
HANA,2023-06-19 00:00:00,43.48457718,48.5,48.5,46.5,47.25,8115000,45.19255234,45.49247112,7972345,66.36832199,1.28938315,0.730727454,0.558655696,33.15558334
HANA,2023-06-20 00:00:00,42.3638382,47.25,48,46.5,47.5,10394300,45.38849974,45.56139382,7876760,59.65043063,1.279742845,0.840530532,0.439212313,33.46508897
HANA,2023-06-21 00:00:00,40.79480743,45.5,47.25,44.75,46.75,12108000,45.39911881,45.55898622,7894465,51.7524546,1.118004796,0.896025385,0.221979411,31.95738011
HANA,2023-06-22 00:00:00,39.22576904,43.75,45.75,43.25,45.75,13082600,45.24205988,45.48804559,8345585,45.29401333,0.838945017,0.884609311,-0.045664295,29.95069498
HANA,2023-06-23 00:00:00,39.22576904,43.75,44.75,43.25,43.5,7337800,45.09995894,45.41988694,7670280,45.29401333,0.61074781,0.829837011,-0.219089201,28.08734451
HANA,2023-06-26 00:00:00,37.65674591,42,44,42,43.75,8458700,44.80472475,45.28577372,7706665,39.5673334,0.285399597,0.720949528,-0.435549932,27.19789959
HANA,2023-06-27 00:00:00,39.00162506,43.5,44,42.25,42.25,4655500,44.68046525,45.21574338,7601685,45.88318907,0.146902853,0.606140193,-0.459237341,26.37198645
HANA,2023-06-28 00:00:00,39.22576904,43.75,44.75,43,44.5,9027900,44.59184951,45.15826325,7517345,46.87963767,0.056662921,0.496244739,-0.439581818,24.95656791
HANA,2023-06-29 00:00:00,41.01895523,45.75,46.25,43.5,44.25,8836400,44.70214956,45.18146861,7666190,54.15261082,0.144860548,0.425967901,-0.281107353,23.80658789
HANA,2023-06-30 00:00:00,42.3638382,47.25,47.5,45.5,45.75,8470900,44.94480198,45.26258749,7877380,58.71780906,0.33196854,0.407168028,-0.075199488,23.48674946
HANA,2023-07-03 00:00:00,41.69139862,46.5,48,46.25,48,5536000,45.09291608,45.31111347,7822090,55.72976543,0.414950944,0.408724612,0.006226332,23.46150109
HANA,2023-07-04 00:00:00,41.01895523,45.75,47,45.75,46.5,6031600,45.1554955,45.32832471,7889995,52.83430411,0.415407802,0.41006125,0.005346552,23.01295946
HANA,2023-07-05 00:00:00,40.79480743,45.5,46.25,44.5,45,6153500,45.18830545,45.33505707,7859055,51.86695173,0.391088727,0.406266745,-0.015178018,21.63269265
HANA,2023-07-06 00:00:00,40.12236404,44.75,46,44.75,45.75,3615800,45.14656208,45.31211366,7504650,48.97022989,0.30774941,0.386563278,-0.078813868,20.35101633
HANA,2023-07-07 00:00:00,39.67407608,44.25,45.25,43.75,44.75,3964500,45.06117521,45.27046214,7461275,47.08237814,0.199061917,0.349063006,-0.150001089,19.34871744
HANA,2023-07-10 00:00:00,39.44992447,44,44.75,43,44.25,3907400,44.96011091,45.2206401,7543900,46.12490648,0.091696367,0.297589678,-0.205893311,18.90194336
HANA,2023-07-11 00:00:00,40.12236404,44.75,45,43.75,44.5,4700300,44.94010034,45.20218362,7129015,49.4463437,0.066362145,0.251344172,-0.184982026,18.28267098
HANA,2023-07-12 00:00:00,38.55333328,43,45.5,42.75,45,5018900,44.75532888,45.11582348,7094540,42.81375855,-0.093844007,0.182306536,-0.276150543,18.33786017
HANA,2023-07-13 00:00:00,39.89822388,44.5,44.75,43.25,43.75,4888600,44.73101185,45.09167354,7012660,49.11435712,-0.098634081,0.126118412,-0.224752494,18.38910729
HANA,2023-07-14 00:00:00,42.58798599,47.5,48,44.75,44.75,13530200,44.994725,45.18611771,7391695,58.87377262,0.138053286,0.128505387,0.009547899,18.01333865
HANA,2023-07-17 00:00:00,43.70872498,48.75,48.75,47.25,47.75,7181700,45.35237024,45.3258778,7345030,62.13264225,0.42163395,0.1871311,0.23450285,18.05503658
HANA,2023-07-18 00:00:00,45.72604752,51,51.5,49.25,49.25,18659500,45.89023974,45.5483924,7758290,67.17476231,0.818494767,0.313403833,0.505090934,19.25136635
HANA,2023-07-19 00:00:00,45.27774811,50.5,51.75,50,51.25,12192100,46.32926453,45.74257309,7762495,65.10031022,1.080211991,0.466765465,0.613446526,20.45127765
HANA,2023-07-20 00:00:00,44.38116455,49.5,51,48.5,50.5,20516400,46.63123934,45.88992316,8134185,61.04028702,1.19317891,0.612048154,0.581130756,20.49697071
HANA,2023-07-21 00:00:00,42.58798599,47.5,48.75,47,48.25,18925600,46.71397845,45.95306343,8713575,53.81194306,1.108544115,0.711347346,0.397196769,19.62365452
HANA,2023-07-24 00:00:00,41.91554642,46.75,48.75,46.25,47.75,11093000,46.71740907,45.98431585,8845290,51.35594015,0.969772762,0.763032429,0.206740333,18.39560942
HANA,2023-07-25 00:00:00,42.1396904,47,47.25,46,46.75,10633600,46.74432249,46.0241466,9144195,52.14006592,0.869940246,0.784413992,0.085526253,17.11631674
HANA,2023-07-26 00:00:00,42.3638382,47.25,48,46.5,47.5,11233900,46.79248225,46.07221928,9254495,52.9567201,0.801753058,0.787881806,0.013871252,16.33936483
HANA,2023-07-27 00:00:00,44.60531235,49.75,49.5,47,47.25,11758000,47.07415061,46.21644598,9400575,60.25944168,0.93862346,0.818030136,0.120593323,16.35953338
HANA,2023-07-31 00:00:00,45.50190353,50.75,51,50.25,50.75,5369600,47.42423151,46.39423241,9245510,62.75032999,1.114933621,0.877410833,0.237522788,17.01281775
HANA,2023-08-02 00:00:00,44.60531235,49.75,51.75,49.5,50.5,14419600,47.64573327,46.52583114,9689690,58.78250026,1.160590487,0.934046764,0.226543723,17.61943894
HANA,2023-08-03 00:00:00,43.70872498,48.75,49.25,48,49,7191800,47.75090153,46.61305345,9747700,55.03484653,1.103363354,0.967910082,0.135453272,17.19679299
HANA,2023-08-04 00:00:00,43.48457718,48.5,50.25,48,48.75,13876800,47.82224424,46.68705135,10133865,54.10613128,1.02601032,0.97953013,0.04648019,17.2658909
HANA,2023-08-07 00:00:00,43.93286514,49,49.5,47.75,48.5,6261700,47.93441145,46.77775522,10266160,55.71569913,0.993599705,0.982344045,0.01125566,17.16696927
HANA,2023-08-08 00:00:00,43.48457718,48.5,49.75,48.25,49.25,7112500,47.98827703,46.84529423,10423560,53.68794145,0.91699766,0.969274768,-0.052277108,17.19759205
HANA,2023-08-09 00:00:00,44.15701294,49.25,51,47.5,49,25436100,48.10844112,46.93959642,11499995,56.25950972,0.906360756,0.956691965,-0.050331209,17.80818575
HANA,2023-08-10 00:00:00,45.05360413,50.25,50.25,48.75,49.5,10941000,48.31239911,47.06941616,11812030,59.48945717,0.967470183,0.958847609,0.008622574,18.37516561
HANA,2023-08-11 00:00:00,46.8467865,52.25,52.5,49.5,50.25,26254100,48.68740872,47.27257631,12873790,65.04841483,1.163866796,0.999851446,0.16401535,19.80933407
HANA,2023-08-15 00:00:00,46.8467865,52.25,52.75,51.5,52.5,12895600,49.02670313,47.4677694,13274140,65.04841483,1.304475348,1.060776227,0.243699121,21.22928
HANA,2023-08-16 00:00:00,53.57120132,59.75,60.75,54.75,55,84531300,50.0479695,47.9494255,16824195,78.11142805,1.998063525,1.248233686,0.749829839,24.30899203
HANA,2023-08-17 00:00:00,54.01950073,60.25,61.5,59,60.5,26341800,51.01959145,48.43180097,17782200,78.68341682,2.558589151,1.510304779,1.048284372,27.26967655
HANA,2023-08-18 00:00:00,53.57120132,59.75,61.75,59.5,59.75,19664200,51.85105893,48.87565192,17832435,76.52971846,2.928703654,1.793984554,1.1347191,30.053198
HANA,2023-08-21 00:00:00,53.34704971,59.5,61,59.25,60,16099700,52.57952951,49.29229302,18027815,75.41816006,3.165360844,2.068259812,1.097101032,32.46115877
HANA,2023-08-22 00:00:00,56.26097107,62.75,63,59,60.5,33862100,53.54814575,49.82004623,18695100,79.57205006,3.573962793,2.369400408,1.204562384,34.9912967
HANA,2023-08-23 00:00:00,56.26097107,62.75,63.5,61.5,63,18860400,54.42451282,50.32710324,18691840,79.57205006,3.853363604,2.666193048,1.187170556,37.40882515
HANA,2023-08-24 00:00:00,56.48511887,63,66,62.75,64.5,26805300,55.24122588,50.82407959,19477455,79.87543438,4.048297417,2.942613921,1.105683496,39.96049928
HANA,2023-08-25 00:00:00,56.26097107,62.75,63.25,60.5,62,16253400,55.95634723,51.29176274,19758445,78.61802937,4.134945876,3.181080312,0.953865564,40.87245759
HANA,2023-08-28 00:00:00,55.36437988,61.75,63,61.5,62.75,8760600,56.50812368,51.70188969,19634780,73.62534651,4.075938875,3.360052025,0.71588685,41.71927601
HANA,2023-08-29 00:00:00,56.03681946,62.5,63.5,61.75,61.75,10067900,57.07877857,52.125345,19550275,74.91217533,4.043087933,3.496659207,0.546428726,42.60514415
HANA,2023-08-30 00:00:00,56.70926666,63.25,64.5,62.75,63.75,11703000,57.66651394,52.56160598,19866945,76.16457132,4.031103999,3.603548165,0.427555834,43.62338102
HANA,2023-08-31 00:00:00,55.81267929,62.25,63.75,61.75,63.75,12544800,58.10303642,52.941543,19773205,71.0702107,3.89600429,3.66203939,0.2339649,43.892032
HANA,2023-09-01 00:00:00,55.58852768,62,63,61.25,62.25,12956000,58.47417581,53.29677661,20061415,69.81302955,3.72581501,3.674794514,0.051020496,43.80983878
HANA,2023-09-04 00:00:00,55.36437988,61.75,63,61.25,62.25,8458000,58.78615907,53.62827556,19790475,68.50795317,3.530073381,3.645850287,-0.115776907,43.73351649
HANA,2023-09-05 00:00:00,55.36437988,61.75,62.5,61.25,61.75,5130600,59.06842963,53.94677456,19733920,68.50795317,3.336485798,3.58397739,-0.247491592,43.6626458
HANA,2023-09-06 00:00:00,53.57120132,59.75,61.75,59.5,61.75,15181200,59.1333411,54.17435203,20137355,58.38196315,2.987247825,3.464631477,-0.477383652,42.36267439
HANA,2023-09-07 00:00:00,53.79535294,60,60.5,59.5,59.5,6494800,59.21588004,54.40280881,19190290,59.19388907,2.69952864,3.311610909,-0.612082269,41.15555808
HANA,2023-09-08 00:00:00,53.79535294,60,60.75,59.25,60,6181600,59.29055813,54.6223065,18952320,59.19388907,2.443343767,3.137957481,-0.694613714,40.03466436
HANA,2023-09-11 00:00:00,54.24364853,60.5,61.5,59.5,60,11265600,59.40574307,54.85280429,18202895,60.96049031,2.25467079,2.961300143,-0.706629353,39.31780574
HANA,2023-09-12 00:00:00,55.1402359,61.5,62.5,60.25,61,12314700,59.60519611,55.11347863,18173850,64.29026349,2.160927907,2.801225696,-0.640297789,39.05392864
HANA,2023-09-13 00:00:00,53.79535294,60,61.25,59.5,61,14335400,59.64279648,55.30510692,14664055,56.50500312,1.943198549,2.629620266,-0.686421717,38.21849409
HANA,2023-09-14 00:00:00,55.1402359,61.5,61.75,60,60,8868400,59.81967301,55.5480439,13790385,61.52283069,1.870126277,2.477721468,-0.607595191,37.66025322
HANA,2023-09-15 00:00:00,54.91609192,61.25,62,60.5,61.75,6775000,59.95589463,55.77165002,13145925,60.27474263,1.771620921,2.336501359,-0.564880438,37.25162548
HANA,2023-09-18 00:00:00,52.67461777,58.75,59.75,58,59.5,22074200,59.84104752,55.88844806,13444650,49.46752733,1.474824749,2.164166037,-0.689341288,35.06207941
HANA,2023-09-19 00:00:00,53.12290955,59.25,59.5,58.25,59,8793700,59.78475728,56.02027363,12191230,51.34644477,1.265371055,1.98440704,-0.719035986,33.02892948
HANA,2023-09-20 00:00:00,52.67461777,58.75,59.75,58.5,59.5,5387900,59.68620897,56.12732172,11517605,49.36956117,1.046962935,1.796918219,-0.749955284,31.28637863
HANA,2023-09-21 00:00:00,52.67461777,58.75,59.75,58,58.5,7439000,59.59704621,56.23017185,10549290,49.36956117,0.863914261,1.610317428,-0.746403167,29.32044781
HANA,2023-09-22 00:00:00,53.57120132,59.75,59.75,57.75,58.75,9309000,59.61161324,56.36820433,10202070,53.52037012,0.790426961,1.446339334,-0.655912374,27.32025115
HANA,2023-09-25 00:00:00,53.34704971,59.5,61,59.5,59.75,6930300,59.6009834,56.49101984,10110555,52.36456856,0.703900706,1.297851609,-0.593950903,26.25675366
HANA,2023-09-26 00:00:00,53.34704971,59.5,60.75,59.25,59.75,7454100,59.59136594,56.60901907,9979865,52.36456856,0.62808782,1.163898851,-0.535811031,25.07903356
HANA,2023-09-27 00:00:00,53.57120132,59.75,60,58.75,59,4121700,59.60647394,56.73219479,9600800,53.52848124,0.581475584,1.047414198,-0.465938613,23.60491392
HANA,2023-09-28 00:00:00,55.1402359,61.5,62.25,59.75,60.25,20069700,59.78680976,56.91916754,9977045,60.75680193,0.677930663,0.973517491,-0.295586828,23.5357602
HANA,2023-09-29 00:00:00,53.34704971,59.5,61.25,59.25,61.25,16597200,59.75949454,57.02037666,10159105,50.99453248,0.586231017,0.896060196,-0.309829179,23.08977404
HANA,2023-10-02 00:00:00,54.69194031,61,62,59.75,59.75,9329800,59.87763792,57.17644032,10202695,56.62381659,0.627363989,0.842320955,-0.214956966,23.06420576
HANA,2023-10-03 00:00:00,55.1402359,61.5,62.25,60.75,61,12542800,60.03214859,57.34599168,10573305,58.34162371,0.692327269,0.812322217,-0.119994949,23.16776769
HANA,2023-10-04 00:00:00,55.58852768,62,62.5,60.75,61.25,12505700,60.21956301,57.52850181,10439530,60.04563316,0.775220696,0.804901913,-0.029681217,23.39462029
HANA,2023-10-05 00:00:00,55.1402359,61.5,62.75,61.25,62.25,14430000,60.34150939,57.68424684,10836290,57.51217277,0.791445225,0.802210576,-0.01076535,23.73910527
HANA,2023-10-06 00:00:00,54.46779251,60.75,62.75,60.75,61.75,10622200,60.38041326,57.80447245,11058320,53.8424485,0.735308372,0.788830135,-0.053521763,23.58325595
HANA,2023-10-09 00:00:00,51.55387878,57.5,61.75,56.25,60.5,14834100,60.10608819,57.79253235,11236745,41.4884477,0.423687665,0.715801641,-0.292113976,23.26648697
HANA,2023-10-10 00:00:00,54.24364853,60.5,60.75,58,58.5,17204200,60.1436036,57.89870756,11481220,52.35563076,0.414028278,0.655446968,-0.24141869,22.97234435
HANA,2023-10-11 00:00:00,58.50244904,65.25,65.5,60.75,61,36149900,60.62992707,58.18699353,12571945,63.8150053,0.78065949,0.680489473,0.100170017,22.43819081
HANA,2023-10-12 00:00:00,58.05414963,64.75,66.25,64,65.5,16959800,61.02231496,58.44436634,12976515,62.12125027,1.019123721,0.748216322,0.270907399,22.22655626
HANA,2023-10-16 00:00:00,55.58852768,62,63.75,59.75,63.75,34689400,61.11542782,58.58380295,14372235,53.68200028,0.974967507,0.793566559,0.181400948,21.15346518
HANA,2023-10-17 00:00:00,51.55387878,57.5,59.25,56.5,59,68450000,60.77110137,58.54130087,16691025,43.3128161,0.570287083,0.748910664,-0.178623581,21.18659411
HANA,2023-10-18 00:00:00,52.22631454,58.25,59.25,57,57,28586900,60.53099647,58.52987731,17680685,45.2122864,0.306559832,0.660440498,-0.353880666,21.21735669
HANA,2023-10-19 00:00:00,52.00217056,58,58.5,57.25,58,11786700,60.28994919,58.50909781,18000625,44.67491471,0.076499338,0.543652266,-0.467152928,21.24592194
HANA,2023-10-20 00:00:00,49.76070023,55.5,57.75,55.5,57.75,28596000,59.83376355,58.39109397,19058475,39.60549297,-0.304049474,0.374111918,-0.678161392,21.80199037
HANA,2023-10-24 00:00:00,49.31240463,55,56,54.25,56,15797100,59.37340512,58.2581099,19382880,38.66060989,-0.638621342,0.171565266,-0.810186608,22.66214022
HANA,2023-10-25 00:00:00,49.76070023,55.5,56.75,55,56,50873100,59.00450939,58.14994872,21580020,40.19709933,-0.853586522,-0.033465092,-0.82012143,23.05948025
HANA,2023-10-26 00:00:00,46.39848328,51.75,55.25,51.75,54.75,19906300,58.31360374,57.89897034,22202630,33.43298128,-1.311424352,-0.289056944,-1.022367408,24.26833264
HANA,2023-10-27 00:00:00,47.96752167,53.5,53.75,51.25,52.75,23606500,57.85516529,57.7264617,23176870,38.62349213,-1.515583058,-0.534362167,-0.981220892,25.50412084
HANA,2023-10-30 00:00:00,48.86411285,54.5,55.5,52.5,53,18682800,57.53562573,57.59993379,23107525,41.43374305,-1.578492779,-0.743188289,-0.83530449,25.7356767
HANA,2023-10-31 00:00:00,46.8467865,52.25,54.75,51.5,54.75,13040000,57.03223281,57.39013247,22929665,37.29592398,-1.78927968,-0.952406567,-0.836873112,26.21941702
HANA,2023-11-01 00:00:00,47.51922989,53,53.75,52.25,52.25,9354100,56.64821064,57.21797041,22930880,39.46602499,-1.8742064,-1.136766534,-0.737439866,26.66860446
HANA,2023-11-02 00:00:00,49.08825684,54.75,55.25,53.5,53.75,11652200,56.46742867,57.12118726,22886350,44.30918913,-1.779784812,-1.26537019,-0.514414623,26.28948133
HANA,2023-11-03 00:00:00,49.31240463,55,55.75,54,55.5,10694900,56.32767356,57.03800344,22795810,44.98634267,-1.665582317,-1.345412615,-0.320169702,25.68333225
HANA,2023-11-06 00:00:00,49.31240463,55,56,55,55.75,6379200,56.20122846,56.95808174,22393270,44.98634267,-1.557126432,-1.387755378,-0.169371053,24.98972776
HANA,2023-11-07 00:00:00,48.63996506,54.25,55,54,54,5237400,56.01539718,56.85188245,22124030,43.16043002,-1.514237902,-1.413051883,-0.101186019,24.7222102
HANA,2023-11-08 00:00:00,47.96752167,53.5,55.25,53,54.5,5656300,55.77583554,56.72043608,21665140,41.35288226,-1.523208564,-1.435083219,-0.088125345,24.82981588
HANA,2023-11-09 00:00:00,46.8467865,52.25,53.5,51,53.25,17109200,55.44004168,56.54512486,21660390,38.4617591,-1.612593459,-1.470585267,-0.142008192,25.56184477
HANA,2023-11-10 00:00:00,45.50190353,50.75,52.25,50.75,51.5,9553900,54.99337104,56.31786507,20330590,35.27470034,-1.783905346,-1.533249283,-0.250656063,26.31527999
HANA,2023-11-13 00:00:00,45.72604752,51,52,51,51.5,9143100,54.61304999,56.10932134,19939755,36.22324283,-1.877851634,-1.602169753,-0.275681881,27.0148984
HANA,2023-11-14 00:00:00,39.67407608,44.25,49,42.75,48.75,53428000,53.62609285,55.64424991,20876685,25.39986919,-2.468517797,-1.775439362,-0.693078435,29.39044604
HANA,2023-11-15 00:00:00,43.26042557,48.25,48.5,45.25,45.25,32283000,53.11408401,55.35427933,19068335,37.34687243,-2.584070855,-1.937165661,-0.646905194,31.59631171
HANA,2023-11-16 00:00:00,40.57065964,45.25,47.75,45.25,47.5,24185800,52.36512363,54.95803308,18848280,33.06936131,-2.884472016,-2.126626932,-0.757845084,33.64461555
HANA,2023-11-17 00:00:00,39.00162506,43.5,44.75,43,43.5,33102800,51.52082614,54.50869845,19914085,30.84968752,-3.226558715,-2.346613288,-0.879945426,35.87045167
HANA,2023-11-20 00:00:00,40.12236404,44.75,44.75,43,43.25,13699300,50.87598555,54.12600439,19169250,34.24476975,-3.358090359,-2.548908702,-0.809181657,37.9372995
HANA,2023-11-21 00:00:00,40.79480743,45.5,46.25,45.25,45.5,11651300,50.36398693,53.78772971,18961960,36.26666535,-3.363044322,-2.711735826,-0.651308496,38.90203175
HANA,2023-11-22 00:00:00,40.57065964,45.25,45.5,44.5,45.25,7570400,49.87694055,53.45291678,16796825,35.87072298,-3.34854336,-2.839097333,-0.509446027,39.94294453
HANA,2023-11-23 00:00:00,40.12236404,44.75,45.75,44.5,45.5,6552500,49.3886605,53.11162593,16129135,35.04661315,-3.338908209,-2.939059508,-0.399848701,40.74731877
HANA,2023-11-24 00:00:00,39.44992447,44,45.5,44,45,7762400,48.87545474,52.75430726,15336930,33.79248746,-3.353138126,-3.021875232,-0.331262894,41.601873
HANA,2023-11-27 00:00:00,39.22576904,43.75,44.25,43.5,44,5026400,48.38731619,52.40119717,14654110,33.3639041,-3.346017541,-3.086703694,-0.259313847,42.50410725
HANA,2023-11-28 00:00:00,39.67924881,43.75,44,43,43.5,5020000,47.94566703,52.06193454,14253110,33.3639041,-3.30230748,-3.129824451,-0.172483029,43.45141415
HANA,2023-11-29 00:00:00,40.35947418,44.5,45.25,43.25,44,14799500,47.61750827,51.76538809,14525380,36.18009392,-3.170599513,-3.137979463,-0.03262005,43.41054677
HANA,2023-11-30 00:00:00,40.58620834,44.75,45,44,44.25,9314800,47.34441224,51.49027483,14408510,37.13383995,-3.011334302,-3.112650431,0.101316129,43.3725985
HANA,2023-12-01 00:00:00,42.40011978,46.75,47.5,44.75,45.75,25372300,47.28780155,51.3043817,15142380,44.30467884,-2.692692507,-3.028658846,0.33596634,41.69419217
HANA,2023-12-04 00:00:00,41.26642609,45.5,46.5,45.5,46.25,7829200,47.11753474,51.07675889,15214880,41.1457306,-2.512073522,-2.925341781,0.41326826,40.13567201
HANA,2023-12-06 00:00:00,41.26642609,45.5,46.75,45.5,46,10511200,46.96348381,50.85806246,15478570,41.1457306,-2.341935302,-2.808660486,0.466725183,38.53151947
HANA,2023-12-07 00:00:00,40.35947418,44.5,45.25,44.5,44.75,6551100,46.7288663,50.60872668,15523310,38.5926922,-2.261719486,-2.699272286,0.4375528,37.47228189
HANA,2023-12-08 00:00:00,42.40011978,46.75,46.75,45,45.25,14055600,46.73087904,50.45740406,15370630,46.61852872,-1.993610576,-2.558139944,0.564529368,35.55456381
HANA,2023-12-12 00:00:00,41.94664383,46.25,47.75,45.75,47,11439700,46.68508103,50.29240782,15464920,45.20460778,-1.800720568,-2.406656069,0.6059355,33.21637616
HANA,2023-12-13 00:00:00,41.49316406,45.75,46.25,45.5,46,6103400,46.5960257,50.11427418,15312935,43.77480714,-1.668960927,-2.25911704,0.590156114,31.17458741
HANA,2023-12-14 00:00:00,44.89424133,49.5,49.75,47,47,26697000,46.87259468,50.090185,13976385,55.21579655,-1.247565641,-2.05680676,0.809241119,30.25657057
HANA,2023-12-15 00:00:00,44.44076157,49,49.5,48.5,49,11373600,47.07520471,50.04743265,12930915,53.64828099,-0.943081407,-1.83406169,0.890980282,29.40412636
HANA,2023-12-18 00:00:00,45.57445526,50.25,50.5,48.75,49,10876500,47.37756617,50.05537647,12265450,56.93946829,-0.594062917,-1.586061935,0.991999018,29.00793015
HANA,2023-12-19 00:00:00,46.93488312,51.75,52,49.75,50.75,16738300,47.79398844,50.12183229,11447225,60.55860471,-0.194187315,-1.307687011,1.113499696,29.17666621
HANA,2023-12-20 00:00:00,47.84184647,52.75,53.25,51.25,52,17291600,48.26598954,50.22489769,11626840,62.80313431,0.201090576,-1.005931494,1.20702207,29.73211502
HANA,2023-12-21 00:00:00,48.97553635,54,54,51.75,52,9707000,48.81208577,50.37294092,11529625,65.44990892,0.608204701,-0.683104255,1.291308956,30.47277265
HANA,2023-12-22 00:00:00,48.97553635,54,54.75,53.5,54.25,9284200,49.30617284,50.51517853,11615315,65.44990892,0.920237651,-0.362435874,1.282673525,31.37887255
HANA,2023-12-25 00:00:00,48.52206039,53.5,54.75,53.25,53.75,5026700,49.70558495,50.63223035,11539025,63.35847248,1.114334833,-0.067081732,1.181416565,32.03629071
HANA,2023-12-26 00:00:00,48.97553635,54,54.25,52.5,53.5,9852700,50.11457686,50.76429975,11643540,64.57746203,1.293592342,0.205053082,1.088539259,32.09516842
HANA,2023-12-27 00:00:00,47.38837051,52.25,54,52.25,54,10575100,50.31795049,50.8225625,11920975,57.38205693,1.279693326,0.419981131,0.859712195,31.96633153
HANA,2023-12-28 00:00:00,48.2953186,53.25,53.5,52.25,52.25,6399400,50.5971933,50.91775613,11989945,60.11676686,1.333992464,0.602783398,0.731209066,31.84669727
HANA,2024-01-03 00:00:00,48.97553635,54,54.75,53.5,54.25,13321600,50.92127013,51.03862844,11916050,62.08198311,1.42116139,0.766458996,0.654702394,32.23763928
HANA,2024-01-04 00:00:00,47.84184647,52.75,53.5,52.5,53.5,11102500,51.09543488,51.10574105,12005435,57.03752955,1.373545462,0.887876289,0.485669172,31.81672778
HANA,2024-01-05 00:00:00,46.254673,51,53.25,50.25,52.5,23025700,51.08634584,51.10159434,11888105,50.81262242,1.180985456,0.946498123,0.234487333,29.96172402
HANA,2024-01-08 00:00:00,46.93488312,51.75,52,50.5,50.5,6218900,51.149551,51.12702202,11807590,53.17142198,1.07648989,0.972496476,0.103993414,28.23922052
HANA,2024-01-09 00:00:00,46.70814514,51.5,53.25,51.5,53,11031000,51.1829271,51.1416486,11833580,52.27157965,0.962409434,0.970479068,-0.008069634,27.27623157
HANA,2024-01-10 00:00:00,46.70814514,51.5,52.25,51,51.75,6885700,51.21312452,51.1557016,11850310,52.27157965,0.86206253,0.94879576,-0.08673323,26.06094298
HANA,2024-01-11 00:00:00,46.48141098,51.25,52,51.25,51.75,6190300,51.21663647,51.15939958,11457045,51.2653856,0.753676067,0.909771822,-0.156095754,24.93246072
HANA,2024-01-12 00:00:00,47.38837051,52.25,52.75,50.5,51,7584000,51.31505204,51.20216822,11264260,54.99704362,0.739941077,0.875805673,-0.135864596,23.88458433
HANA,2024-01-15 00:00:00,46.48141098,51.25,52.5,51.25,52,4084600,51.30885661,51.20404398,11163320,50.80741003,0.640975587,0.828839656,-0.187864068,22.91155626
HANA,2024-01-16 00:00:00,45.80119324,50.5,51.25,50.5,51,5120600,51.23182265,51.17643441,10084500,47.86246171,0.496304898,0.762332704,-0.266027806,21.43118198
HANA,2024-01-17 00:00:00,45.57445526,50.25,51.5,50,50.25,9866100,51.13831573,51.14010365,10009125,46.88687619,0.357360001,0.681338163,-0.323978163,20.10885773
HANA,2024-01-18 00:00:00,44.2140274,48.75,50.25,48.25,50.25,11512300,50.91085709,51.04637409,10040915,41.43025443,0.12476944,0.570024419,-0.445254979,19.9798231
HANA,2024-01-19 00:00:00,45.34771729,50,51.25,49.5,50.25,11198200,50.82410879,51.00533981,9763910,46.96893522,0.040833594,0.464186254,-0.42335266,19.10919995
HANA,2024-01-22 00:00:00,44.66749954,49.25,51.25,49,50.75,8135700,50.67419367,50.93650296,9306115,44.2642188,-0.085222509,0.354304501,-0.43952701,18.60148622
HANA,2024-01-23 00:00:00,43.53380966,48,50.25,48,49.5,7746000,50.41950856,50.82134598,9208065,40.11772733,-0.282728316,0.226897938,-0.509626254,18.692828
HANA,2024-01-24 00:00:00,43.98728943,48.5,49,47,47.5,11783800,50.23669822,50.7303128,9333045,42.44041236,-0.394361318,0.102646087,-0.497007404,19.28093236
HANA,2024-01-25 00:00:00,43.30707169,47.75,48.25,47.25,48,4597200,49.99986982,50.61343779,9311570,39.93802481,-0.537157985,-0.025314728,-0.511843257,19.82702927
HANA,2024-01-26 00:00:00,42.17338181,46.5,47.75,46,47.25,12877400,49.66654888,50.45212651,9462805,36.11588419,-0.742629357,-0.168777654,-0.573851703,20.92432472
HANA,2024-01-29 00:00:00,42.85359573,47.25,47.5,46,47,6246700,49.43640137,50.32655292,9246385,39.83629248,-0.835319129,-0.302085949,-0.53323318,21.94324192
HANA,2024-01-30 00:00:00,43.53380966,48,48.5,47,47,5152600,49.29960124,50.23531555,9184045,43.38687436,-0.838590954,-0.40938695,-0.429204004,21.97249361
HANA,2024-01-31 00:00:00,43.30707169,47.75,48,47.25,48,5114000,49.15202017,50.13785219,8773665,42.48679188,-0.851540778,-0.497817715,-0.353723063,21.99965589
HANA,2024-02-01 00:00:00,43.08033371,47.5,47.75,46,47,7271000,48.99468491,50.03440701,8582090,41.55832448,-0.871925503,-0.572639273,-0.29928623,22.69595056
HANA,2024-02-02 00:00:00,43.98728943,48.5,49.25,48.25,48.25,7416200,48.94757207,49.97423419,7801615,46.58647884,-0.798187889,-0.617748996,-0.180438892,22.07000908
HANA,2024-02-05 00:00:00,45.57445526,50.25,50.5,48.5,48.75,6896200,49.07161282,49.98504853,7835480,54.03892509,-0.591718955,-0.612542988,0.020824033,20.60808386
HANA,2024-02-06 00:00:00,46.02793884,50.75,51.25,50.25,50.25,6594500,49.23145922,50.01504663,7613655,55.93082937,-0.38332627,-0.566699644,0.183373374,19.49588702
HANA,2024-02-07 00:00:00,45.57445526,50.25,51.25,49.75,51,7164300,49.3284631,50.02426049,7627585,53.5566838,-0.255573298,-0.504474375,0.248901077,18.12686833
HANA,2024-02-08 00:00:00,45.34771729,50,50.75,50,50.25,4610900,49.392419,50.02330909,7548615,52.35991649,-0.172512441,-0.438081988,0.265569547,16.85563668
HANA,2024-02-09 00:00:00,45.12098312,49.75,50.5,49.75,50,3382100,49.42647433,50.01259109,7338520,51.12949966,-0.125413337,-0.375548258,0.250134921,15.80965399
HANA,2024-02-12 00:00:00,45.57445526,50.25,50.75,49.75,50,4725500,49.50490535,50.02190124,7370565,53.48385347,-0.047197079,-0.309878022,0.262680944,14.71628064
HANA,2024-02-13 00:00:00,44.44076157,49,51.5,49,50.5,9913500,49.45681912,49.98182669,7610210,47.34329192,-0.085093775,-0.264921173,0.179827398,13.70100539
HANA,2024-02-14 00:00:00,42.40011978,46.75,48.25,46.25,47.75,12902500,49.19902683,49.85508838,7762030,38.72479202,-0.293302369,-0.270597412,-0.022704957,14.50307056
HANA,2024-02-15 00:00:00,42.62685394,47,47.5,46.5,47,8696900,48.9895957,49.74312413,7621260,40.03108795,-0.433143263,-0.303106582,-0.130036681,15.24784536
HANA,2024-02-16 00:00:00,40.58620834,44.75,47.5,44.75,47.25,9941300,48.58582468,49.54731534,7558415,33.1760659,-0.717256291,-0.385936524,-0.331319767,16.78326257
HANA,2024-02-19 00:00:00,41.0396843,45.25,45.75,44.75,44.75,5590000,48.26812709,49.37879317,7431130,35.806775,-0.891792068,-0.487107633,-0.404684435,18.20900712
HANA,2024-02-20 00:00:00,39.22577667,43.25,45.25,43,45.25,12955200,47.79021023,49.13844834,7691590,30.61496052,-1.177917909,-0.625269688,-0.552648221,20.23027962
HANA,2024-02-21 00:00:00,38.9990387,43,43.75,42.25,43,12010600,47.33399973,48.89772488,7702930,30.02883962,-1.408610031,-0.781937757,-0.626672274,22.36126047
HANA,2024-02-22 00:00:00,39.22577667,43.25,44,43,43.75,9132700,46.94504737,48.67624547,7929705,31.44233439,-1.553356165,-0.936221438,-0.617134727,24.09012322
HANA,2024-02-23 00:00:00,37.63860703,41.5,44,41.5,44,18795500,46.42647143,48.39482408,8225610,27.28693635,-1.788660332,-1.106709217,-0.681951115,26.19520263
HANA,2024-02-27 00:00:00,37.63860703,41.5,42.25,41,41.5,8887100,45.95728368,48.12443882,8357630,27.28693635,-1.952631855,-1.275893745,-0.67673811,28.29881772
HANA,2024-02-28 00:00:00,32.65035629,36,37.25,35.5,36,62099800,45.00897095,47.64897063,11204990,18.415756,-2.497593796,-1.520233755,-0.977360041,31.35201864
HANA,2024-02-29 00:00:00,33.55731583,37,38,36.5,36.5,27408500,44.24621181,47.23136394,12319715,23.29837873,-2.816323592,-1.779451722,-1.03687187,33.59449261
HANA,2024-03-01 00:00:00,32.65035629,36,37.5,35.75,37.25,18320000,43.4608583,46.7909183,12872165,21.88768911,-3.113717893,-2.046304956,-1.067412937,35.8088952
HANA,2024-03-04 00:00:00,32.65035629,36,36.5,35.75,36,10546000,42.75030037,46.36774503,13028655,21.88768911,-3.311235162,-2.299290998,-1.011944164,37.86512617
HANA,2024-03-05 00:00:00,33.33057404,36.75,37.5,35.25,36,21869200,42.17884319,45.99057856,13777305,25.79578297,-3.368421225,-2.513117043,-0.855304182,38.93625994
HANA,2024-03-06 00:00:00,34.01078796,37.5,37.75,36.25,36.5,11352900,41.73323908,45.65761469,14015225,29.5895222,-3.315009494,-2.673495533,-0.641513961,39.72524574
HANA,2024-03-07 00:00:00,34.23752975,37.75,38,37,37.5,9826300,41.35388298,45.34751216,14148325,30.85846295,-3.215441791,-2.781884785,-0.433557006,40.24490898
HANA,2024-03-08 00:00:00,35.59795761,39.25,39.5,37.75,37.75,16222700,41.15351317,45.10839403,14728915,38.07019677,-2.981131575,-2.821734143,-0.159397432,39.53224358
HANA,2024-03-11 00:00:00,35.8246994,39.5,40,38.75,39.25,12913800,40.99603572,44.88845701,15205500,39.20829158,-2.743639166,-2.806115147,0.062475981,38.50519769
HANA,2024-03-12 00:00:00,35.8246994,39.5,39.5,39.5,39.5,0,40.85355613,44.67714497,14969225,39.20829158,-2.526303072,-2.750152732,0.223849661,37.55151222
HANA,2024-03-13 00:00:00,35.59505081,38.75,39.25,38.5,38.5,4503400,40.65321745,44.44470791,14698720,36.85199289,-2.387064786,-2.677535143,0.290470357,37.11213492
HANA,2024-03-14 00:00:00,35.13576508,38.25,38.75,38,38.75,8261300,40.4243396,44.20177819,14466660,35.32772428,-2.290657983,-2.600159711,0.309501728,36.91487488
HANA,2024-03-15 00:00:00,35.13576508,38.25,38.25,38.25,38.25,0,40.21725964,43.96837513,14031815,35.32772428,-2.189021224,-2.517932014,0.32891079,36.73170484
HANA,2024-03-18 00:00:00,35.36540604,38.5,39.5,38.5,38.5,8592500,40.0537111,43.75392904,13964375,36.84255619,-2.064502153,-2.427246042,0.362743888,35.49766089
HANA,2024-03-19 00:00:00,34.67647171,37.75,38.5,37.5,38.25,7862100,39.83431004,43.51848085,14077980,34.25064013,-2.003246447,-2.342446123,0.339199676,34.85338663
HANA,2024-03-20 00:00:00,34.67647171,37.75,37.75,37.75,37.75,0,39.63580432,43.29226591,13430220,34.25064013,-1.932425064,-2.260441911,0.328016847,34.25513196
HANA,2024-03-21 00:00:00,35.8246994,39,40.25,38.25,38.5,25419100,39.57525153,43.12394176,14100645,42.12125081,-1.755201189,-2.159393767,0.404192578,31.87662982
HANA,2024-03-22 00:00:00,35.8246994,39,39,39,39,0,39.52046567,42.96221855,13644010,42.12125081,-1.596348281,-2.046784669,0.450436388,29.66802069
HANA,2024-03-25 00:00:00,34.90611649,38,39.25,37.75,39,17667900,39.37565942,42.76762174,13587630,37.91070745,-1.533470952,-1.944121926,0.410650974,28.35826847
HANA,2024-03-26 00:00:00,34.90611649,38,38,38,38,0,39.24464423,42.58065619,13143275,37.91070745,-1.466732634,-1.848644068,0.381911433,27.14206999
HANA,2024-03-27 00:00:00,36.28398895,39.5,40,39.25,39.5,10517300,39.26896383,42.45984614,10564150,47.10849611,-1.278071757,-1.734529605,0.456457848,25.68818745
HANA,2024-03-28 00:00:00,36.28398895,39.5,39.5,39.5,39.5,0,39.29096728,42.34377374,9193725,47.10849611,-1.115695608,-1.610762806,0.495067198,24.33815366
HANA,2024-03-29 00:00:00,36.51363373,39.75,40,39,39.5,4059400,39.33468468,42.24205712,8480695,48.58084182,-0.955820328,-1.47977431,0.523953982,23.08455086
HANA,2024-04-01 00:00:00,36.51363373,39.75,40.25,39.5,40,4988400,39.37423852,42.14432939,8202815,48.58084182,-0.819669378,-1.347753324,0.528083946,22.08547184
HANA,2024-04-02 00:00:00,36.7432785,40,40.25,39.5,39.75,12097000,39.43383485,42.06023805,7714205,50.1889632,-0.683714425,-1.214945544,0.531231119,21.15775561
HANA,2024-04-03 00:00:00,36.05434418,39.25,39.75,39.25,39.5,7223300,39.41632677,41.95003263,7507725,45.58317104,-0.629234453,-1.097803326,0.468568873,20.07861446
HANA,2024-04-04 00:00:00,35.59505081,38.75,39.5,38.75,39.25,4394900,39.35286708,41.82454116,7236155,42.76554381,-0.619265992,-1.002095859,0.382829867,18.64664807
HANA,2024-04-05 00:00:00,36.05434418,39.25,39.5,38.25,38.5,4241700,39.34307021,41.72357876,6637105,46.3377195,-0.564512742,-0.914579236,0.350066494,17.72407183
HANA,2024-04-09 00:00:00,36.51363373,39.75,40,39,39.25,8227900,39.38182543,41.64618351,6402810,49.71741467,-0.475295663,-0.826722521,0.351426858,16.48983619
HANA,2024-04-10 00:00:00,36.97292709,40.25,41,40,40,16002300,39.46450872,41.59143122,7202925,52.91123438,-0.360093727,-0.733396762,0.373303035,16.13836507
HANA,2024-04-11 00:00:00,36.05434418,39.25,40,39,39.75,11240200,39.44407932,41.49961039,7539765,46.54373763,-0.345504248,-0.655818259,0.310314012,15.01523813
HANA,2024-04-17 00:00:00,36.05434418,39.25,39.25,39.25,39.25,0,39.42559558,41.41139037,7126700,46.54373763,-0.330136374,-0.590681882,0.260545509,13.97233454
HANA,2024-04-18 00:00:00,36.05434418,39.25,39.25,39.25,39.25,0,39.40887219,41.32662996,7126700,46.54373763,-0.314333779,-0.535412262,0.221078483,13.00392407
HANA,2024-04-19 00:00:00,36.05434418,39.25,39.25,39.25,39.25,0,39.3937415,41.24519349,6697075,46.54373763,-0.298370677,-0.488003945,0.189633268,12.10468577
HANA,2024-04-22 00:00:00,33.75788879,36.75,37,36,36.75,10882300,39.1419566,41.0689114,6848085,33.1350294,-0.481893937,-0.486781943,0.004888006,13.54246865
HANA,2024-04-23 00:00:00,34.67647171,37.75,38,37,37.25,5735600,39.0093893,40.93875801,7134865,40.51686259,-0.540416218,-0.497508798,-0.04290742,13.97327704
HANA,2024-04-24 00:00:00,35.8246994,39,39.5,38,38.5,17336700,39.00849508,40.86272828,6730745,48.21312659,-0.48039332,-0.494085702,0.013692383,13.22933265
HANA,2024-04-25 00:00:00,36.28398895,39.5,39.75,38.75,38.75,8883600,39.05530508,40.80928796,7174925,50.94710695,-0.388006224,-0.472869807,0.084863583,12.3648739
HANA,2024-04-26 00:00:00,36.05434418,39.25,39.75,39.25,39.25,5558300,39.07384745,40.74813941,6569445,49.53886765,-0.331144469,-0.444524739,0.11338027,11.56216219
HANA,2024-04-29 00:00:00,35.36540604,38.5,39.5,38,39.25,9866500,39.01919531,40.65997708,7062770,45.47761031,-0.342649994,-0.42414979,0.081499796,11.66301421
HANA,2024-04-30 00:00:00,35.59505081,38.75,39,38.25,38.5,4370300,38.99355766,40.58507602,6755420,47.03628786,-0.327816432,-0.404883119,0.077066687,11.75666252
HANA,2024-05-02 00:00:00,34.90611649,38,38.75,38,38.5,5396300,38.89893312,40.48370049,7025235,43.05929971,-0.372287955,-0.398364086,0.026076131,12.01171523
HANA,2024-05-03 00:00:00,35.13576508,38.25,38.75,38,38.25,3294000,38.83712997,40.39610439,6986965,44.73664297,-0.382944698,-0.395280208,0.01233551,12.24854989
HANA,2024-05-07 00:00:00,35.13576508,38.25,38.25,38.25,38.25,0,38.78121283,40.31194343,6737545,44.73664297,-0.386929957,-0.393610158,0.006680201,12.46846779
HANA,2024-05-08 00:00:00,36.05434418,39.25,39.75,39,39.5,3696600,38.82585923,40.27029859,6317525,51.38075186,-0.305870772,-0.376062281,0.070191509,11.87109156
HANA,2024-05-09 00:00:00,35.36540604,38.5,39.5,38.5,39,4691500,38.79482501,40.20087512,6190935,46.83299386,-0.298706217,-0.360591068,0.061884851,11.15405971
HANA,2024-05-10 00:00:00,35.8246994,39,39,38.25,38.75,4275400,38.81436549,40.15378198,6184960,50.00969323,-0.249802862,-0.338433427,0.088630565,10.69718021
HANA,2024-05-13 00:00:00,36.28398895,39.5,39.75,38,39,8537100,38.87966401,40.12814347,6399730,53.03188309,-0.168755472,-0.304497836,0.135742364,10.25034147
HANA,2024-05-14 00:00:00,37.43221664,40.75,41,39.25,39.75,13915000,39.05779125,40.15253,6684085,59.6065217,-0.003618565,-0.244321982,0.240703417,10.76475878
HANA,2024-05-15 00:00:00,36.28398895,39.5,41,38.5,39.75,31377900,39.09990637,40.12694059,7452865,51.79803765,0.02608834,-0.190239917,0.216328257,10.56403812
HANA,2024-05-16 00:00:00,36.28398895,39.5,39.5,39.5,39.5,0,39.13801052,40.10235468,6890855,51.79803765,0.049065677,-0.142378798,0.191444476,10.37765464
HANA,2024-05-17 00:00:00,37.8915062,41.25,42,40,40.25,23938900,39.33915238,40.14736038,8087800,60.25240648,0.206109851,-0.072681069,0.27879092,11.77038466
HANA,2024-05-20 00:00:00,37.8915062,41.25,41.25,41.25,41.25,0,39.52113787,40.19060115,8087800,60.25240648,0.326801328,0.007215411,0.319585918,13.06363397
HANA,2024-05-21 00:00:00,37.8915062,41.25,41.25,41.25,41.25,0,39.6857914,40.2321462,8087800,60.25240648,0.417635946,0.089299518,0.328336428,14.26450832
HANA,2024-05-23 00:00:00,37.43221664,40.75,41.25,40.25,40.5,9926500,39.7871446,40.2524542,8040010,56.7033632,0.444157246,0.160271064,0.283886182,14.39320257
HANA,2024-05-24 00:00:00,37.43221664,40.75,40.75,40.75,40.75,0,39.87884512,40.2719658,7753230,56.7033632,0.459874421,0.220191735,0.239682686,14.51270437
HANA,2024-05-27 00:00:00,37.43221664,40.75,40.75,40.75,40.75,0,39.96181225,40.29071223,6886395,56.7033632,0.466947713,0.26954293,0.197404782,14.62367032
HANA,2024-05-28 00:00:00,37.20257187,40.5,41,40.25,40.75,4044700,40.01306823,40.2989196,6644450,54.6915789,0.447225104,0.305079365,0.142145739,14.21048967
HANA,2024-05-29 00:00:00,36.28398895,39.5,40.75,39.25,40.25,7456400,39.96420458,40.26758942,6739355,47.44102285,0.346904256,0.313444343,0.033459912,13.48342008
HANA,2024-05-30 00:00:00,36.28398895,39.5,39.5,39.5,39.5,0,39.91999462,40.23748787,6246030,47.44102285,0.264351976,0.30362587,-0.039273894,12.80828403
HANA,2024-05-31 00:00:00,36.28398895,39.5,39.5,39.5,39.5,0,39.87999514,40.20856678,6027515,47.44102285,0.196661705,0.282233037,-0.085571332,12.18137198
HANA,2024-06-04 00:00:00,36.28398895,39.5,41,39.5,40.75,8097500,39.84380512,40.18077985,6162575,47.44102285,0.141386858,0.254063801,-0.112676943,12.37099397
HANA,2024-06-05 00:00:00,36.28398895,39.5,39.5,39.5,39.5,0,39.81106178,40.1540826,5997875,47.44102285,0.096469108,0.222544863,-0.126075754,12.54707153
HANA,2024-06-06 00:00:00,38.35079956,41.75,42,40.25,40.5,30496100,39.99572256,40.21666759,7522680,63.29866593,0.239664955,0.225968881,0.013696074,14.28957002
HANA,2024-06-07 00:00:00,38.35079956,41.75,41.75,41.75,41.75,0,40.1627966,40.27679828,7337850,63.29866593,0.349124209,0.250599947,0.098524262,15.90760433
HANA,2024-06-10 00:00:00,38.12115479,41.5,42,40,40.75,9176900,40.29014931,40.32476697,7562120,60.92975872,0.41096124,0.282672205,0.128289035,15.70757813
HANA,2024-06-11 00:00:00,39.49902725,43,43.5,41.5,42,20180300,40.54823033,40.42967807,8357365,68.53787976,0.574383858,0.341014536,0.233369322,16.380977
HANA,2024-06-12 00:00:00,42.02512741,45.75,45.75,43.25,43.25,30250400,41.04363696,40.63831815,9443030,77.27489853,0.915249055,0.45586144,0.459387615,17.98349374
HANA,2024-06-13 00:00:00,41.79548264,45.5,46.5,45.25,46.5,17902100,41.46805249,40.82897234,9642385,75.22960309,1.151935474,0.595076247,0.556859227,19.74058633
HANA,2024-06-14 00:00:00,41.79548264,45.5,46.25,45.25,45.5,8650300,41.85204749,41.01214989,8506005,75.22960309,1.324246082,0.740910214,0.583335868,21.37217231
HANA,2024-06-17 00:00:00,41.56583786,45.25,45.75,44.25,45.25,10260400,42.17566201,41.17834009,9019025,72.98910282,1.424213127,0.877570796,0.546642331,22.00196633
HANA,2024-06-18 00:00:00,42.48442078,46.25,46.5,45.5,46,12079000,42.5636942,41.37722872,8426030,76.06037463,1.566076617,1.01527196,0.550804656,22.91388941
HANA,2024-06-19 00:00:00,42.48442078,46.25,46.25,46.25,46.25,0,42.91477095,41.56831779,8426030,76.06037463,1.659376198,1.144092808,0.51528339,23.76067513
HANA,2024-06-20 00:00:00,44.0919342,48,48.5,47.5,48.25,11256300,43.39907848,41.82054062,8988845,80.54912793,1.853165031,1.285907252,0.567257778,25.41281858
HANA,2024-06-21 00:00:00,43.86228943,47.75,48.25,47,47.25,8503600,43.81345195,42.05306844,8917700,78.2907052,1.963932178,1.421512238,0.542419941,26.50021285
HANA,2024-06-24 00:00:00,43.86228943,47.75,47.75,47.75,47.75,0,44.18836129,42.27647752,8917700,78.2907052,2.028334563,1.542876703,0.48545786,27.5099361
HANA,2024-06-25 00:00:00,43.86228943,47.75,47.75,47.75,47.75,0,44.52756498,42.49112546,8917700,78.2907052,2.055677347,1.645436832,0.410240516,28.44753626
HANA,2024-06-26 00:00:00,43.86228943,47.75,47.75,47.75,47.75,0,44.83446355,42.69735583,8715465,78.2907052,2.053673234,1.727084112,0.326589122,29.31816497
HANA,2024-06-27 00:00:00,42.48442078,46.25,46.75,45.75,45.75,5511800,44.96927655,42.83667521,8618235,63.84438913,1.909041257,1.763475541,0.145565716,28.25430417
HANA,2024-06-28 00:00:00,42.71406174,46.5,46.75,46,46.75,4983300,45.11505973,42.98033501,8867400,65.00344827,1.79391317,1.769563067,0.024350103,27.26643343
HANA,2024-07-01 00:00:00,42.71406174,46.5,47,45,46.25,10552700,45.24695881,43.11836109,9395035,65.00344827,1.683269646,1.752304383,-0.069034737,25.55193079
HANA,2024-07-02 00:00:00,41.10654449,44.75,47,44.5,47,13043100,45.1996294,43.18234693,9642315,51.57964333,1.437799425,1.689403391,-0.251603966,23.86175177
HANA,2024-07-03 00:00:00,42.48442078,46.25,46.75,44.5,44.75,9159000,45.29966469,43.30264705,10100265,59.33194303,1.348752393,1.621273192,-0.272520799,22.29229983
HANA,2024-07-04 00:00:00,44.0919342,48,48.25,46.75,46.75,12194100,45.55683948,43.48685697,9185165,66.14258226,1.403216941,1.577661941,-0.174445001,21.64165864
HANA,2024-07-05 00:00:00,44.55122757,48.5,49,47.75,48.25,10771300,45.83714048,43.68345081,9723730,67.8017248,1.469783559,1.556086265,-0.086302706,21.49500939
HANA,2024-07-08 00:00:00,44.55122757,48.5,48.75,47.75,48.75,4631600,46.09074615,43.87233509,9496465,67.8017248,1.505187222,1.545906456,-0.040719234,21.35883508
HANA,2024-07-09 00:00:00,44.55122757,48.5,48.5,48.5,48.5,0,46.3201989,44.05381215,8487450,67.8017248,1.515772004,1.539879566,-0.024107562,21.23238751
HANA,2024-07-10 00:00:00,44.0919342,48,48.75,47.75,48.25,4108800,46.48017996,44.20856461,7180370,63.89128555,1.46690513,1.525284679,-0.058379549,20.39425158
HANA,2024-07-11 00:00:00,44.78087234,48.75,49.75,48.5,48.75,10606000,46.69635329,44.38666012,6815565,66.96870273,1.471731309,1.514574005,-0.042842696,20.31452382
HANA,2024-07-12 00:00:00,44.78087234,48.75,48.75,48.75,48.75,0,46.89193869,44.55777149,6383050,66.96870273,1.458740637,1.503407331,-0.044666694,20.2404909
HANA,2024-07-15 00:00:00,44.78087234,48.75,48.75,48.75,48.75,0,47.06889691,44.7221726,5870030,66.96870273,1.431938935,1.489113652,-0.057174717,20.17174604
HANA,2024-07-16 00:00:00,44.55122757,48.5,49.25,48.25,49,7519900,47.20519245,44.8703227,5642075,64.67394676,1.374679039,1.466226729,-0.091547691,20.10791153
HANA,2024-07-17 00:00:00,44.55122757,48.5,48.5,48.5,48.5,0,47.32850745,45.01266298,5642075,64.67394676,1.314151438,1.435811671,-0.121660233,20.04863663
HANA,2024-07-18 00:00:00,41.56583786,45.25,46,44.75,45.75,13084700,47.13055436,45.02197032,5733495,42.64326992,0.992494185,1.347148174,-0.354653989,20.39082794
HANA,2024-07-19 00:00:00,43.1733551,47,47.75,45.25,45.25,11802500,47.11812061,45.09954011,5898440,52.10422629,0.868774181,1.251473375,-0.382699194,19.31085136
HANA,2024-07-23 00:00:00,42.02512741,45.75,47.75,45.5,47.75,7768700,46.98782341,45.12504834,6286875,46.23743022,0.662226894,1.133624079,-0.471397185,18.30801597
HANA,2024-07-24 00:00:00,42.71406174,46.5,47,45.5,45.75,6489800,46.94136404,45.17896801,6611365,49.88365443,0.552684411,1.017436145,-0.464751735,17.37681168
HANA,2024-07-25 00:00:00,41.56583786,45.25,45.75,44.25,45,13718300,46.78028175,45.18175358,7297280,44.47029577,0.360847031,0.886118322,-0.525271292,17.34223218
HANA,2024-07-26 00:00:00,42.25477219,46,46,44.75,45.25,4983200,46.7059692,45.21384168,7270850,48.10891981,0.266263932,0.762147444,-0.495883513,17.09517691
HANA,2024-07-30 00:00:00,42.25477219,46,46,46,46,0,46.63873404,45.24467141,7021685,48.10891981,0.189126017,0.647543159,-0.458417142,16.86576844
HANA,2024-07-31 00:00:00,42.71406174,46.5,47,46,47,5870200,46.62552127,45.29389999,6787560,50.61110386,0.166421087,0.551318745,-0.384897657,15.78491347
HANA,2024-08-01 00:00:00,42.71406174,46.5,47.5,46.25,47,7539700,46.61356687,45.34119803,6512390,50.61110386,0.146735788,0.470402153,-0.323666366,14.92834063
HANA,2024-08-02 00:00:00,42.71406174,46.5,46.5,46.5,46.5,0,46.60275097,45.38664124,6054440,50.61110386,0.129640629,0.402249848,-0.272609219,14.13295156
HANA,2024-08-05 00:00:00,38.12115479,41.5,43.75,41,43.5,13854500,46.11677469,45.23422394,6137460,31.58741658,-0.284090798,0.264981719,-0.549072517,15.88735383
HANA,2024-08-06 00:00:00,37.20257187,40.5,43,40.25,42.75,9957200,45.58184377,45.0485681,6096755,29.22166809,-0.68477393,0.075030589,-0.759804519,17.76475196
HANA,2024-08-07 00:00:00,38.35079956,41.75,42.25,41.25,41.5,5610900,45.21690627,44.91921248,6145720,35.70402509,-0.89118067,-0.118211663,-0.772969007,19.50805023
HANA,2024-08-08 00:00:00,38.35079956,41.75,41.75,41.75,41.75,0,44.88672472,44.79492964,6145720,35.70402509,-1.042739447,-0.303117219,-0.739622227,21.12682719
HANA,2024-08-09 00:00:00,37.20257187,40.5,42.75,40,42.5,10952000,44.46894141,44.62650103,6487880,32.27573096,-1.249314107,-0.492356597,-0.75695751,23.21578075
HANA,2024-08-13 00:00:00,37.66186142,41,41.5,40.25,40.5,4507800,44.13856604,44.4842853,6182970,34.96570452,-1.357037114,-0.6652927,-0.691744413,25.15552334
HANA,2024-08-14 00:00:00,37.66186142,41,42.25,40.5,41.75,14800500,43.83965499,44.34764666,6922995,34.96570452,-1.42597067,-0.817428294,-0.608542376,26.24944608
HANA,2024-08-15 00:00:00,35.59505081,38.75,40.5,38.5,40,13398700,43.35492594,44.12813111,7592930,28.96205948,-1.643215244,-0.982585684,-0.66062956,27.94144302
HANA,2024-08-16 00:00:00,36.28398895,39.5,39.75,39,39.25,6121200,42.98779014,43.94663577,7522995,33.08636452,-1.734865947,-1.133041737,-0.60182421,29.51258304
HANA,2024-08-19 00:00:00,37.43221664,40.75,40.75,39.25,39.5,4473200,42.77466727,43.8212775,7746655,39.40114513,-1.687186401,-1.24387067,-0.443315732,30.06724607
HANA,2024-08-20 00:00:00,37.8915062,41.25,41.75,41,41.25,9556200,42.62946086,43.72044309,7570230,41.76841057,-1.590717397,-1.313240015,-0.277477382,29.76501316
HANA,2024-08-21 00:00:00,37.43221664,40.75,41.75,40.75,41,4954100,42.45046459,43.60395513,7227810,40.08217404,-1.536894474,-1.357970907,-0.178923567,29.6006333
HANA,2024-08-22 00:00:00,37.43221664,40.75,40.75,40.75,40.75,0,42.28851558,43.49203532,6839375,40.08217404,-1.477211051,-1.381818936,-0.095392115,29.44799486
HANA,2024-08-23 00:00:00,35.36540604,38.5,38.75,38,38.75,15745900,41.92770457,43.29626923,7302180,33.10677173,-1.593103399,-1.424075828,-0.169027571,30.43961404
HANA,2024-08-26 00:00:00,35.36540604,38.5,38.75,38,38,8111600,41.60125652,43.10818024,7021845,33.10677173,-1.665747223,-1.472410107,-0.193337116,31.36040327
HANA,2024-08-27 00:00:00,36.05434418,39.25,39.5,38,38.5,14130000,41.37732733,42.95687905,7479185,37.32345656,-1.643849966,-1.506698079,-0.137151887,31.55291085
HANA,2024-08-28 00:00:00,36.7432785,40,40.5,39.25,39.5,17766400,41.24615329,42.84092301,8367505,41.30777672,-1.548131603,-1.514984784,-0.033146819,30.9175749
HANA,2024-08-29 00:00:00,35.59505081,38.75,39.75,38.5,39.5,7239500,41.00842441,42.68049466,8435970,37.07728762,-1.555211157,-1.523030058,-0.032181099,30.68260194
HANA,2024-08-30 00:00:00,35.8246994,39,39.75,38.75,39,8336800,40.81714589,42.53616153,8475825,38.43530452,-1.523091593,-1.523042365,-4.92274E-05,30.46441276
HANA,2024-09-02 00:00:00,35.8246994,39,39,39,39,0,40.64408438,42.39748853,8475825,38.43530452,-1.480569523,-1.514547797,0.033978274,30.26180852
HANA,2024-09-03 00:00:00,35.8246994,39,39,39,39,0,40.48750492,42.26425369,7783100,38.43530452,-1.430381923,-1.497714622,0.067332699,30.07367602
HANA,2024-09-04 00:00:00,35.8246994,39,39,39,39,0,40.34583778,42.13624374,7285240,38.43530452,-1.374760506,-1.473123799,0.098363293,29.89898155
HANA,2024-09-05 00:00:00,36.28398895,39.5,39.5,39,39.5,7665100,40.2652818,42.03286163,7387950,41.81352886,-1.275629646,-1.433624968,0.157995322,29.20413686
HANA,2024-09-06 00:00:00,34.90611649,38,39.5,38,39.25,17381700,40.04954068,41.8747102,8257035,35.5170275,-1.303084048,-1.407516784,0.104432737,29.19627113
HANA,2024-09-09 00:00:00,34.90611649,38,38,38,38,0,39.85434633,41.72276078,7709435,35.5170275,-1.309743946,-1.387962216,0.078218271,29.18896723
HANA,2024-09-10 00:00:00,36.05434418,39.25,39.75,39,39.25,13968900,39.79678953,41.62578977,8182490,43.7093471,-1.200320858,-1.350433945,0.150113087,27.4771398
HANA,2024-09-11 00:00:00,35.36540604,38.5,39.5,38.5,39.25,9061600,39.67328577,41.50320978,7895545,40.39339585,-1.160740708,-1.312495297,0.151754589,26.25201714
HANA,2024-09-12 00:00:00,35.59505081,38.75,39.5,38.75,39,9951100,39.58535379,41.39524076,7723165,41.97363428,-1.096559785,-1.269308195,0.17274841,25.11440324
HANA,2024-09-13 00:00:00,35.36540604,38.5,39,38.5,39,4107000,39.48198676,41.28170191,7622455,40.80853241,-1.053722198,-1.226190996,0.172468797,24.25194555
HANA,2024-09-16 00:00:00,35.36540604,38.5,38.5,38.5,38.5,0,39.38846421,41.17261556,7398795,40.80853241,-1.008151756,-1.182583148,0.174431392,23.45109198
HANA,2024-09-17 00:00:00,36.28398895,39.5,39.5,38,38.25,13110600,39.39908667,41.10702279,7576515,47.5611181,-0.88118743,-1.122304004,0.241116575,21.83883849
HANA,2024-09-18 00:00:00,36.28398895,39.5,39.5,39.5,39.5,0,39.40869746,41.04400229,7328810,47.5611181,-0.771671932,-1.05217759,0.280505657,20.34174597
HANA,2024-09-19 00:00:00,36.28398895,39.5,39.5,39.5,39.5,0,39.41739294,40.98345318,7328810,47.5611181,-0.67707521,-0.977157114,0.300081904,18.95158862
HANA,2024-09-20 00:00:00,37.8915062,41.25,42,41.25,41.75,9973100,39.59192695,40.993906,7040170,58.02694747,-0.455643873,-0.872854466,0.417210593,19.6269465
HANA,2024-09-23 00:00:00,37.43221664,40.75,41.25,40.5,41.25,9639200,39.70221962,40.98434106,7116550,54.66969853,-0.316851299,-0.761653832,0.444802533,19.49889283
HANA,2024-09-24 00:00:00,39.26937866,42.75,42.75,40.5,40.75,22865400,39.99248442,41.05358259,7553320,63.71337589,-0.044955679,-0.618314202,0.573358523,20.26400792
HANA,2024-09-25 00:00:00,38.81008911,42.25,43.5,42,43.25,13917300,40.2074859,41.10050092,7360865,60.46557546,0.128694231,-0.468912515,0.597606746,21.3484519
HANA,2024-09-26 00:00:00,38.12115479,41.5,42.5,41,42.5,12384500,40.33058248,41.11616755,7618115,55.86536891,0.20344907,-0.334440198,0.537889268,21.41459229
HANA,2024-09-27 00:00:00,38.12115479,41.5,41.5,41.5,41.5,0,40.44195558,41.1312198,7201275,55.86536891,0.259699168,-0.215612325,0.475311493,21.47600837
HANA,2024-09-30 00:00:00,37.43221664,40.75,41.25,40.25,41,7758900,40.47129314,41.11627,7589220,51.33578111,0.240981163,-0.124293627,0.36527479,20.45387393
HANA,2024-10-01 00:00:00,40.18795776,43.75,44,41,41,30799200,40.78355094,41.21955353,9129180,63.93291466,0.462886074,-0.006857687,0.469743761,21.00634549
HANA,2024-10-02 00:00:00,38.81008911,42.25,43.5,41.75,43.25,27073900,40.92321275,41.2599632,10482875,56.11176504,0.511810024,0.096875855,0.414934169,21.51935479
HANA,2024-10-03 00:00:00,37.66186142,41,42.25,41,42.25,16116300,40.93052583,41.24976856,10905435,50.5608579,0.444593061,0.166419296,0.278173765,21.38372218
HANA,2024-10-04 00:00:00,37.66186142,41,41,41,41,0,40.93714241,41.23997372,10036350,50.5608579,0.386863611,0.210508159,0.176355452,21.25777761
HANA,2024-10-07 00:00:00,38.12115479,41.5,42.5,41.5,42.25,10208200,40.9907479,41.25017083,10546760,52.73017664,0.377111323,0.243828792,0.133282531,21.91146805
HANA,2024-10-08 00:00:00,38.12115479,41.5,42,41,41.25,13206000,41.0392481,41.25996805,10508615,52.73017664,0.365173076,0.268097649,0.097075427,22.09027204
HANA,2024-10-09 00:00:00,37.8915062,41.25,42.5,41,41.75,11186500,41.05931971,41.25957714,10614860,51.42178147,0.331715212,0.280821162,0.050894051,22.5109694
HANA,2024-10-10 00:00:00,38.35079956,41.75,42.25,41.25,41.25,13118700,41.12509878,41.27880941,10773240,53.88625835,0.341607596,0.292978448,0.048629148,22.90161695
HANA,2024-10-11 00:00:00,37.66186142,41,42,40.75,41.5,12468500,41.11318461,41.26787571,11191315,49.80467025,0.285636015,0.291509962,-0.005873947,22.79021447
HANA,2024-10-15 00:00:00,37.66186142,41,41.75,41,41.25,9107500,41.10240513,41.25737078,11646690,49.80467025,0.238528526,0.280913675,-0.042385149,22.68676932
HANA,2024-10-16 00:00:00,37.66186142,41,41,41,41,0,41.09265226,41.24727781,10991160,49.80467025,0.198902675,0.264511475,-0.0656088,22.59071311
HANA,2024-10-17 00:00:00,35.13576508,38.25,40,38.25,39.75,20531200,40.82192347,41.1297375,12017720,36.97786591,-0.053783137,0.200852552,-0.254635689,21.72955665
HANA,2024-10-18 00:00:00,35.13576508,38.25,39.25,38,38.25,13982700,40.57697838,41.01680662,12716855,36.97786591,-0.251143437,0.110453354,-0.361596792,21.0901439
HANA,2024-10-21 00:00:00,35.8246994,39,39,38.25,38.25,5303200,40.42678996,40.93771617,12483360,41.72497089,-0.34307936,0.019746812,-0.362826172,20.49640349
HANA,2024-10-22 00:00:00,35.8246994,39,39,39,39,0,40.2909052,40.8617273,12001400,41.72497089,-0.411199193,-0.066442389,-0.344756804,19.94507311
HANA,2024-10-24 00:00:00,35.13576508,38.25,39,38.25,38.5,4664800,40.09653328,40.75930662,11091370,38.3727827,-0.519712462,-0.157096404,-0.362616058,19.96818049
HANA,2024-10-25 00:00:00,35.36540604,38.5,38.5,38.25,38.5,3513300,39.94448249,40.67070636,10571170,40.10029235,-0.578864311,-0.241449985,-0.337414325,19.98963733
HANA,2024-10-28 00:00:00,34.67647171,37.75,38.5,37.75,38.5,6144400,39.73548416,40.55616885,10259165,36.77024517,-0.678440668,-0.328848122,-0.349592546,20.36417869
HANA,2024-10-29 00:00:00,34.67647171,37.75,37.75,37.75,37.75,0,39.54639043,40.44612302,10259165,36.77024517,-0.748724814,-0.41282346,-0.335901354,20.71196709
HANA,2024-10-30 00:00:00,33.75788879,36.75,37.5,36.5,36.5,5932300,39.28006753,40.30117702,10167835,32.58578756,-0.875030344,-0.505264837,-0.369765507,21.85162457
HANA,2024-10-31 00:00:00,35.13576508,38.25,38.75,36.5,36.5,11993600,39.18196586,40.2207387,9227555,43.05418907,-0.844357693,-0.573083408,-0.271274285,21.52950142
HANA,2024-11-01 00:00:00,34.67647171,37.75,38.25,37.25,38,5699800,39.04558816,40.12384699,8158850,40.78092738,-0.850590143,-0.628584755,-0.222005388,21.23038707
HANA,2024-11-04 00:00:00,34.44682693,37.5,38.25,37.5,38,3378800,38.89838929,40.02095103,7521975,39.65354631,-0.865722802,-0.676012365,-0.189710438,20.95263803
HANA,2024-11-05 00:00:00,35.36540604,38.5,39,37.75,37.75,7027600,38.86044745,39.96130589,7873355,46.07519972,-0.787941008,-0.698398093,-0.089542914,19.89166452
HANA,2024-11-06 00:00:00,36.28398895,39.5,40.5,39,39,36845600,38.92135722,39.94321546,9205225,51.61953895,-0.638249391,-0.686368353,0.048118962,19.33160132
HANA,2024-11-07 00:00:00,35.36540604,38.5,39.75,38,39.75,13687900,38.88122796,39.88661878,9229320,46.47373208,-0.593468216,-0.667788325,0.074320109,17.96545412
HANA,2024-11-08 00:00:00,34.44682693,37.5,38.5,37.25,38.5,11551200,38.74968244,39.79302588,9247555,41.96821591,-0.631392159,-0.660509092,0.029116933,17.27552057
HANA,2024-11-11 00:00:00,33.98753738,37,37.5,36.25,37.5,5490800,38.58304602,39.68349546,8866160,39.8860619,-0.693795338,-0.667166341,-0.026628997,17.31858516
HANA,2024-11-12 00:00:00,32.38001633,35.25,37,35,37,8776400,38.26561306,39.50963289,8681555,33.60236883,-0.874381358,-0.708609345,-0.165772013,18.08131646
HANA,2024-11-13 00:00:00,32.15037155,35,36.25,33.75,34.75,16986700,37.95460229,39.33278454,9075515,32.8072174,-1.025844691,-0.772056414,-0.253788277,19.39205943
HANA,2024-11-14 00:00:00,27.78710556,30.25,32.75,30.25,32.5,49791700,37.22083065,38.97659691,11565100,22.1044191,-1.511739386,-0.919993008,-0.591746377,21.79442285
HANA,2024-11-15 00:00:00,27.78710556,30.25,31.25,29.25,30.5,16775200,36.55694201,38.63437743,11377300,22.1044191,-1.875198313,-1.111034069,-0.764164244,24.27464729
HANA,2024-11-18 00:00:00,28.47604179,31,31,29.75,30.25,7063200,36.02770944,38.33499008,11031325,26.49557112,-2.07876074,-1.304579403,-0.774181336,26.57771284
HANA,2024-11-19 00:00:00,27.3278141,29.75,31.5,29.75,31,15868600,35.42983235,37.9983238,11559595,24.06104942,-2.31427249,-1.506518021,-0.807754469,28.25420757
HANA,2024-11-20 00:00:00,26.86852264,29.25,29.75,28.5,29.5,22368000,34.84127689,37.65525228,12677995,23.14495268,-2.512302808,-1.707674978,-0.804627829,30.16821886
HANA,2024-11-21 00:00:00,25.49065018,27.75,29.5,27.75,29.25,18015600,34.16591719,37.26681101,13345535,20.6097877,-2.758482654,-1.917836513,-0.840646141,32.1406249
HANA,2024-11-22 00:00:00,25.49065018,27.75,28.5,27.5,28,10176600,33.55487745,36.89360274,13678700,20.6097877,-2.919922902,-2.118253791,-0.801669111,34.03652362
HANA,2024-11-25 00:00:00,25.49065018,27.75,28.5,27.5,28.5,8394800,33.00203198,36.53503008,13791220,20.6097877,-3.013131952,-2.297229423,-0.715902529,35.797001
HANA,2024-11-26 00:00:00,26.17958641,28.5,29.5,27.75,28,15863800,32.57326703,36.21993086,14584410,25.69262167,-2.99199224,-2.436181987,-0.555810253,36.41033902
HANA,2024-11-27 00:00:00,25.72029686,28,28.75,28,28.5,6940200,32.13771779,35.89758063,14634805,24.56354501,-2.98121905,-2.545189399,-0.43602965,36.97986718
HANA,2024-11-28 00:00:00,25.72029686,27.75,28,27.5,27.75,2745000,31.71983991,35.57806767,14172375,23.9957341,-2.95874753,-2.627901025,-0.330846504,37.70599393
HANA,2024-11-29 00:00:00,25.25686836,27.25,28.5,26.75,27.75,10230000,31.29414087,35.25147678,14398885,22.85768845,-2.947309757,-2.691782772,-0.255526985,38.66061953
HANA,2024-12-02 00:00:00,25.48858261,27.5,27.75,26.75,27.5,6630400,30.93279412,34.94749729,14561465,24.77866199,-2.884817944,-2.730389806,-0.154428138,39.54705758
HANA,2024-12-03 00:00:00,24.56172562,26.5,27.5,26,27.5,15505700,30.51062325,34.61622289,14985370,22.3781814,-2.882753783,-2.760862601,-0.121891182,40.64731931
HANA,2024-12-04 00:00:00,25.02515411,27,27.25,26.5,26.5,7634700,30.17627818,34.31754748,13524825,26.22653708,-2.808398628,-2.770369807,-0.038028821,41.66899091
HANA,2024-12-06 00:00:00,25.02515411,27,27,26.25,26.75,5120700,29.87377549,34.03058484,13096465,26.22653708,-2.718138622,-2.75992357,0.041784948,42.71339528
HANA,2024-12-09 00:00:00,24.33001137,26.25,27,26,27,4835500,29.52865402,33.72546386,12760680,24.14413907,-2.676275215,-2.743193899,0.066918684,43.78010124
HANA,2024-12-11 00:00:00,24.09829712,26,27,26,26.25,6355500,29.19259173,33.4225045,12803915,23.4750368,-2.632920405,-2.7211392,0.088218795,44.77061392
HANA,2024-12-12 00:00:00,23.63486671,25.5,27,25.25,26.25,11561100,28.84091633,33.11181805,12943150,22.15275736,-2.608834211,-2.698678202,0.089843991,45.98522139
HANA,2024-12-13 00:00:00,23.86658096,25.75,26,25.25,25.25,4917400,28.54654334,32.8231193,12339685,24.44435604,-2.540289937,-2.667000549,0.126710612,47.11307118
HANA,2024-12-16 00:00:00,23.17143822,25,25.75,25,25.75,3720400,28.20877731,32.51633031,10036120,22.32148171,-2.517467045,-2.637093849,0.119626803,48.25949938
HANA,2024-12-17 00:00:00,21.96652412,23.70000076,25.75,23.70000076,25.25,19755000,27.77937002,32.17059189,10185110,19.20770368,-2.574600422,-2.624595163,0.049994742,49.76865389
HANA,2024-12-18 00:00:00,21.41040802,23.10000038,24.10000038,23,23.89999962,20856700,27.33371577,31.81488242,10874785,17.9622744,-2.637886141,-2.627253359,-0.010632782,51.36514843
HANA,2024-12-19 00:00:00,22.52263832,24.29999924,25.25,23,23,48889300,27.04479039,31.52018112,12525820,28.01532075,-2.561681185,-2.614138924,0.052457739,51.17116195
HANA,2024-12-20 00:00:00,22.24458122,24,24.89999962,24,24.29999924,28026300,26.75481035,31.22527206,12808735,27.12056039,-2.496715062,-2.590654151,0.09393909,50.99103164
HANA,2024-12-23 00:00:00,23.40315247,25.25,25.5,24.10000038,24.20000076,13774200,26.61149508,30.99094766,12596665,36.25591799,-2.317647985,-2.536052918,0.218404933,50.01446099
HANA,2024-12-24 00:00:00,23.63486671,25.5,25.75,25,25.5,6424000,26.5056384,30.77561638,12409035,37.93165317,-2.130998304,-2.455041995,0.324043692,48.78326935
HANA,2024-12-25 00:00:00,24.09829712,26,26,25.25,25.5,5151700,26.45748237,30.58833731,12246880,41.25772015,-1.920591878,-2.348151972,0.427560094,47.31386062
HANA,2024-12-26 00:00:00,23.63486671,25.5,26.25,25.25,26.25,6059500,26.36629357,30.38879467,11756665,39.00667391,-1.773742491,-2.233270076,0.459527585,45.62235325
HANA,2024-12-27 00:00:00,23.40315247,25.25,25.75,25,25.25,5992500,26.2599799,30.18727331,11709280,37.8934114,-1.658418983,-2.118299857,0.459880874,44.25368933
HANA,2024-12-30 00:00:00,22.89338303,24.70000076,25.5,24.70000076,25.25,8260000,26.11141045,29.97208615,11985030,35.49340143,-1.593041029,-2.013248091,0.420207063,43.22270848
HANA,2025-01-02 00:00:00,22.52263832,24.29999924,24.79999924,24.10000038,24.70000076,8390000,25.9388951,29.74965137,11893030,33.81593078,-1.555573625,-1.921713198,0.366139573,42.71435185
HANA,2025-01-03 00:00:00,22.61532402,24.39999962,25.5,24.29999924,24.39999962,9552300,25.79233363,29.5398611,12039125,34.64749206,-1.500514248,-1.837473408,0.33695916,41.25894863
HANA,2025-01-06 00:00:00,22.89338303,24.70000076,25.25,24.5,24.5,10007200,25.68830192,29.35006266,11764200,37.19683502,-1.416344967,-1.75324772,0.336902753,39.90750279
HANA,2025-01-07 00:00:00,23.40315247,25.25,26,24.89999962,24.89999962,11987000,25.64655888,29.18927589,11981815,41.68789239,-1.290385107,-1.660675197,0.37029009,37.67689625
HANA,2025-01-08 00:00:00,22.98606682,24.79999924,25.5,24.5,25,10531200,25.56593416,29.01714739,12252340,39.21687446,-1.21289086,-1.57111833,0.35822747,35.99872331
HANA,2025-01-09 00:00:00,22.33726883,24.10000038,24.70000076,24.10000038,24.60000038,10514600,25.42632142,28.8243181,12536295,35.67451374,-1.194194241,-1.495733512,0.301539271,34.81400448
HANA,2025-01-10 00:00:00,22.05920982,23.79999924,24.39999962,23.60000038,24.10000038,8154900,25.27143359,28.62728599,12626265,34.24677183,-1.189868557,-1.434560521,0.244691964,34.15035472
HANA,2025-01-13 00:00:00,21.78115273,23.5,23.79999924,23.20000076,23.5,7138500,25.10272563,28.42621595,12405135,32.83173606,-1.196851296,-1.387018676,0.19016738,33.86030529
HANA,2025-01-14 00:00:00,21.03966713,22.70000076,23.89999962,22.60000038,23.89999962,9337000,24.87389469,28.20165849,12626115,29.34918187,-1.252500374,-1.360115016,0.107614641,34.04101964
HANA,2025-01-15 00:00:00,21.31772423,23,23.29999924,22.60000038,22.79999924,7301300,24.69542853,27.99767188,12805160,32.25133316,-1.257895008,-1.339671014,0.081776006,34.20882583
HANA,2025-01-16 00:00:00,21.31772423,23,23.29999924,22.79999924,23.29999924,6431900,24.53395914,27.80168475,12139005,32.25133316,-1.247786587,-1.321294129,0.073507542,34.36464585
HANA,2025-01-17 00:00:00,20.94697952,22.60000038,23.20000076,22.5,22.79999924,8542400,24.3497726,27.59769713,11523290,30.32507901,-1.257555895,-1.308546482,0.050990587,34.75142861
HANA,2025-01-20 00:00:00,21.22503853,22.89999962,23.10000038,22.60000038,22.70000076,5375100,24.21169898,27.41347369,9347580,33.53154584,-1.226947228,-1.292226631,0.065279404,35.11058403
HANA,2025-01-21 00:00:00,22.70800972,24.5,24.70000076,23.10000038,23.20000076,12763900,24.23915622,27.29921982,8584460,47.42763018,-1.061348415,-1.246050988,0.184702573,32.96918159
HANA,2025-01-22 00:00:00,22.24458122,24,24.79999924,23.89999962,24.60000038,9738000,24.21637944,27.16983866,8382650,44.31007634,-0.959396657,-1.188720122,0.229323465,30.85750627
HANA,2025-01-23 00:00:00,22.24458122,24,24.70000076,24,24,8260500,24.19577187,27.04553126,8474475,44.31007634,-0.868586628,-1.124693423,0.256106795,28.89666491
HANA,2025-01-24 00:00:00,22.70800972,24.5,24.60000038,24.10000038,24.10000038,6154400,24.22474598,26.9457065,8524610,48.25484548,-0.747654706,-1.049285679,0.301630973,27.07588364
HANA,2025-01-27 00:00:00,21.87383842,23.60000038,24.5,23.39999962,24.20000076,7483800,24.1652464,26.81450234,8595825,42.42893149,-0.716182034,-0.98266495,0.266482916,26.25086476
HANA,2025-01-28 00:00:00,22.15189362,23.89999962,24.10000038,23,23,7848000,24.1399848,26.70020812,8688600,44.82039751,-0.659430776,-0.918018115,0.25858734,25.917278
HANA,2025-01-29 00:00:00,21.96652412,23.70000076,24.29999924,23.5,24.10000038,7306200,24.09808156,26.58255293,8640910,43.52242628,-0.623406983,-0.859095889,0.235688906,25.28479307
HANA,2025-01-30 00:00:00,21.78115273,23.5,24.20000076,23.39999962,23.70000076,5943900,24.04112141,26.4616685,8518605,42.2061298,-0.604033338,-0.808083379,0.204050041,24.81370392
HANA,2025-01-31 00:00:00,21.87383842,23.60000038,23.70000076,23.10000038,23.60000038,6673800,23.99910988,26.34944622,8374680,43.13223741,-0.573993747,-0.761265452,0.187271706,24.72242996
HANA,2025-02-03 00:00:00,20.85429573,22.5,22.89999962,22.20000076,22.79999924,9661700,23.85633751,26.19848754,8357405,36.25088036,-0.631666534,-0.735345669,0.103679135,25.51957948
HANA,2025-02-04 00:00:00,20.11281013,21.70000076,23.20000076,21.60000038,22.60000038,12138700,23.65097211,26.0220763,8364990,32.22429467,-0.733470889,-0.734970713,0.001499823,26.73556072
HANA,2025-02-05 00:00:00,19.55669403,21.10000038,22.20000076,21,21.5,13573100,23.40802242,25.82905371,8517085,29.57130524,-0.852736772,-0.758523925,-0.094212848,28.27762969
HANA,2025-02-06 00:00:00,19.37132454,20.89999962,21.39999962,20.79999924,21.39999962,7511200,23.16916311,25.63575747,8366915,28.72244097,-0.952415382,-0.797302216,-0.155113166,29.8382245
HANA,2025-02-07 00:00:00,19.83475304,21.39999962,21.39999962,20.60000038,20.89999962,7527900,23.00067135,25.46964932,8335565,33.83588277,-0.979771383,-0.83379605,-0.145975333,31.41624875
HANA,2025-02-10 00:00:00,19.27863693,20.79999924,21.29999924,20.5,20.89999962,8485900,22.79108353,25.28652579,8402935,30.9651069,-1.037901939,-0.874617228,-0.163284712,32.94717569
HANA,2025-02-11 00:00:00,20.20549393,21.79999924,21.89999962,20.89999962,20.89999962,7702900,22.69669455,25.14979926,8321230,40.08865931,-0.991845801,-0.898062942,-0.093782858,33.16873092
HANA,2025-02-13 00:00:00,20.57623863,22.20000076,22.39999962,21.60000038,21.70000076,6732100,22.64939038,25.03412088,8292770,43.31569995,-0.912549891,-0.900960332,-0.011589559,32.50195602
HANA,2025-02-14 00:00:00,20.48355293,22.10000038,22.70000076,21.70000076,22.39999962,8703800,22.59706752,24.91905734,8406365,42.69652607,-0.848001276,-0.890368521,0.042367245,31.39778975
HANA,2025-02-17 00:00:00,20.39086533,22,22,20.79999924,21.29999924,9910600,22.54020395,24.8045845,8474775,42.04921965,-0.795742406,-0.871443298,0.075700892,31.26423587
HANA,2025-02-18 00:00:00,20.29817963,21.89999962,22.5,21.89999962,22.5,6485400,22.47923211,24.69067921,8530290,41.3737177,-0.753707795,-0.847896197,0.094188402,30.37599274
HANA,2025-02-19 00:00:00,20.48355293,22.10000038,23,21.89999962,22,8889200,22.4431148,24.58908396,8336555,43.33438083,-0.696230956,-0.817563149,0.121332193,28.8578399
HANA,2025-02-20 00:00:00,20.02012444,21.60000038,22.29999924,21.39999962,22,9358000,22.36281819,24.471865,8317555,39.75486758,-0.683151029,-0.790680725,0.107529696,27.97300707
HANA,2025-02-21 00:00:00,19.46400833,21,21.79999924,21,21.70000076,7524600,22.23302598,24.33571343,8280760,35.92045043,-0.712981304,-0.775140841,0.062159537,27.53994701
HANA,2025-02-24 00:00:00,19.83475304,21.39999962,21.39999962,20.89999962,21,5039600,22.15369013,24.2205874,8225020,40.07040305,-0.696318657,-0.759376404,0.063057747,27.23393687
HANA,2025-02-25 00:00:00,19.55669403,21.10000038,21.5,20.60000038,20.89999962,9508500,22.05333873,24.09821144,8326255,38.07858464,-0.699260185,-0.74735316,0.048092975,27.23886969
HANA,2025-02-26 00:00:00,19.74206352,21.29999924,21.39999962,20.39999962,21.10000038,10119200,21.98159211,23.98847762,8439815,40.21226887,-0.677641699,-0.733410868,0.055769169,27.4328821
HANA,2025-02-27 00:00:00,18.62983894,20.10000038,21.79999924,20.10000038,21.10000038,10466800,21.8023929,23.83598832,8597845,32.88937282,-0.74870813,-0.73647032,-0.01223781,26.93680932
HANA,2025-02-28 00:00:00,14.92240715,16.10000038,16.79999924,15.89999962,16,47968700,21.2593079,23.53261624,10699085,19.88818042,-1.114942991,-0.812164855,-0.302778137,29.04147588
HANA,2025-03-03 00:00:00,15.01509285,16.20000076,16.89999962,16,16.5,20813500,20.77746912,23.2450627,11406070,20.73181208,-1.381195995,-0.925971083,-0.455224912,30.86790504
HANA,2025-03-04 00:00:00,14.7370348,15.89999962,16.39999962,15.69999981,16,17204600,20.31294822,22.95702101,11783215,20.0496782,-1.597990365,-1.060374939,-0.537615426,32.67951762
HANA,2025-03-05 00:00:00,15.29314899,16.5,16.79999924,15.89999962,16.10000038,19733700,19.94981029,22.7038045,12162965,25.34058645,-1.701769509,-1.188653853,-0.513115656,33.81801876
HANA,2025-03-06 00:00:00,15.01509285,16.20000076,17,16.20000076,16.70000076,22955600,19.59268557,22.44875337,12632090,24.4686723,-1.787616134,-1.308446309,-0.479169825,34.60381407
HANA,2025-03-07 00:00:00,15.6638937,16.89999962,17.10000038,16.20000076,16.29999924,19044900,19.33623929,22.23115518,13208775,30.4794686,-1.778662827,-1.402489613,-0.376173214,35.19302042
HANA,2025-03-10 00:00:00,15.57120705,16.79999924,17.20000076,16.5,16.79999924,11496800,19.09469262,22.01816868,13407220,30.11081674,-1.759355705,-1.473862831,-0.285492873,35.59307968
HANA,2025-03-11 00:00:00,16.40538025,17.70000076,17.79999924,16.5,16.60000038,16342500,18.96186483,21.84882876,13800050,37.44417761,-1.652384411,-1.509567147,-0.142817263,35.10781046
HANA,2025-03-12 00:00:00,15.75657845,17,17.89999962,16.70000076,17.70000076,13654700,18.77502056,21.65867861,14097640,34.41912541,-1.605584917,-1.528770701,-0.076814216,34.51864552
HANA,2025-03-13 00:00:00,15.75657845,16.5,17.20000076,16.5,16.79999924,9310100,18.55835193,21.45637749,14226540,32.40530445,-1.590507423,-1.541118046,-0.049389378,34.13570813
HANA,2025-03-14 00:00:00,16.52053261,17.29999924,17.29999924,16.5,16.70000076,10416600,18.43850882,21.29338226,14312180,38.59577332,-1.496751528,-1.532244742,0.035493214,33.62664464
HANA,2025-03-17 00:00:00,16.04306221,16.79999924,17.39999962,16.70000076,17.39999962,6984200,18.28246029,21.11717116,14165860,36.35479457,-1.446125098,-1.515020813,0.068895716,32.99426548
HANA,2025-03-18 00:00:00,15.85207367,16.60000038,17.10000038,16.39999962,17,8019400,18.12222601,20.94002721,14242560,35.46769346,-1.405934782,-1.493203607,0.087268825,32.69616935
HANA,2025-03-19 00:00:00,16.13855743,16.89999962,17.20000076,16.60000038,16.60000038,7414100,18.0058235,20.78159476,14168805,37.9149299,-1.33449303,-1.461461492,0.126968461,32.24500956
HANA,2025-03-20 00:00:00,16.04306221,16.79999924,17.29999924,16.79999924,16.89999962,7267200,17.89098309,20.62545376,14064265,37.40571292,-1.271289489,-1.423427091,0.152137602,31.64555241
HANA,2025-03-21 00:00:00,16.04306221,16.79999924,17.10000038,16.70000076,17,5436800,17.78707987,20.47543593,13959875,37.40571292,-1.207283415,-1.380198356,0.172914941,31.20358118
HANA,2025-03-24 00:00:00,16.04306221,16.79999924,17,16.60000038,17,4437700,17.69307219,20.33130116,13929780,37.40571292,-1.143377991,-1.332834283,0.189456292,30.91138266
HANA,2025-03-25 00:00:00,15.94756794,16.70000076,17.10000038,16.60000038,16.89999962,5219300,17.59849396,20.18889722,13715320,36.78861817,-1.088256777,-1.283918782,0.195662005,30.4280527
HANA,2025-03-26 00:00:00,16.04306221,16.79999924,17.20000076,16.79999924,16.79999924,5309300,17.52244684,20.05599926,13474825,37.89205072,-1.024691767,-1.232073379,0.207381612,29.76173606
HANA,2025-03-27 00:00:00,16.23405075,17,17,16.39999962,16.70000076,6842300,17.47269,19.93615615,13293600,40.14261393,-0.947258245,-1.175110352,0.227852107,29.6815936
HANA,2025-03-28 00:00:00,15.75657845,16.5,16.89999962,16.39999962,16.89999962,5638600,17.38005286,19.80140493,11177095,36.5744495,-0.91568203,-1.123224688,0.207542657,29.60717559
HANA,2025-03-31 00:00:00,15.18361187,15.89999962,16.29999924,15.69999981,15.69999981,5455600,17.2390954,19.64840865,10409200,32.80603115,-0.928370986,-1.084253947,0.155882961,30.36610382
HANA,2025-04-01 00:00:00,15.0881176,15.80000019,16.20000076,15.80000019,16.10000038,5017000,17.10203872,19.49749067,9799820,32.21035866,-0.935709911,-1.05454514,0.118835229,31.07082289
HANA,2025-04-02 00:00:00,15.75657845,16.5,16.60000038,15.80000019,15.89999962,7739400,17.0447017,19.37994201,9200105,40.37219305,-0.87495598,-1.018627308,0.143671328,30.75164487
HANA,2025-04-03 00:00:00,15.85207367,16.60000038,16.60000038,16.10000038,16.39999962,12110500,17.00234919,19.27092469,8657850,41.45659634,-0.8094085,-0.976783547,0.167375047,30.45526528
HANA,2025-04-04 00:00:00,14.89712906,15.60000038,16.29999924,15.5,16.29999924,13922400,16.86879216,19.12696688,8401725,34.66703499,-0.828601688,-0.947147175,0.118545487,30.93830609
HANA,2025-04-08 00:00:00,14.22866726,14.89999962,15.19999981,14,14.60000038,10614200,16.68128811,18.96120346,8357595,30.85734351,-0.890036848,-0.935725109,0.045688262,32.64364772
HANA,2025-04-09 00:00:00,14.32416344,15,15.30000019,14.60000038,14.89999962,4378600,16.52116543,18.80586214,7759400,32.00688818,-0.9200497,-0.932590027,0.012540328,34.00906593
HANA,2025-04-10 00:00:00,15.47009563,16.20000076,17.10000038,16.10000038,16.20000076,17298800,16.49057832,18.7036715,7941605,44.03188613,-0.837352589,-0.91354254,0.076189951,32.27869786
HANA,2025-04-11 00:00:00,15.27910709,16,16.39999962,15.69999981,16,5805200,16.44385658,18.59764517,7766360,42.67716329,-0.778973402,-0.886628712,0.10765531,31.07199539
HANA,2025-04-16 00:00:00,16.32954597,17.10000038,17.29999924,16.39999962,16.5,11246500,16.50634646,18.538914,7807855,51.51311465,-0.636608215,-0.836624613,0.200016398,28.87377209
HANA,2025-04-17 00:00:00,17.28449059,18.10000038,18.20000076,16.89999962,16.89999962,13689100,16.65812303,18.5217017,8143100,57.87082126,-0.438041665,-0.756908023,0.318866358,27.67447597
HANA,2025-04-18 00:00:00,17.66646767,18.5,18.5,17.79999924,17.89999962,10085600,16.83353988,18.52085065,8246410,60.12319675,-0.245568852,-0.654640189,0.409071337,26.827299
HANA,2025-04-21 00:00:00,17.18899345,18,18.79999924,17.70000076,18.39999962,9071000,16.94463132,18.50042514,8329255,56.08662899,-0.131858598,-0.550083871,0.418225273,26.30340355
HANA,2025-04-22 00:00:00,17.18899345,18,18.10000038,17.39999962,17.70000076,7077100,17.04514262,18.48080062,8319750,56.08662899,-0.041266706,-0.448320438,0.407053732,25.43331769
HANA,2025-04-23 00:00:00,17.47547722,18.29999924,18.60000038,18.10000038,18.5,11949900,17.16465278,18.47371037,8645405,58.04663109,0.054111687,-0.347834013,0.401945699,25.08327991
HANA,2025-04-24 00:00:00,18.04844475,18.89999962,19.39999962,18.39999962,18.5,21863000,17.3299239,18.4904276,9516670,61.72604899,0.176084968,-0.243050217,0.419135185,25.40513703
HANA,2025-04-25 00:00:00,19.38536644,20.29999924,20.5,19.10000038,19.20000076,23699400,17.61278822,18.56139119,10440675,68.63769287,0.381322296,-0.118175714,0.49949801,26.43018844
HANA,2025-04-28 00:00:00,18.71690559,19.60000038,20.39999962,19.60000038,20.29999924,11143300,17.80204652,18.60212096,10732375,62.55502179,0.481934854,0.001846399,0.480088454,27.38202189
HANA,2025-04-29 00:00:00,18.52591515,19.39999962,19.89999962,19.20000076,19.79999924,9868000,17.95423253,18.63341032,10883660,60.89455899,0.539315745,0.109340268,0.429975476,27.69288362
HANA,2025-04-30 00:00:00,18.43042183,19.29999924,19.60000038,18.79999924,19.5,12005300,18.08240079,18.65955106,11201995,60.03646128,0.570148996,0.201502014,0.368646982,27.43375781
HANA,2025-05-02 00:00:00,18.43042183,19.29999924,19.89999962,19.29999924,19.60000038,9543800,18.19836255,18.68466668,11406405,60.03646128,0.587808678,0.278763347,0.309045331,27.43672009
HANA,2025-05-06 00:00:00,17.57097244,18.39999962,19.39999962,18.20000076,19.29999924,9668900,18.21756608,18.67350327,11639000,52.33828614,0.523151095,0.327640896,0.195510199,26.06801197
HANA,2025-05-07 00:00:00,18.43042183,19.29999924,19.29999924,18.5,18.5,14195700,18.32065495,18.69807173,11961815,58.12125722,0.53832645,0.369778007,0.168548443,24.79706871
HANA,2025-05-08 00:00:00,18.23943329,19.10000038,19.60000038,18.60000038,19.20000076,22244100,18.39487832,18.71383364,12468495,56.48121413,0.528126874,0.401447781,0.126679094,23.91485007
HANA,2025-05-09 00:00:00,18.62141228,19.5,19.60000038,19,19,8696100,18.50012801,18.7446637,12207180,58.97460183,0.546026015,0.430363427,0.115662588,23.09564704
HANA,2025-05-13 00:00:00,19.57635498,20.5,21.60000038,20.39999962,20.39999962,23859200,18.69059201,18.81350041,12869430,64.45723685,0.63359912,0.471010566,0.162588554,23.96181287
HANA,2025-05-14 00:00:00,21.0087719,22,22.5,20.79999924,20.89999962,49979500,19.00577372,18.93846118,15149475,70.76787001,0.814648143,0.539738081,0.274910062,25.28411437
HANA,2025-05-15 00:00:00,19.76734352,20.70000076,22.10000038,20.70000076,21.89999962,23238800,19.16712868,19.00754117,15446475,60.70776501,0.843508287,0.600492122,0.243016164,26.37744222
HANA,2025-05-16 00:00:00,19.19437981,20.10000038,21,20,20.70000076,17823900,19.2559736,19.0503827,16047410,56.70137614,0.808643602,0.642122418,0.166521183,26.4826484
HANA,2025-05-19 00:00:00,17.95295143,18.79999924,19.89999962,18.70000076,19.79999924,14084400,19.21254747,19.04056374,16189305,49.13516937,0.668408858,0.647379706,0.021029152,25.17917111
HANA,2025-05-20 00:00:00,17.66646767,18.5,19.29999924,18.39999962,19.20000076,12961200,19.14468581,19.01936517,16152910,47.5580318,0.526989575,0.62330168,-0.096312105,23.68483463
HANA,2025-05-21 00:00:00,17.57097244,18.39999962,19.10000038,18.29999924,18.5,12459900,19.07376331,18.99507632,16271625,47.01629084,0.402208174,0.579082979,-0.176874805,22.20032243
HANA,2025-05-22 00:00:00,17.18899345,18,18.5,17.89999962,18.20000076,8291000,18.97150014,18.95605372,16232625,44.81714229,0.267952597,0.516856903,-0.248904305,20.79749183
HANA,2025-05-23 00:00:00,16.71152306,17.5,18.10000038,17.5,18.10000038,7230300,18.83135727,18.89895357,16240285,42.16237545,0.119826973,0.437450917,-0.317623943,19.87122489
HANA,2025-05-26 00:00:00,17.37998581,18.20000076,18.29999924,17.39999962,17.60000038,10012500,18.77122808,18.87154366,16143415,46.90430127,0.058249101,0.361610554,-0.303361452,18.79319976
HANA,2025-05-27 00:00:00,16.99800491,17.79999924,18,17.60000038,18,7014100,18.67873009,18.82952231,15400970,44.65147384,-0.022568431,0.284774757,-0.307343188,17.79217642
HANA,2025-05-28 00:00:00,17.47547722,18.29999924,18.70000076,18,18.20000076,10739800,18.64266049,18.8087567,14752990,48.01275686,-0.045743781,0.218671049,-0.26441483,16.95096281
HANA,2025-05-29 00:00:00,18.33492851,19.20000076,19.60000038,19,19.39999962,19002800,18.69574051,18.8240996,15145965,53.48820924,0.008415184,0.176619876,-0.168204692,17.00786674
HANA,2025-05-30 00:00:00,17.85745621,18.70000076,19.29999924,18.70000076,18.79999924,8089800,18.69614625,18.81923298,15057055,50.31751856,0.010865482,0.143468997,-0.132603515,16.69997892
HANA,2025-06-04 00:00:00,16.99800491,17.79999924,18.60000038,17.79999924,18.60000038,9798600,18.61079892,18.77926303,14946720,45.13150596,-0.059133585,0.102948481,-0.162082066,15.57985564
HANA,2025-06-05 00:00:00,17.09350014,17.89999962,18.20000076,17.70000076,18,6691900,18.54310375,18.74478211,14804125,45.79993795,-0.105325034,0.061293778,-0.166618812,14.64122262
HANA,2025-06-06 00:00:00,17.57097244,18.39999962,18.39999962,17.70000076,17.89999962,5844700,18.52947478,18.73126123,14612915,49.13645859,-0.100428591,0.028949304,-0.129377895,13.64063545
HANA,2025-06-09 00:00:00,17.66646767,18.5,18.79999924,18.29999924,18.5,4478500,18.52666766,18.72219216,14127055,49.80203282,-0.087470622,0.005665319,-0.093135941,13.14214789
HANA,2025-06-10 00:00:00,17.85745621,18.70000076,19.10000038,18.5,18.5,5711900,18.54317557,18.72132191,13300445,51.17803721,-0.060367074,-0.00754116,-0.052825914,12.99071864
HANA,2025-06-11 00:00:00,17.66646767,18.5,18.89999962,18.5,18.79999924,4558200,18.53906361,18.71264262,13093550,49.71057424,-0.054398634,-0.016912654,-0.037485979,12.85010576
HANA,2025-06-12 00:00:00,17.09350014,17.89999962,18.79999924,17.89999962,18.5,7153800,18.47820038,18.68077427,12258280,45.49593259,-0.096965856,-0.032923295,-0.064042561,11.94425478
HANA,2025-06-13 00:00:00,16.71152306,17.5,17.79999924,17.29999924,17.60000038,9039100,18.38503844,18.6344694,10211260,42.88548525,-0.161120021,-0.05856264,-0.102557381,11.76061889
HANA,2025-06-16 00:00:00,16.9025135,17.70000076,17.89999962,17.20000076,17.5,8360500,18.31979675,18.59782357,9467345,44.59719788,-0.193592654,-0.085568643,-0.108024011,11.45877567
HANA,2025-06-17 00:00:00,16.80701828,17.60000038,17.89999962,17.39999962,17.79999924,7292600,18.25124472,18.55869325,8940780,43.88893562,-0.224805229,-0.11341596,-0.111389269,11.17849267
HANA,2025-06-18 00:00:00,17.47547722,18.29999924,18.79999924,17.70000076,17.70000076,15634800,18.25588801,18.54854838,9018300,49.88830962,-0.190857279,-0.128904224,-0.061953055,10.98835807
HANA,2025-06-19 00:00:00,16.71152306,17.5,18.10000038,17.5,18.10000038,10217000,18.18389867,18.50742884,8881090,44.08677738,-0.225902473,-0.148303874,-0.077598599,10.54446489
HANA,2025-06-20 00:00:00,17.09350014,17.89999962,18.10000038,17.29999924,17.60000038,14020300,18.15686067,18.48360808,8959110,47.38163004,-0.218876346,-0.162418368,-0.056457977,9.864259136
HANA,2025-06-23 00:00:00,17.09350014,17.89999962,18.20000076,17.5,17.60000038,6983900,18.13239771,18.46072148,8893755,47.38163004,-0.210877227,-0.17211014,-0.038767087,9.366395437
HANA,2025-06-24 00:00:00,17.57097244,18.39999962,18.60000038,18.20000076,18.20000076,7698000,18.15788361,18.45834023,8917140,51.52293829,-0.162320913,-0.170152295,0.007831382,9.426772412
HANA,2025-06-25 00:00:00,18.62141228,19.5,19.79999924,18.39999962,18.39999962,14532600,18.28570421,18.49918963,9143145,59.14175301,-0.034679087,-0.143057653,0.108378566,10.73853267
HANA,2025-06-26 00:00:00,19.00338745,19.89999962,20.5,19.5,19.70000076,22803800,18.43944663,18.55412336,9932630,61.51063432,0.097629197,-0.094920283,0.19254948,12.52150302
HANA,2025-06-27 00:00:00,18.52591515,19.39999962,19.79999924,19.29999924,19.79999924,13554900,18.53092787,18.58729497,10073385,57.05744648,0.16029091,-0.043878044,0.204168955,13.86111498
HANA,2025-06-30 00:00:00,18.62141228,19.5,19.79999924,19.39999962,19.70000076,8683400,18.62322045,18.62308733,9557415,57.71678006,0.215535407,0.008004646,0.207530761,15.10504037
HANA,2025-07-01 00:00:00,19.09888268,20,20.10000038,19.39999962,19.60000038,12908500,18.75434232,18.6770839,9798350,60.945576,0.296247928,0.065653302,0.230594625,16.52357845
HANA,2025-07-02 00:00:00,19.48086166,20.39999962,20.60000038,19.79999924,19.89999962,21149200,18.91107158,18.74464923,10365880,63.35629287,0.38801699,0.13012604,0.25789095,18.24897406
HANA,2025-07-03 00:00:00,20.53129959,21.5,21.89999962,20.5,20.5,32448000,19.15763619,18.8527022,11653685,69.01971926,0.5432433,0.212749492,0.330493808,20.68777006
HANA,2025-07-04 00:00:00,19.86283875,20.79999924,21.5,20.70000076,21.5,19185600,19.31405172,18.92906679,12320730,62.40943042,0.602828031,0.2907652,0.312062832,22.95236635
HANA,2025-07-07 00:00:00,19.28987312,20.20000076,20.29999924,19.39999962,20.10000038,22256800,19.39842782,18.97890734,13209645,57.34019211,0.594778264,0.351567813,0.243210452,23.02699033
HANA,2025-07-08 00:00:00,19.95833397,20.89999962,21,19.10000038,19.10000038,30954200,19.54143466,19.05424429,14471760,61.29059056,0.637533731,0.408760996,0.228772735,23.62565776
HANA,2025-07-09 00:00:00,18.90789413,19.79999924,21.10000038,19.70000076,20.60000038,19776400,19.56605986,19.08348958,15232670,52.98690742,0.576016945,0.442212186,0.133804759,24.25397756
HANA,2025-07-11 00:00:00,18.90789413,19.79999924,20.20000076,19.60000038,20.10000038,8953900,19.5883398,19.111588,15322675,52.98690742,0.521255736,0.458020896,0.06323484,24.68922012
HANA,2025-07-14 00:00:00,19.38536644,20.29999924,20.39999962,19.70000076,20,10824900,19.65611689,19.15819236,15411965,56.12078716,0.512297459,0.468876209,0.04342125,25.25578436
HANA,2025-07-15 00:00:00,20.14932251,21.10000038,21.29999924,20.29999924,20.39999962,14171200,19.7936296,19.23434169,15702500,60.64150383,0.563258473,0.487752662,0.075505812,26.43925969
HANA,2025-07-16 00:00:00,20.14932251,21.10000038,21.79999924,20.60000038,21,22238000,19.91804587,19.30750478,16449770,60.64150383,0.596766294,0.509555388,0.087210906,27.85212933
HANA,2025-07-17 00:00:00,21.19976234,22.20000076,22.5,21.29999924,21.29999924,31229600,20.1353749,19.42093599,17229510,66.19537913,0.703967423,0.548437795,0.155529628,29.55688871
HANA,2025-07-18 00:00:00,21.0087719,22,22.70000076,21.79999924,22.39999962,20638300,20.31295825,19.52207576,17750575,64.41557578,0.763980013,0.591546239,0.172433775,31.2450754
HANA,2025-07-21 00:00:00,20.72229004,21.70000076,22.29999924,21.70000076,22.20000076,11669800,20.44505753,19.60748458,17633050,61.73428478,0.778360537,0.628909098,0.149451439,32.63585949
HANA,2025-07-22 00:00:00,20.34030914,21.29999924,22.29999924,21.20000076,21.70000076,11715300,20.52648055,19.67385771,17869620,58.2525614,0.74884817,0.652896913,0.095951257,33.06555883
HANA,2025-07-23 00:00:00,20.53129959,21.5,22,21.29999924,21.5,14508600,20.61919669,19.74547113,18210150,59.48299963,0.733146539,0.668946838,0.064199701,33.46456536
HANA,2025-07-24 00:00:00,19.95833397,20.89999962,22.20000076,20.89999962,21.79999924,28776000,20.64593983,19.79074676,18922320,54.31139302,0.664626467,0.668082764,-0.003456297,33.15038871
HANA,2025-07-25 00:00:00,20.53129959,21.5,21.70000076,20.89999962,20.89999962,12527000,20.72727889,19.8577763,18408480,58.22299458,0.651231838,0.664712579,-0.013480741,32.85865325
HANA,2025-07-29 00:00:00,21.29525375,22.29999924,22.60000038,21.29999924,21.70000076,31207300,20.87706178,19.95354974,19291100,62.79653773,0.697133627,0.671196788,0.025936839,33.36211068
HANA,2025-07-30 00:00:00,22.72767067,23.79999924,23.89999962,22.20000076,22.60000038,50280500,21.15543678,20.1043909,21370955,69.53172545,0.844810145,0.70591946,0.138890685,34.65406015
HANA,2025-07-31 00:00:00,22.05920982,23.10000038,23.79999924,23.10000038,23.60000038,31018400,21.34063331,20.22186578,22276450,63.73313566,0.89504329,0.743744226,0.151299064,35.85372751
HANA,2025-08-01 00:00:00,21.58173752,22.60000038,24.39999962,22.60000038,24.20000076,34619900,21.46057303,20.31512596,22949985,59.89111965,0.884313779,0.771858136,0.112455642,37.29100981
HANA,2025-08-04 00:00:00,21.4862442,22.5,23,22.20000076,22.39999962,14392000,21.55956608,20.4008073,22047185,59.12345765,0.857852578,0.789057025,0.068795554,37.9267034
HANA,2025-08-05 00:00:00,21.77272797,22.79999924,23.29999924,22.39999962,22.70000076,17823900,21.67770257,20.49489326,21979100,60.74886784,0.851276334,0.801500886,0.049775447,38.70234789
HANA,2025-08-06 00:00:00,21.96371651,23,23.10000038,22.5,22.89999962,14521100,21.80363566,20.59313274,21592315,61.83833056,0.852377328,0.811676175,0.040701153,39.42258921
HANA,2025-08-07 00:00:00,21.29525375,22.29999924,22.89999962,22.20000076,22.70000076,19080500,21.85090838,20.66006868,20998630,55.98157811,0.787685711,0.806878082,-0.019192371,39.52846248
HANA,2025-08-08 00:00:00,21.19976234,22.20000076,22.79999924,22.20000076,22.39999962,12005200,21.88415527,20.72045817,20610070,55.17760504,0.720047835,0.789512033,-0.069464198,39.62677337
HANA,2025-08-13 00:00:00,22.15470505,23.20000076,23.70000076,22.5,22.5,34548300,22.00947389,20.81769514,21889790,61.18142024,0.738621603,0.779333947,-0.040712344,40.37492192
HANA,2025-08-14 00:00:00,21.4862442,22.5,23,22.29999924,22.89999962,26036200,22.05619066,20.88366788,22650355,55.57019883,0.688915844,0.761250326,-0.072334482,40.68468761
HANA,2025-08-15 00:00:00,20.62679482,21.60000038,22.20000076,21.5,22.10000038,19632800,22.01274397,20.91175935,22923435,49.30855166,0.570326851,0.723065631,-0.15273878,39.58778852
HANA,2025-08-18 00:00:00,20.24481583,21.20000076,21.89999962,21.10000038,21.70000076,11903000,21.93533985,20.92306293,22406685,46.78531418,0.439006994,0.666253903,-0.22724691,37.96701345
HANA,2025-08-19 00:00:00,20.24481583,21.20000076,21.60000038,21,21.29999924,9889400,21.86530756,20.93392324,21339675,46.78531418,0.331118137,0.59922675,-0.268108613,36.31346737
HANA,2025-08-20 00:00:00,20.53129959,21.5,21.70000076,20.70000076,21.20000076,16587700,21.83051636,20.95612233,21137145,49.05300776,0.266747968,0.532730994,-0.265983026,34.33229014
HANA,2025-08-21 00:00:00,22.15470505,23.20000076,23.29999924,21.39999962,21.39999962,42583200,21.96094345,21.04411756,22682815,59.56766924,0.348888233,0.495962442,-0.147074209,34.04617803
HANA,2025-08-22 00:00:00,23.68261528,24.79999924,25.25,23.70000076,24,96595800,22.23132971,21.19140704,26926840,66.56234641,0.536902413,0.504150436,0.032751977,34.96469127
HANA,2025-08-25 00:00:00,23.39613152,24.5,25.5,24.39999962,25.25,22028400,22.44739355,21.32115578,27302830,64.31566782,0.65415686,0.534151721,0.12000514,35.93822684
HANA,2025-08-26 00:00:00,24.11233902,25.25,25.75,24.39999962,24.39999962,28023600,22.71430845,21.4752281,27265210,67.28830038,0.798397162,0.587000809,0.211396353,36.96383591
HANA,2025-08-27 00:00:00,23.58712196,24.70000076,25.5,24.5,25.5,19288400,22.903422,21.60168978,27603280,63.13476664,0.858432818,0.641287211,0.217145608,37.9161872
HANA,2025-08-28 00:00:00,23.68261528,24.79999924,25.25,24.5,24.60000038,10407700,23.08404841,21.72711368,26563300,63.57501078,0.903663678,0.693762504,0.209901174,38.80051339
HANA,2025-08-29 00:00:00,23.10964966,24.20000076,25,24.20000076,24.79999924,19978700,23.19032958,21.82408964,25048210,59.02070246,0.880939673,0.731197938,0.149741735,39.11397351
HANA,2025-09-01 00:00:00,23.3006382,24.39999962,24.70000076,24.29999924,24.39999962,9515200,23.30553625,21.92510572,23973050,60.04809296,0.869051092,0.758768569,0.110282523,39.40504362
HANA,2025-09-02 00:00:00,23.3006382,24.39999962,24.70000076,24.20000076,24.60000038,10131400,23.40977086,22.02216038,22748625,60.04809296,0.84983296,0.776981447,0.072851513,39.49169393
HANA,2025-09-03 00:00:00,23.7781105,24.89999962,25,24.20000076,24.29999924,15215400,23.55169741,22.13501682,22789795,62.75545057,0.864977353,0.794580628,0.070396725,39.80470104
HANA,2025-09-04 00:00:00,23.49162674,24.60000038,25.5,24.5,25,17432600,23.65153579,22.23168284,22770230,60.12286436,0.843053763,0.804275255,0.038778508,40.45451468
HANA,2025-09-05 00:00:00,24.11233902,25.25,25.25,24.70000076,24.70000076,11321800,23.80377047,22.35004822,22610265,63.67816675,0.868121533,0.817044511,0.051077022,41.05791305
HANA,2025-09-08 00:00:00,23.39613152,24.5,25.25,24.29999924,25.25,19075100,23.87007805,22.43436006,22609995,57.32711672,0.81803934,0.817243477,0.000795864,40.80198311
HANA,2025-09-09 00:00:00,24.11233902,25.25,25.75,24.5,24.60000038,23193900,24.00149919,22.54477731,23169430,61.46600499,0.82930783,0.819656347,0.009651482,40.98251249
HANA,2025-09-10 00:00:00,23.87360382,25,25.5,24.70000076,25.25,10585800,24.0965945,22.64106055,21971305,59.39792921,0.808742597,0.817473597,-0.008731,41.15014691
HANA,2025-09-11 00:00:00,24.11233902,25.25,25.75,24.89999962,25,9671300,24.20644264,22.7433719,21153060,60.81766162,0.803356815,0.814650241,-0.011293426,41.51427654
HANA,2025-09-12 00:00:00,24.82854843,26,26.5,25.5,25.75,15661600,24.37725763,22.87108281,20954500,64.79480298,0.849811182,0.821682429,0.028128753,42.4000963
HANA,2025-09-15 00:00:00,24.82854843,26,26.25,25.5,26,8718200,24.53180452,22.99378544,20795260,64.79480298,0.876522595,0.832650462,0.043872133,43.22264323
HANA,2025-09-16 00:00:00,25.06728554,26.25,26.75,25.75,26.5,10805000,24.69544219,23.12148013,20841040,66.12409293,0.907404499,0.847601269,0.05980323,44.3134308
HANA,2025-09-17 00:00:00,24.58981133,25.75,26.5,25.75,26.25,8091200,24.79587626,23.22455934,20416215,61.15095118,0.881372891,0.854355594,0.027017297,45.32630497
HANA,2025-09-18 00:00:00,24.11233902,25.25,26,25,26,12617200,24.83912614,23.30398839,18917915,56.56915773,0.811047581,0.845693991,-0.03464641,44.59869625
HANA,2025-09-19 00:00:00,23.87360382,25,25.5,25,25.25,3878200,24.85444746,23.37049865,14282035,54.37539622,0.726763677,0.821907928,-0.095144252,43.92305958
HANA,2025-09-22 00:00:00,23.49162674,24.60000038,25.25,24.60000038,25,8758000,24.83021441,23.4187144,13618515,50.96955209,0.62053827,0.781633997,-0.161095727,42.48939665
HANA,2025-09-23 00:00:00,24.35107613,25.5,26,24.89999962,24.89999962,23616600,24.89400351,23.50033344,13398165,57.43039764,0.602036416,0.745714481,-0.143678064,41.94312561
HANA,2025-09-24 00:00:00,24.11233902,25.25,25.75,25,25.5,8222900,24.92790794,23.56894782,12844890,55.25240189,0.560736828,0.70871895,-0.147982122,41.43587393
HANA,2025-09-25 00:00:00,24.35107613,25.5,25.75,25.25,25.25,4580500,24.9823929,23.64467536,12553530,57.00824249,0.541932458,0.675361652,-0.133429194,40.96485452
HANA,2025-09-26 00:00:00,23.58712196,24.70000076,25.5,24.70000076,25.5,10153000,24.95549841,23.68606067,12062245,50.21767311,0.457206217,0.631730565,-0.174524347,39.40296792
HANA,2025-09-29 00:00:00,22.25019836,23.29999924,24.79999924,23,24.5,34983400,24.79783182,23.670921,13335655,41.0111767,0.273933899,0.560171232,-0.286237333,37.60513609
HANA,2025-09-30 00:00:00,21.77272797,22.79999924,23.70000076,22.79999924,23.5,17988300,24.60756205,23.63676721,13728500,38.30986556,0.087336682,0.465604322,-0.378267639,36.14550723
HANA,2025-10-01 00:00:00,21.4862442,22.5,23.20000076,22.5,22.89999962,20128200,24.40684186,23.5921881,13974140,36.74593829,-0.083784571,0.355726543,-0.439511114,35.10026119
HANA,2025-10-02 00:00:00,22.15470505,23.20000076,23.79999924,22.89999962,22.89999962,23095500,24.29190461,23.57680821,14257285,42.63094135,-0.161058603,0.252369514,-0.413428117,33.24918019
HANA,2025-10-03 00:00:00,21.96371651,23,23.79999924,23,23.20000076,16820300,24.16886607,23.55418828,14532210,41.44450869,-0.235719986,0.154751614,-0.3904716,31.53031927
HANA,2025-10-06 00:00:00,22.15470505,23.20000076,23.20000076,22.60000038,23,8365700,24.07659319,23.54029857,13996740,43.14841393,-0.275574628,0.068686366,-0.344260993,30.40602459
HANA,2025-10-07 00:00:00,22.15470505,23.20000076,23.20000076,23.20000076,23.20000076,0,23.9931082,23.52695356,12837045,43.14841393,-0.303659323,-0.005782772,-0.297876551,29.36203667
HANA,2025-10-08 00:00:00,23.10964966,24.20000076,24.89999962,24.20000076,24.70000076,24691500,24.01281225,23.55334757,13542330,51.35647474,-0.242430416,-0.053112301,-0.189318115,28.31943394
HANA,2025-10-09 00:00:00,23.49162674,24.60000038,25.25,24.5,24.79999924,38132000,24.06873493,23.59439277,14965365,54.20463094,-0.159787509,-0.074447343,-0.085340167,27.68782871
HANA,2025-10-10 00:00:00,22.72767067,23.79999924,24.29999924,23.70000076,24.10000038,19441300,24.04314105,23.60245577,15154350,48.1343401,-0.157035608,-0.090964996,-0.066070612,26.07924291
HANA,2025-10-14 00:00:00,21.96371651,23,24.10000038,23,24.10000038,17050400,23.94379429,23.57883006,15570960,42.9539777,-0.216907583,-0.116153513,-0.10075407,24.60912803
HANA,2025-10-15 00:00:00,22.82316399,23.89999962,23.89999962,23.10000038,23.20000076,16220900,23.93962337,23.59142494,15841755,49.53418865,-0.189549104,-0.130832631,-0.058716472,23.24402136
HANA,2025-10-16 00:00:00,23.10964966,24.20000076,24.60000038,23.89999962,24,24739300,23.96442121,23.61529066,16674160,51.54076758,-0.142022578,-0.133070621,-0.008951957,21.98406147
HANA,2025-10-17 00:00:00,22.34569359,23.39999962,24.60000038,23.29999924,23.89999962,28483000,23.91066678,23.60684787,17467450,46.25869084,-0.166985961,-0.139853689,-0.027132272,20.6813215
HANA,2025-10-20 00:00:00,22.34569359,23.39999962,24.10000038,23.39999962,23.79999924,10710500,23.86203181,23.59873618,17809065,46.25869084,-0.184641192,-0.148811189,-0.035830003,19.47163438
HANA,2025-10-21 00:00:00,22.53668213,23.60000038,24.10000038,23.5,23.89999962,10567300,23.83707643,23.59878575,17899530,47.80949076,-0.180414989,-0.155131949,-0.02528304,18.34835349
HANA,2025-10-22 00:00:00,22.63217735,23.70000076,24,23.10000038,23.60000038,17633500,23.82402161,23.60275497,17600375,48.60803221,-0.167070611,-0.157519682,-0.009550929,17.77737426
HANA,2025-10-24 00:00:00,22.72767067,23.79999924,24.29999924,23.79999924,24,13010900,23.82173376,23.61049004,17839775,49.44109925,-0.146734589,-0.155362663,0.008628074,16.83300883
HANA,2025-10-27 00:00:00,22.82316399,23.89999962,24.79999924,23.79999924,24.20000076,27623200,23.82918765,23.62184336,18991910,50.30857849,-0.121152381,-0.148520607,0.027368225,15.94882956
HANA,2025-10-28 00:00:00,22.34569359,23.39999962,24.29999924,23.39999962,24.20000076,22200300,23.7883126,23.6131436,19594275,46.05377295,-0.139614727,-0.146739431,0.007124704,15.00712863
HANA,2025-10-29 00:00:00,22.34569359,23.39999962,23.79999924,23.39999962,23.5,9655400,23.75133041,23.60478501,18327875,46.05377295,-0.152488477,-0.14788924,-0.004599237,14.13269205
HANA,2025-10-30 00:00:00,22.25019836,23.29999924,24.10000038,23.20000076,23.29999924,24282400,23.70834649,23.59283263,18642580,45.16770564,-0.168814226,-0.152074237,-0.016739989,13.34198386
HANA,2025-10-31 00:00:00,22.15470505,23.20000076,23.60000038,23.10000038,23.39999962,9888100,23.65993261,23.57742746,18130575,44.25085297,-0.187658332,-0.159191056,-0.028467276,12.4608812
HANA,2025-11-03 00:00:00,22.25019836,23.29999924,23.60000038,23.29999924,23.39999962,9148200,23.62565324,23.56654792,17433210,45.44347521,-0.192306591,-0.165814163,-0.026492427,11.64271444
HANA,2025-11-04 00:00:00,21.4862442,22.5,23.5,22.5,23.29999924,12151600,23.51844817,23.52472251,17199775,38.37131294,-0.257574463,-0.184166223,-0.07340824,11.86610911
HANA,2025-11-05 00:00:00,20.24481583,21.20000076,22,21,21.79999924,24350000,23.29764366,23.43355695,17998990,30.15795459,-0.409478582,-0.229228695,-0.180249887,13.5332426
HANA,2025-11-06 00:00:00,21.0087719,22,22,21.5,21.60000038,12508700,23.17405855,23.37733903,18624425,38.83458673,-0.460007755,-0.275384507,-0.184623248,15.08129512
HANA,2025-11-07 00:00:00,20.24481583,21.20000076,21.79999924,21.20000076,21.70000076,8932900,22.98605304,23.29195322,17836495,34.25205434,-0.558171488,-0.331941903,-0.226229585,16.76260879
HANA,2025-11-10 00:00:00,20.14932251,21.10000038,21.39999962,20.70000076,21.39999962,12295100,22.80642898,23.20599428,16544650,33.71647261,-0.636696705,-0.392892864,-0.243803842,18.70260764
HANA,2025-11-11 00:00:00,19.86283875,20.79999924,21.60000038,20.79999924,21.29999924,11444400,22.61534043,23.11164154,16144805,32.09509655,-0.714895224,-0.457293336,-0.257601888,20.13517404
HANA,2025-11-12 00:00:00,19.76734352,20.70000076,21.29999924,20.5,21.20000076,21826300,22.43292713,23.01706739,16383600,31.55046533,-0.775992001,-0.521033069,-0.254958933,21.70506735
HANA,2025-11-13 00:00:00,17.37998581,18.20000076,19.39999962,17.89999962,19.39999962,43800600,22.02979129,22.82816282,17762585,21.65629585,-1.014446833,-0.619715822,-0.394731011,24.56174032
HANA,2025-11-14 00:00:00,17.28449059,18.10000038,18.20000076,17.5,18,15354200,21.65552549,22.64274468,17293330,21.36764256,-1.19768701,-0.735310059,-0.46237695,27.3595816
HANA,2025-11-17 00:00:00,17.47547722,18.29999924,18.29999924,17.60000038,17.89999962,12687100,21.33595156,22.47244094,16503535,23.56202369,-1.311648071,-0.850577662,-0.461070409,29.7928033
HANA,2025-11-18 00:00:00,17.28449059,18.10000038,18.5,18,18,10697900,21.02776573,22.30097268,16502905,22.87456241,-1.401940571,-0.960850244,-0.441090328,31.71262516
HANA,2025-11-19 00:00:00,17.28449059,18.10000038,18.29999924,17.79999924,18.29999924,8567000,20.74893094,22.13622867,16402890,22.87456241,-1.456706028,-1.0600214,-0.396684627,33.590466
HANA,2025-11-20 00:00:00,16.80701828,17.60000038,18.60000038,17.60000038,18.60000038,26227800,20.44903279,21.95833736,16832605,21.09040778,-1.522898838,-1.152596888,-0.37030195,34.80021461
HANA,2025-11-21 00:00:00,15.5655899,16.29999924,17.20000076,16.29999924,17.20000076,26328900,20.05388674,21.73644175,17498505,17.3100248,-1.661108125,-1.254299135,-0.406808989,36.56266752
HANA,2025-11-24 00:00:00,15.47009563,16.20000076,16.70000076,16.20000076,16.5,14796600,19.68684998,21.51932642,16857175,17.05675606,-1.758438833,-1.355127075,-0.403311758,38.24195906
HANA,2025-11-25 00:00:00,15.75657845,16.5,16.79999924,16.39999962,16.5,19664500,19.38334046,21.32249009,16730385,20.80059595,-1.790724334,-1.442246527,-0.348477807,39.62238948
HANA,2025-11-26 00:00:00,15.75657845,16.5,16.79999924,16.39999962,16.60000038,11810400,19.1087366,21.13337283,16838135,20.80059595,-1.795612127,-1.512919647,-0.28269248,40.90421772
HANA,2025-11-27 00:00:00,15.70809746,16.20000076,16.70000076,16.20000076,16.39999962,13982000,18.83171414,20.93990726,16323115,19.76587858,-1.802910341,-1.570917786,-0.231992556,42.20064046
HANA,2025-11-28 00:00:00,15.90202332,16.39999962,16.5,16.20000076,16.29999924,9422500,18.60012228,20.76187166,16299835,22.53254805,-1.772128004,-1.611159829,-0.160968175,43.40446158
HANA,2025-12-01 00:00:00,16.38684082,16.89999962,16.89999962,16.20000076,16.29999924,12967700,18.43820584,20.6104257,16490810,29.11350232,-1.687929557,-1.626513775,-0.061415782,43.66867357
HANA,2025-12-02 00:00:00,16.19291496,16.70000076,17,16.5,16.89999962,8465100,18.2726625,20.4570757,16306485,28.08572865,-1.618680774,-1.624947175,0.006266401,43.70567337
HANA,2025-12-03 00:00:00,15.90202332,16.39999962,16.70000076,16.29999924,16.60000038,7996500,18.09431365,20.29797468,15488810,26.57048458,-1.569911239,-1.613939988,0.044028748,43.90331307
HANA,2025-12-04 00:00:00,15.80505943,16.29999924,16.60000038,16.10000038,16.39999962,8755400,17.92342656,20.14119133,15301145,26.06567305,-1.521788002,-1.59550959,0.073721588,44.24835092
HANA,2025-12-08 00:00:00,15.41720581,15.89999962,16.29999924,15.80000019,16.29999924,8094200,17.73071924,19.97487009,15259210,24.09380526,-1.498651099,-1.576137892,0.077486793,44.80266895
HANA,2025-12-09 00:00:00,15.90202332,16.39999962,16.39999962,16.10000038,16.10000038,7277200,17.60398403,19.83467909,15008315,31.1093917,-1.423559211,-1.545622156,0.122062945,45.07398527
HANA,2025-12-11 00:00:00,15.51416969,16,16.60000038,16,16.60000038,4499300,17.45122365,19.68429952,14661060,28.8149409,-1.38041244,-1.512580213,0.132167773,44.83701871
HANA,2025-12-12 00:00:00,15.61113358,16.10000038,16.29999924,15.89999962,16.10000038,7479900,17.32253572,19.54373877,13943740,30.20094193,-1.322899555,-1.474644081,0.151744526,44.71766301
HANA,2025-12-15 00:00:00,15.9989872,16.5,16.5,15.80000019,16,5680500,17.24419898,19.42437646,12037735,35.6021244,-1.230855023,-1.42588627,0.195031247,44.10018935
HANA,2025-12-16 00:00:00,15.70809746,16.20000076,16.29999924,16.10000038,16.29999924,4737400,17.14475154,19.29793036,11506895,33.50786125,-1.168645086,-1.374438033,0.205792947,43.52682095
HANA,2025-12-17 00:00:00,15.51416969,16,16.39999962,16,16.39999962,7235900,17.03572758,19.16859975,11234335,32.15006867,-1.122541691,-1.324058764,0.201517073,42.99440744
HANA,2025-12-18 00:00:00,15.51416969,16,16.10000038,15.89999962,16,6675300,16.93708686,19.04434094,11033205,32.15006867,-1.0736283,-1.273972671,0.200344372,42.63706029
HANA,2025-12-19 00:00:00,15.80505943,16.29999924,16.39999962,16.10000038,16.10000038,5457800,16.87641185,18.9367197,10877745,36.61803878,-0.999139199,-1.219005977,0.219866778,41.43403609
HANA,2025-12-22 00:00:00,16.19291496,16.70000076,16.89999962,16.5,16.60000038,9843900,16.85961079,18.84900523,10058550,42.0934267,-0.897483636,-1.154701509,0.257217872,39.08663794
HANA,2025-12-23 00:00:00,16.38684082,16.89999962,16.89999962,16.70000076,16.79999924,5268200,16.86345735,18.77257364,9005515,44.66726865,-0.791656907,-1.082092588,0.290435682,36.90691107
HANA,2025-12-24 00:00:00,16.28987694,16.79999924,16.89999962,16.60000038,16.79999924,4588700,16.85741372,18.69521778,8495120,43.62319694,-0.707699734,-1.007214018,0.299514283,35.08390812
HANA,2025-12-25 00:00:00,15.80505943,16.29999924,16.79999924,16.20000076,16.79999924,7583400,16.80432662,18.60128764,7891065,38.74649328,-0.673742408,-0.940519696,0.266777287,34.13216787
HANA,2025-12-26 00:00:00,15.90202332,16.39999962,16.5,16.20000076,16.39999962,2586500,16.76581929,18.51496262,7429870,40.18669398,-0.631482451,-0.878712247,0.247229796,33.24840906
HANA,2025-12-29 00:00:00,15.80505943,16.29999924,16.39999962,16.20000076,16.29999924,3281700,16.72145547,18.42810131,6894855,39.19426538,-0.599153655,-0.822800529,0.223646873,32.42777589
HANA,2025-12-30 00:00:00,15.80505943,16.29999924,16.39999962,16.10000038,16.29999924,3091000,16.68131679,18.34464633,6578280,39.19426538,-0.566996865,-0.771639796,0.204642931,31.86285325
JMART,2023-02-08 00:00:00,31.9760704,35.5,37,35.5,37,9049800,38.1298626,39.47033756,9999295,24.2543806,-1.160370977,-0.981821492,-0.178549486,40.54990888
JMART,2023-02-09 00:00:00,31.9760704,35.5,35.75,33.75,35.5,23784700,37.87939949,39.31463804,10956375,24.2543806,-1.224648083,-1.03038681,-0.194261273,42.37153053
JMART,2023-02-10 00:00:00,31.07534218,34.5,35.5,34.5,35.25,7971700,37.55755192,39.12582871,10822250,20.99797922,-1.340823616,-1.092474171,-0.248349444,44.06303634
JMART,2023-02-13 00:00:00,29.94942093,33.25,34.75,33,34.5,14573500,37.14730888,38.89540405,11228435,17.78381934,-1.51627939,-1.177235215,-0.339044175,46.09139194
JMART,2023-02-14 00:00:00,28.37313461,31.5,35,31,33.75,40749300,36.60946994,38.60538821,13015375,14.44919855,-1.776066343,-1.297001441,-0.479064903,48.39431756
JMART,2023-02-15 00:00:00,25.67092896,28.5,31.75,28.5,31.75,38672700,35.83713947,38.20909847,14636905,10.73356234,-2.198679297,-1.477337012,-0.721342285,50.87791903
JMART,2023-02-16 00:00:00,26.5716629,29.5,30.75,28,29.25,29175500,35.23360238,37.8675652,15252855,18.2774429,-2.424958057,-1.666861221,-0.758096836,53.23923674
JMART,2023-02-17 00:00:00,24.54501343,27.25,29,25.75,28.5,64666600,34.4732593,37.4511901,17409990,15.17085374,-2.754094317,-1.88430784,-0.869786477,55.64042822
JMART,2023-02-20 00:00:00,26.34647942,29.25,29.75,28.25,28.75,59441700,33.97580603,37.1295748,19978230,27.04154892,-2.821034755,-2.071653223,-0.749381532,57.05264758
JMART,2023-02-21 00:00:00,25.89611244,28.75,29.5,28.25,29.5,25959300,33.47811022,36.80096402,20879150,26.0597425,-2.881218464,-2.233566271,-0.647652193,58.36399413
JMART,2023-02-22 00:00:00,25.89611244,28.75,29.5,28.25,28.5,22563100,33.02781401,36.48523994,21484855,26.0597425,-2.895536543,-2.365960326,-0.529576218,59.58167307
JMART,2023-02-23 00:00:00,26.12129593,29,29.25,28.5,29,11048800,32.64421267,36.19170112,20267555,27.5843777,-2.853813825,-2.463531026,-0.390282799,60.71237494
JMART,2023-02-24 00:00:00,24.9953804,27.75,29,27.75,28.75,16817400,32.17809718,35.86065402,20377850,24.82775617,-2.88831809,-2.548488438,-0.339829651,61.8959872
JMART,2023-02-27 00:00:00,25.22056389,28,28.5,27,27.75,8594400,31.78018316,35.55239308,20320470,26.41169153,-2.86249302,-2.611289355,-0.251203665,63.11798091
JMART,2023-02-28 00:00:00,25.44574738,28.25,28.75,27.75,28.25,9960100,31.44397524,35.26602472,20424485,28.04447563,-2.78969568,-2.64697062,-0.142725061,63.91418667
JMART,2023-03-01 00:00:00,24.77019691,27.5,28.5,27.5,28.5,6292800,31.06835855,34.96147473,20540755,26.16859061,-2.760698384,-2.669716173,-0.090982211,64.70447736
JMART,2023-03-02 00:00:00,24.09464645,26.75,28,26.5,27.5,14880400,30.65708631,34.63945611,21015870,24.41020168,-2.766347814,-2.689042501,-0.077305313,65.62897347
JMART,2023-03-03 00:00:00,24.09464645,26.75,27.25,26.25,27,7871200,30.28498285,34.33006568,21186115,24.41020168,-2.739248674,-2.699083735,-0.040164938,66.53200852
JMART,2023-03-07 00:00:00,24.31982994,27,27.75,27,27,8442800,29.97212734,34.04261212,21449160,26.32405408,-2.666857625,-2.692638513,0.025780888,66.64827952
JMART,2023-03-08 00:00:00,23.86946297,26.5,27,25.75,27,18447800,29.64144855,33.74682341,21948180,24.96275828,-2.619635491,-2.678037909,0.058402418,67.05754142
JMART,2023-03-09 00:00:00,22.74354553,25.25,27,24.79999924,26.5,28183300,29.22321535,33.41361465,22904855,21.91200836,-2.652499797,-2.672930287,0.02043049,67.63057348
JMART,2023-03-10 00:00:00,21.43747902,23.79999924,25.25,23.70000076,24.79999924,30946400,28.70671858,33.03661012,23262940,19.00976582,-2.763689843,-2.691082198,-0.072607645,68.35619396
JMART,2023-03-13 00:00:00,20.26652527,22.5,23.70000076,22.29999924,23.39999962,46901400,28.11560252,32.62340973,25209425,16.85438515,-2.923013154,-2.737468389,-0.185544765,69.23573217
JMART,2023-03-14 00:00:00,20.71689034,23,23.5,22.70000076,22.70000076,23497700,27.62840228,32.24602111,25655635,20.58402321,-2.974642378,-2.784903187,-0.189739191,70.05244622
JMART,2023-03-15 00:00:00,19.27571678,21.39999962,23.39999962,21.29999924,23.29999924,63079700,27.03522108,31.82068693,26772155,17.82809971,-3.108828925,-2.849688334,-0.25914059,70.99134454
JMART,2023-03-16 00:00:00,19.81615829,22,22.29999924,21.20000076,21.89999962,54363100,26.55567621,31.43556196,27556675,22.04319181,-3.130669306,-2.905884529,-0.224784778,71.87512902
JMART,2023-03-17 00:00:00,20.17645073,22.39999962,22.89999962,22.10000038,22.39999962,39137000,26.15989749,31.08122618,28054750,24.81219761,-3.080194772,-2.940746577,-0.139448194,71.9040658
JMART,2023-03-20 00:00:00,20.98711205,23.29999924,23.5,22.5,22.5,37105000,25.88752623,30.77608002,26676670,30.77057454,-2.93375242,-2.939347746,0.005595326,71.17881528
JMART,2023-03-21 00:00:00,22.1580658,24.60000038,25.25,23.5,23.5,39999000,25.76490472,30.53388082,25704535,38.36810105,-2.681881513,-2.887854499,0.205972986,68.6445641
JMART,2023-03-22 00:00:00,20.6268158,22.89999962,24.39999962,22.60000038,24.39999962,50170700,25.49205661,30.23451293,26915105,33.23205653,-2.589596601,-2.82820292,0.238606319,66.66747245
JMART,2023-03-23 00:00:00,20.98711205,23.29999924,23.39999962,22.60000038,22.89999962,25557400,25.28328924,29.96257122,27064820,35.42251365,-2.455873734,-2.753737083,0.297863349,64.83160164
JMART,2023-03-24 00:00:00,20.80696678,23.10000038,23.60000038,22.89999962,23.29999924,15119100,25.07535697,29.69345079,27268335,34.80762877,-2.339072265,-2.670804119,0.331731854,62.91873414
JMART,2023-03-27 00:00:00,20.80696678,23.10000038,23.29999924,22.10000038,23.10000038,29860700,24.88722777,29.43488411,27920500,34.80762877,-2.220905048,-2.580824305,0.359919257,61.50428653
JMART,2023-03-28 00:00:00,21.43747902,23.79999924,24.10000038,22.89999962,23.10000038,25406500,24.7836822,29.21390823,28761105,39.09883347,-2.047174072,-2.474094258,0.426920186,59.36360091
JMART,2023-03-29 00:00:00,21.61762428,24,24.20000076,23.70000076,23.89999962,17120700,24.7090458,29.00944124,29119135,40.30781301,-1.871775963,-2.353630599,0.481854636,57.27457301
JMART,2023-03-30 00:00:00,20.89703941,23.20000076,24,23.20000076,24,17411500,24.56532722,28.78162005,29675070,37.13247582,-1.776842615,-2.238273002,0.461430387,55.60852418
JMART,2023-03-31 00:00:00,20.6268158,22.89999962,23.5,22.79999924,23.29999924,9496600,24.40672459,28.55096827,29405880,35.98756643,-1.706147433,-2.131847888,0.425700456,54.27434341
JMART,2023-04-03 00:00:00,20.89703941,23.20000076,23.29999924,22.70000076,23.10000038,8436100,24.29179852,28.3411264,29434125,38.04478191,-1.607384478,-2.026955206,0.419570728,53.08952742
JMART,2023-04-04 00:00:00,20.17645073,22.39999962,23.29999924,22.20000076,23.20000076,17304600,24.11162719,28.10814104,29877215,34.83020476,-1.575506079,-1.936665381,0.361159302,52.25951727
JMART,2023-04-05 00:00:00,19.18564224,21.29999924,22.60000038,21.10000038,22.39999962,23655600,23.8438531,27.84115509,30137605,30.9569677,-1.620324957,-1.873397296,0.253072339,52.01445085
JMART,2023-04-07 00:00:00,19.54593658,21.70000076,22.10000038,21.39999962,21.5,8989700,23.63967669,27.60032551,29177925,33.83820372,-1.605065268,-1.81973089,0.214665622,51.78688917
JMART,2023-04-10 00:00:00,19.99630356,22.20000076,22.5,21.70000076,21.79999924,10887000,23.50256469,27.38854806,28174955,37.35723353,-1.534932289,-1.76277117,0.227838881,51.04027451
JMART,2023-04-11 00:00:00,20.14483643,21.70000076,22,21.5,21.79999924,7884400,23.33089194,27.16546778,26224105,35.33335158,-1.502378733,-1.710692683,0.20831395,50.45761088
JMART,2023-04-12 00:00:00,19.68066978,21.20000076,21.89999962,21,21.79999924,14342700,23.12794992,26.9315279,25766355,33.38551197,-1.499638724,-1.668481891,0.168843167,50.18728845
JMART,2023-04-17 00:00:00,20.33050346,21.89999962,22,21.10000038,21.29999924,13347800,23.01100227,26.73421306,23279760,38.49731861,-1.424561729,-1.619697859,0.195136129,49.78864896
JMART,2023-04-18 00:00:00,20.14483643,21.70000076,22,21.5,22,6982000,22.88614499,26.53679297,20910705,37.60931245,-1.365460725,-1.568850432,0.203389707,49.41848372
JMART,2023-04-19 00:00:00,18.1953373,19.60000038,21.70000076,19.60000038,21.70000076,45430700,22.57317883,26.26476189,21225390,29.82894739,-1.471117111,-1.549303768,0.078186657,50.01222643
JMART,2023-04-20 00:00:00,17.82400513,19.20000076,20.20000076,19.10000038,19.79999924,30412700,22.25192378,25.98771243,20890775,28.61466919,-1.569040265,-1.553251067,-0.015789198,50.75353391
JMART,2023-04-21 00:00:00,17.73117065,19.10000038,19.60000038,18.79999924,19.10000038,23138500,21.9517406,25.71760608,20047750,28.30445488,-1.635857123,-1.569772278,-0.066084844,51.55242642
JMART,2023-04-24 00:00:00,18.00966835,19.39999962,19.89999962,19.20000076,19.20000076,18477500,21.70871765,25.46985681,18463090,30.730605,-1.645632703,-1.584944363,-0.06068834,51.82723542
JMART,2023-04-25 00:00:00,16.15300369,17.39999962,19.39999962,17.39999962,19.39999962,43212800,21.29836355,25.15339182,19345860,24.72389219,-1.794082144,-1.626771919,-0.167310225,52.74156628
JMART,2023-04-26 00:00:00,17.08133507,18.39999962,18.60000038,17.5,17.5,26908600,21.02232889,24.88855291,19935335,31.89220973,-1.810171226,-1.663451781,-0.146719445,53.59058779
JMART,2023-04-27 00:00:00,17.26700401,18.60000038,18.70000076,17.79999924,18.29999924,15130900,20.79163094,24.641943,19198845,33.2610593,-1.786193423,-1.688000109,-0.098193314,54.22426224
JMART,2023-04-28 00:00:00,18.38100433,19.79999924,20.60000038,19,19.20000076,45757800,20.69718982,24.45206286,20216410,40.93194432,-1.65132551,-1.680665189,0.029339679,52.35142149
JMART,2023-05-02 00:00:00,17.35983849,18.70000076,20.20000076,18.29999924,19.79999924,30394100,20.50698134,24.22649179,20880080,36.76087042,-1.614590408,-1.667450233,0.052859825,51.0115173
JMART,2023-05-03 00:00:00,17.73117065,19.10000038,19.29999924,18.10000038,18.39999962,20106900,20.37298315,24.02545292,21014850,39.18764539,-1.535500653,-1.641060317,0.105559664,49.87796328
JMART,2023-05-08 00:00:00,17.91683578,19.29999924,19.60000038,18.60000038,19.10000038,11991800,20.27079421,23.84014101,21139610,40.41878025,-1.440082838,-1.600864821,0.160781984,48.47485685
JMART,2023-05-09 00:00:00,18.28817177,19.70000076,20.20000076,19.20000076,19.39999962,16748400,20.21643293,23.67778257,21555225,42.90824524,-1.317005136,-1.544092884,0.227087748,46.49719634
JMART,2023-05-10 00:00:00,18.84517097,20.29999924,21,19.60000038,19.60000038,29343500,20.22439163,23.54532047,22157170,46.5179981,-1.157705005,-1.466815308,0.309110303,43.84693989
JMART,2023-05-11 00:00:00,18.56666946,20,20.39999962,19.89999962,20.29999924,11896800,20.20302099,23.4062883,21569230,44.98641642,-1.043635555,-1.382179358,0.338543803,41.38598748
JMART,2023-05-12 00:00:00,18.84517097,20.29999924,20.39999962,19.20000076,19.79999924,22607000,20.21225702,23.28447304,22250095,46.8702461,-0.918440056,-1.289431497,0.370991441,39.66622262
JMART,2023-05-15 00:00:00,16.89566994,18.20000076,20.20000076,17.39999962,19.5,73984200,20.02061356,23.08508197,25404955,37.25360308,-0.977407108,-1.22702662,0.249619512,39.21988889
JMART,2023-05-16 00:00:00,17.73117065,19.10000038,19.5,18.20000076,18.20000076,27973000,19.93293612,22.92880426,26409385,42.68147164,-0.940672981,-1.169755892,0.229082911,38.80543613
JMART,2023-05-17 00:00:00,17.82400513,19.20000076,19.60000038,18.89999962,19,20302800,19.86313275,22.78257667,26707390,43.26870034,-0.893195523,-1.114443818,0.221248295,38.30245767
JMART,2023-05-18 00:00:00,17.63833809,19,19.5,18.79999924,19.29999924,12712400,19.78092963,22.63424033,26675620,42.33453928,-0.861773696,-1.063909794,0.202136098,37.89961379
JMART,2023-05-19 00:00:00,17.63833809,19,19.20000076,18.89999962,19,8511800,19.70655538,22.49172111,26752110,42.33453928,-0.827334672,-1.016594769,0.189260097,37.52554447
JMART,2023-05-22 00:00:00,18.00966835,19.39999962,19.39999962,18.39999962,18.79999924,13472600,19.67735959,22.37047713,25154205,45.08458234,-0.759015414,-0.965078898,0.206063484,37.51954048
JMART,2023-05-23 00:00:00,18.84517097,20.29999924,20.5,19.20000076,19.39999962,32061600,19.73665861,22.28928191,25236650,50.77303585,-0.62504434,-0.897071987,0.272027647,36.10087849
JMART,2023-05-24 00:00:00,18.56666946,20,20.5,19.79999924,20.10000038,18263300,19.76173874,22.19950615,24992890,48.95275028,-0.536889798,-0.825035549,0.28814575,34.78354951
JMART,2023-05-25 00:00:00,19.21650505,20.70000076,20.79999924,19.89999962,20,17674300,19.85109703,22.14070202,24952730,53.17146371,-0.405863931,-0.741201225,0.335337294,33.19435462
JMART,2023-05-26 00:00:00,17.73117065,19.10000038,21.10000038,19,20.89999962,51081200,19.77956401,22.02145882,25346150,44.18328093,-0.426218465,-0.678204673,0.251986208,32.48920188
JMART,2023-05-29 00:00:00,17.91683578,19.29999924,19.70000076,19.20000076,19.29999924,15913700,19.73389118,21.91473491,24796405,45.42515595,-0.421354234,-0.626834585,0.205480351,31.83441718
JMART,2023-05-30 00:00:00,17.91683578,19.29999924,19.5,19,19.29999924,10174000,19.69256814,21.81219626,24548560,45.42515595,-0.41274147,-0.584015962,0.171274493,31.39513265
JMART,2023-05-31 00:00:00,18.93800354,20.39999962,20.5,19.10000038,19.20000076,31695400,19.75994256,21.756816,23845440,52.20788581,-0.313540652,-0.5299209,0.216380248,29.70989991
JMART,2023-06-01 00:00:00,18.65950394,20.10000038,20.5,19.89999962,20.29999924,13315700,19.79232902,21.69184284,22991520,50.36927539,-0.256177665,-0.475172253,0.218994588,28.14504095
JMART,2023-06-02 00:00:00,18.4738369,19.89999962,20.10000038,19.5,20.10000038,11682600,19.80258336,21.62157448,22570305,49.12713346,-0.224270226,-0.424991848,0.200721622,27.09972448
JMART,2023-06-06 00:00:00,17.91683578,19.29999924,20.10000038,19.20000076,20,12403600,19.75471821,21.53053231,22590895,45.50187195,-0.244579013,-0.388909281,0.144330268,26.42331514
JMART,2023-06-07 00:00:00,17.82400513,19.20000076,19.5,18.89999962,19.39999962,13764400,19.70188798,21.43913892,22441695,44.90708787,-0.265680317,-0.364263488,0.098583171,26.08228176
JMART,2023-06-08 00:00:00,17.91683578,19.29999924,19.39999962,18.89999962,19.29999924,12171000,19.66361286,21.35525108,21583070,45.6718731,-0.271207895,-0.345652369,0.074444474,25.7656079
JMART,2023-06-09 00:00:00,18.38100433,19.79999924,20.29999924,19.60000038,19.79999924,21909700,19.67660204,21.29426082,22083715,49.45040226,-0.232561891,-0.323034274,0.090472383,24.21057692
JMART,2023-06-12 00:00:00,18.4738369,19.89999962,20.29999924,19.79999924,19.89999962,15787100,19.697878,21.23958391,21742720,50.19646365,-0.191656166,-0.296758652,0.105102486,22.76661959
JMART,2023-06-13 00:00:00,18.65950394,20.10000038,20.20000076,19.89999962,19.89999962,9937900,19.73617537,21.19489436,18540405,51.73087214,-0.141468928,-0.265700707,0.124231779,21.42580206
JMART,2023-06-14 00:00:00,18.65950394,20.10000038,20.5,19.89999962,20.10000038,14854000,19.77082537,21.15195734,17884455,51.73087214,-0.100536261,-0.232667818,0.132131557,20.03323927
JMART,2023-06-15 00:00:00,17.91683578,19.29999924,20.10000038,19.39999962,20.10000038,21159800,19.72598478,21.07933153,17927305,45.26181356,-0.131138551,-0.212361965,0.081223414,19.13991097
JMART,2023-06-16 00:00:00,17.91683578,19.29999924,19.60000038,19,19.5,9658500,19.68541473,21.00955379,17774610,45.26181356,-0.153620247,-0.200613621,0.046993374,18.79926846
JMART,2023-06-19 00:00:00,17.73117065,19.10000038,19.29999924,18.89999962,19.20000076,7454100,19.62966098,20.93466935,17721725,43.67815399,-0.185437778,-0.197578453,0.012140674,18.60245585
JMART,2023-06-20 00:00:00,17.35983849,18.70000076,19.20000076,18.60000038,19.20000076,13692300,19.54112192,20.84703528,17732710,40.61720127,-0.240161594,-0.206095081,-0.034066513,18.77575321
JMART,2023-06-21 00:00:00,15.41033745,16.60000038,19,16.60000038,18.79999924,52632900,19.2610151,20.6804849,18761275,29.09082365,-0.447820892,-0.254440243,-0.193380649,20.62254146
JMART,2023-06-22 00:00:00,15.03900337,16.20000076,16.79999924,15.60000038,16.79999924,34340600,18.96948993,20.50477964,19565140,27.49056076,-0.637322353,-0.331016665,-0.306305688,22.88565683
JMART,2023-06-23 00:00:00,14.94616985,16.10000038,16.5,15.80000019,16.20000076,13856000,18.69620521,20.33204319,19374225,27.08936084,-0.786506464,-0.422114625,-0.364391839,24.98712111
JMART,2023-06-26 00:00:00,12.25400162,13.19999981,15.89999962,13.19999981,15.89999962,102324600,18.17275708,20.05235522,21936395,18.60810053,-1.125764643,-0.562844628,-0.562920014,27.94270914
JMART,2023-06-27 00:00:00,12.81100273,13.80000019,14.39999962,13.10000038,13.39999962,49606800,17.75630404,19.80716482,23621050,23.91566194,-1.330872705,-0.716450244,-0.614422461,30.71616354
JMART,2023-06-28 00:00:00,12.62533665,13.60000038,13.89999962,13.19999981,13.69999981,27482700,17.3604656,19.56374661,24486485,23.3686335,-1.492357665,-0.871631728,-0.620725937,33.29151406
JMART,2023-06-29 00:00:00,14.48200321,15.60000038,15.80000019,13.60000038,13.69999981,70303700,17.19280224,19.40830558,26416900,38.51425309,-1.442326136,-0.98577061,-0.456555526,33.18148213
JMART,2023-06-30 00:00:00,14.76050282,15.89999962,16.39999962,15.30000019,15.69999981,37540500,17.06967818,19.27072496,27628140,40.41656128,-1.362759316,-1.061168351,-0.301590966,32.45205128
JMART,2023-07-03 00:00:00,15.96733665,17.20000076,17.39999962,15.19999981,15.80000019,41282700,17.08208986,19.18952009,29108145,47.933985,-1.181186825,-1.085172046,-0.096014779,30.83619437
JMART,2023-07-04 00:00:00,16.33867073,17.60000038,18,16.79999924,17.10000038,39271700,17.13141467,19.12718598,30451550,50.02333531,-0.993559554,-1.066849547,0.073289993,28.82910037
JMART,2023-07-05 00:00:00,15.31750298,16.5,17.5,16.29999924,17.39999962,27111900,17.07127994,19.02415908,31118925,44.70986539,-0.922984834,-1.038076605,0.115091771,27.34597475
JMART,2023-07-06 00:00:00,15.22466946,16.39999962,16.79999924,16.20000076,16.60000038,17813000,17.00734848,18.92125086,31401025,44.24970475,-0.865150142,-1.003491312,0.13834117,26.04536724
JMART,2023-07-07 00:00:00,15.13183498,16.29999924,16.70000076,15.89999962,16.10000038,14611000,16.93998188,18.81845668,31036090,43.76462406,-0.817956039,-0.966384258,0.148428218,25.07331491
JMART,2023-07-10 00:00:00,15.03900337,16.20000076,16.5,15.89999962,16.29999924,11126800,16.86950749,18.71577214,30803075,43.25399418,-0.779636252,-0.929034657,0.149398404,24.17069489
JMART,2023-07-11 00:00:00,15.22466946,16.39999962,17.10000038,16.20000076,16.39999962,21752700,16.82479246,18.62495753,31393815,44.64509296,-0.724774559,-0.888182637,0.163408078,22.7086988
JMART,2023-07-12 00:00:00,14.29633617,15.39999962,16.5,15.30000019,16.5,27926200,16.6890979,18.49848859,32047425,39.43906543,-0.753304292,-0.861206968,0.107902676,22.11800414
JMART,2023-07-13 00:00:00,14.76050282,15.89999962,16.10000038,15.39999962,15.60000038,11757600,16.61394568,18.39658706,31577315,43.01700258,-0.727185942,-0.834402763,0.107216821,21.56950196
JMART,2023-07-14 00:00:00,15.22466946,16.39999962,16.70000076,15.89999962,16,20159800,16.59356987,18.31828952,32102380,46.42564742,-0.658549788,-0.799232168,0.140682379,20.41146755
JMART,2023-07-17 00:00:00,15.22466946,16.39999962,16.60000038,16,16.20000076,13918300,16.57513461,18.24306246,32425590,46.42564742,-0.597270183,-0.758839771,0.161569588,19.3361499
JMART,2023-07-18 00:00:00,15.6888361,16.89999962,17.5,16.39999962,16.39999962,25963100,16.60607413,18.19039333,33039130,49.90126952,-0.502566559,-0.707585129,0.20501857,18.48527901
JMART,2023-07-19 00:00:00,15.96733665,17.20000076,17.39999962,16.79999924,17.10000038,24747900,16.66263857,18.15155441,31644880,51.91687663,-0.398709593,-0.645810022,0.247100428,17.69518462
JMART,2023-07-20 00:00:00,15.31750298,16.5,17.39999962,16.29999924,17.29999924,27696600,16.64714918,18.08678757,31312680,47.1501273,-0.368636993,-0.590375416,0.221738423,16.45723141
JMART,2023-07-21 00:00:00,15.22466946,16.39999962,16.60000038,16.20000076,16.5,10538300,16.62361113,18.02063902,31146795,46.49338833,-0.348852086,-0.54207075,0.193218663,15.41711964
JMART,2023-07-24 00:00:00,14.57483578,15.69999981,16.29999924,15.60000038,16.29999924,16509700,16.53564815,17.92963356,26856050,42.07545018,-0.385216009,-0.510699802,0.125483792,15.08453331
JMART,2023-07-25 00:00:00,14.57483578,15.69999981,16,15.5,15.89999962,7557700,16.45606259,17.84219694,24753595,42.07545018,-0.409316336,-0.490423109,0.081106772,14.87743967
JMART,2023-07-26 00:00:00,14.29633617,15.39999962,16,15.19999981,15.80000019,11902200,16.35548517,17.7464245,23974570,40.17783586,-0.447465424,-0.481831572,0.034366147,14.99271825
JMART,2023-07-27 00:00:00,15.96733665,17.20000076,17.5,15.39999962,15.60000038,47311200,16.43591522,17.72499612,22824945,53.67711823,-0.328665155,-0.451198289,0.122533133,14.48196535
JMART,2023-07-31 00:00:00,15.78166962,17,17,16.70000076,16.79999924,3152600,16.48963758,17.6965649,21105550,52.2658482,-0.247797026,-0.410518036,0.16272101,14.0076948
JMART,2023-08-02 00:00:00,15.50317097,16.70000076,17.39999962,16.60000038,16.89999962,24091600,16.50967217,17.65748395,20245995,50.13649324,-0.205546471,-0.369523723,0.163977252,13.96675367
JMART,2023-08-03 00:00:00,15.22466946,16.39999962,16.79999924,16.29999924,16.70000076,8891100,16.49922717,17.60817084,18726965,48.02920984,-0.194033489,-0.334425676,0.140392187,13.55016716
JMART,2023-08-04 00:00:00,14.85333633,16,16.70000076,15.89999962,16.60000038,10883400,16.45168172,17.54510532,17915540,45.29554166,-0.21471094,-0.310482729,0.095771789,12.67772875
JMART,2023-08-07 00:00:00,14.76050282,15.89999962,16.20000076,15.60000038,16.10000038,10030900,16.39914057,17.48059137,17526435,44.61191655,-0.236441612,-0.295674506,0.059232893,12.02654514
JMART,2023-08-08 00:00:00,14.57483578,15.69999981,16.5,15.69999981,16.10000038,14562400,16.33255573,17.41076425,17524005,43.20737988,-0.266726977,-0.289885,0.023158023,11.27907167
JMART,2023-08-09 00:00:00,15.03900337,16.20000076,16.29999924,15.5,15.80000019,15956300,16.31993145,17.36328333,17765480,47.6451524,-0.247529088,-0.281413818,0.03388473,10.61067165
JMART,2023-08-10 00:00:00,15.03900337,16.20000076,16.89999962,16.10000038,16.20000076,25581400,16.30850948,17.3176644,17956915,47.6451524,-0.229667162,-0.271064486,0.041397324,10.44175092
JMART,2023-08-11 00:00:00,16.80283737,18.10000038,18.20000076,16.60000038,16.79999924,77330600,16.47912766,17.34834424,20427135,61.05621839,-0.061488565,-0.229149302,0.167660737,11.5223614
JMART,2023-08-15 00:00:00,16.9885006,18.29999924,18.70000076,17.79999924,18.29999924,30184200,16.652544,17.38566405,21348465,62.15515296,0.086930342,-0.165933373,0.252863716,12.91140768
JMART,2023-08-16 00:00:00,16.80283737,18.10000038,18.70000076,17.70000076,18.39999962,42141600,16.79039699,17.41367724,22447555,60.32201874,0.186267978,-0.095493103,0.281761081,14.05733661
JMART,2023-08-17 00:00:00,18.38100433,19.79999924,20.5,18,18.10000038,70790700,17.07702578,17.50725849,25291175,68.75687051,0.397586342,0.003122786,0.394463556,16.28703157
JMART,2023-08-18 00:00:00,18.00966835,19.39999962,19.89999962,19.10000038,19.60000038,25707500,17.29826138,17.58148363,25278395,65.24244958,0.526709463,0.107840121,0.418869342,18.3574626
JMART,2023-08-21 00:00:00,18.56666946,20,20.39999962,19.60000038,19.89999962,26620700,17.55556982,17.67632741,25372035,67.89343958,0.669735193,0.220219136,0.449516057,20.54933541
JMART,2023-08-22 00:00:00,18.75233841,20.20000076,20.5,19.70000076,20.29999924,34911900,17.80742039,17.775295,25732800,68.7490709,0.790114556,0.33419822,0.455916336,22.63786896
JMART,2023-08-23 00:00:00,19.77350426,21.29999924,21.70000076,20.29999924,20.29999924,57875100,18.14004694,17.91351869,28099640,73.00946264,0.963173883,0.459993352,0.50318053,25.14724921
JMART,2023-08-24 00:00:00,19.68066978,21.20000076,21.60000038,21,21.39999962,21710800,18.43147112,18.04240034,28359695,72.04786434,1.079808248,0.583956331,0.495851916,27.47738801
JMART,2023-08-25 00:00:00,20.70183563,22.29999924,22.60000038,21.20000076,21.29999924,39517500,18.79990237,18.209365,29957685,75.82050284,1.246632107,0.716491486,0.53014062,30.04274473
JMART,2023-08-28 00:00:00,20.7946701,22.39999962,22.89999962,22.20000076,22.29999924,32667500,19.14276877,18.37370362,30995950,76.13583675,1.371105166,0.847414222,0.523690943,32.53270903
JMART,2023-08-29 00:00:00,20.60900497,22.20000076,22.60000038,21.89999962,22.5,15307000,19.43393372,18.52375449,29395740,74.05569747,1.437047338,0.965340845,0.471706493,34.34388774
JMART,2023-08-30 00:00:00,22.28000259,24,24.39999962,22.29999924,22.39999962,57436900,19.86879718,18.73850921,32109955,79.48757322,1.615924508,1.095457578,0.52046693,36.67408826
JMART,2023-08-31 00:00:00,22.28000259,24,25.25,23.5,24.29999924,58988400,20.26224507,18.94484218,33854795,79.48757322,1.737655345,1.223897131,0.513758214,39.07095108
JMART,2023-09-01 00:00:00,21.53733826,23.20000076,24.20000076,23,23.89999962,27486100,20.54203132,19.11171115,34784545,71.74498769,1.749408565,1.328999418,0.420409147,40.5804516
JMART,2023-09-04 00:00:00,21.53733826,23.20000076,23.89999962,23,23.60000038,17525500,20.79517127,19.27203623,35116650,71.74498769,1.738680648,1.410935664,0.327744984,41.98213065
JMART,2023-09-05 00:00:00,22.28000259,24,24.29999924,23.10000038,23.10000038,26535200,21.10039305,19.45744657,35941865,74.61291997,1.774279163,1.483604364,0.290674799,43.43097673
JMART,2023-09-06 00:00:00,22.92983818,24.70000076,25,23.89999962,24.20000076,46197500,21.44321284,19.66303693,37523620,76.82912274,1.837790549,1.554441601,0.283348948,45.01611598
JMART,2023-09-07 00:00:00,22.5585041,24.29999924,24.89999962,24.29999924,24.70000076,20780500,21.71528773,19.84487859,37764830,72.91220209,1.834697746,1.61049283,0.224204916,46.488031
JMART,2023-09-08 00:00:00,22.18717003,23.89999962,24.60000038,23.39999962,24.39999962,25651200,21.92335553,20.00390295,37768320,69.11740188,1.779457572,1.644285778,0.135171794,46.46926749
JMART,2023-09-11 00:00:00,22.37283707,24.10000038,24.60000038,24,24.29999924,19871400,22.13065504,20.16453422,34895360,69.9592924,1.731853991,1.661799421,0.07005457,46.45184423
JMART,2023-09-12 00:00:00,22.09433746,23.79999924,24.39999962,23.79999924,24.29999924,8528200,22.2896402,20.30710147,33812560,67.00844162,1.650889796,1.659617496,-0.0087277,46.12963447
JMART,2023-09-13 00:00:00,20.88750458,22.5,23.79999924,22.5,23.70000076,30912700,22.30967447,20.3930975,33251115,55.9879435,1.464939107,1.620681818,-0.155742711,44.10490701
JMART,2023-09-14 00:00:00,21.44450569,23.10000038,23.29999924,22.20000076,22.29999924,18334400,22.3849436,20.49925055,30628300,59.31385977,1.350420062,1.566629467,-0.216209405,41.88339761
JMART,2023-09-15 00:00:00,21.44450569,23.10000038,23.60000038,22.89999962,23.29999924,16075000,22.45304425,20.60124074,30146675,59.31385977,1.24530776,1.502365126,-0.257057365,40.0807615
JMART,2023-09-18 00:00:00,20.88750458,22.5,23.20000076,22.5,22.89999962,12842100,22.45751622,20.67570189,29457745,54.53439246,1.100899998,1.4220721,-0.321172102,37.93435074
JMART,2023-09-19 00:00:00,21.53733826,23.20000076,23.5,22.5,22.60000038,17898400,22.52822904,20.774694,28607070,58.71419474,1.031054661,1.343868612,-0.312813952,36.22273542
JMART,2023-09-20 00:00:00,21.25883484,22.89999962,23.29999924,22.70000076,23.29999924,11326700,22.56363576,20.85803932,26279650,56.32430607,0.940650904,1.263225071,-0.322574166,34.63337834
JMART,2023-09-21 00:00:00,21.16600227,22.79999924,23.20000076,22.70000076,22.79999924,12396400,22.58614657,20.93419461,25813930,55.51316944,0.851124844,1.180805025,-0.329680181,33.15754676
JMART,2023-09-22 00:00:00,22.18717003,23.89999962,24.10000038,22.60000038,22.70000076,28175500,22.71127543,21.05050069,25246830,61.99649308,0.859033233,1.116450667,-0.257417433,32.65344546
JMART,2023-09-25 00:00:00,21.53733826,23.20000076,24.10000038,23.20000076,24.10000038,19114100,22.7578207,21.13479481,24569160,56.36686983,0.799599348,1.053080403,-0.253481055,32.1853514
JMART,2023-09-26 00:00:00,20.7946701,22.39999962,23.79999924,22.20000076,23.10000038,30628900,22.7237425,21.18441068,25335255,50.70052939,0.68010434,0.97848519,-0.298380851,30.36591673
JMART,2023-09-27 00:00:00,20.88750458,22.5,22.70000076,22.29999924,22.60000038,4823400,22.70243369,21.23600242,22704580,51.35876155,0.586709656,0.900130083,-0.313420428,28.67644167
JMART,2023-09-28 00:00:00,20.88750458,22.5,23.10000038,22.5,22.60000038,21411700,22.68315429,21.28557095,20825745,51.35876155,0.506851033,0.821474273,-0.31462324,27.55124485
JMART,2023-09-29 00:00:00,21.16600227,22.79999924,23.39999962,22.5,22.70000076,24573300,22.69428238,21.3449603,20680105,53.51804232,0.462439219,0.749667262,-0.287228044,26.82379385
JMART,2023-10-02 00:00:00,20.7946701,22.39999962,23.20000076,22.39999962,23.10000038,17162500,22.66625545,21.38633439,20661955,50.31109121,0.390464874,0.677826785,-0.287361911,25.9975038
JMART,2023-10-03 00:00:00,20.14483643,21.70000076,22.20000076,21.60000038,22.10000038,19123900,22.5742312,21.39863503,20291390,45.20592466,0.273784611,0.59701835,-0.323233739,24.15547821
JMART,2023-10-04 00:00:00,20.70183563,22.29999924,22.5,21.39999962,21.5,14448400,22.54811387,21.43398265,18703935,49.89872874,0.227111524,0.523036985,-0.295925461,22.78307412
JMART,2023-10-05 00:00:00,21.44450569,23.10000038,23.39999962,22.29999924,22.39999962,24606000,22.60067449,21.49931668,18895210,55.38531033,0.25177388,0.468784364,-0.217010484,22.47569669
JMART,2023-10-06 00:00:00,21.63017273,23.29999924,24.20000076,22.89999962,23.29999924,38356100,22.66727684,21.56993168,19530455,56.66302327,0.284181345,0.43186376,-0.147682415,22.88887564
JMART,2023-10-09 00:00:00,20.42333794,22,23.10000038,21.10000038,23,51355700,22.60372667,21.5867971,21104670,47.20058484,0.202629633,0.386016935,-0.183387301,21.29881962
JMART,2023-10-10 00:00:00,19.86633682,21.39999962,22.70000076,21.39999962,22.60000038,24045500,22.489086,21.57947171,21880535,43.58303974,0.088563394,0.326526226,-0.237962833,19.82233902
JMART,2023-10-11 00:00:00,20.33050346,21.89999962,22.10000038,21.5,21.60000038,13116300,22.43298253,21.59204143,20990715,47.21374181,0.038072028,0.268835387,-0.230763359,18.45132132
JMART,2023-10-12 00:00:00,19.49500465,21,22.20000076,21.10000038,22,19596700,22.29650801,21.56882412,21053830,41.97712683,-0.073715445,0.20032522,-0.274040666,17.59584506
JMART,2023-10-16 00:00:00,18.10250092,19.5,20.60000038,19.10000038,19.89999962,33313100,22.03017391,21.48769376,21915735,35.00793613,-0.280116281,0.10423692,-0.384353201,18.40868149
JMART,2023-10-17 00:00:00,18.4738369,19.89999962,20.20000076,19.70000076,19.79999924,16897700,21.82730017,21.42543125,22118515,37.96564167,-0.406725328,0.00204447,-0.408769798,19.16345817
JMART,2023-10-18 00:00:00,17.35983849,18.70000076,20,18.70000076,19.79999924,16807400,21.52946213,21.31855162,22063965,33.09913632,-0.597011808,-0.117766785,-0.479245023,20.48543587
JMART,2023-10-19 00:00:00,17.45267105,18.79999924,19.10000038,18.5,18.5,9047700,21.26951328,21.21978486,21950015,33.85996713,-0.731316017,-0.240476632,-0.490839386,21.82737047
JMART,2023-10-20 00:00:00,16.61717033,17.89999962,18.79999924,17.89999962,18.79999924,13022600,20.94860722,21.0895972,21981325,30.49822381,-0.900000868,-0.372381479,-0.52761939,23.40590901
JMART,2023-10-24 00:00:00,16.06016922,17.29999924,18,17.29999924,18,14711400,20.60112074,20.94098552,21308120,28.46893821,-1.069768223,-0.511858828,-0.557909395,25.1770778
JMART,2023-10-25 00:00:00,16.52433586,17.79999924,18.20000076,17.60000038,17.60000038,13102600,20.33434727,20.81780959,21007545,32.49961555,-1.150699703,-0.639627003,-0.5110727,26.53971256
JMART,2023-10-26 00:00:00,15.31750298,16.5,17.60000038,16.5,17.60000038,18233000,19.96917134,20.64848372,20387750,28.07072658,-1.304697813,-0.772641165,-0.532056649,28.34771033
JMART,2023-10-27 00:00:00,16.06016922,17.29999924,17.29999924,16.5,17,13725500,19.71496447,20.5171706,20832855,34.02875295,-1.34666565,-0.887446062,-0.459219588,30.02656539
JMART,2023-10-30 00:00:00,15.87450314,17.10000038,17.39999962,16.79999924,17,7352900,19.46592027,20.38316393,20129915,33.28644054,-1.380154141,-0.985987678,-0.394166463,31.43184869
JMART,2023-10-31 00:00:00,15.22466946,16.39999962,17.20000076,16.20000076,17.10000038,12030100,19.17392783,20.22696141,19502755,30.75745269,-1.446503827,-1.078090907,-0.368412919,33.03804283
JMART,2023-11-01 00:00:00,15.78166962,17,17.20000076,16.39999962,16.60000038,13094600,18.96688708,20.1004139,19299360,35.2953296,-1.434139547,-1.149300635,-0.284838912,34.52950881
JMART,2023-11-02 00:00:00,17.45267105,18.79999924,19.29999924,17.39999962,17.5,29460800,18.950993,20.04941725,19816205,46.60147172,-1.26451928,-1.172344364,-0.092174915,33.12244607
JMART,2023-11-03 00:00:00,17.63833809,19,19.20000076,18.60000038,19.10000038,16024200,18.95566034,20.00826363,19894995,47.69508883,-1.101260955,-1.158127682,0.056866728,31.8158878
JMART,2023-11-06 00:00:00,17.54550171,18.89999962,19.70000076,18.89999962,19.60000038,12796000,18.95035931,19.9648023,19304495,47.17485183,-0.968779267,-1.120257999,0.151478732,30.06516885
JMART,2023-11-07 00:00:00,17.54550171,18.89999962,19.29999924,18.5,18.60000038,13160500,18.94556315,19.92304533,18044715,47.17485183,-0.853942853,-1.06699497,0.213052117,28.79332325
JMART,2023-11-08 00:00:00,17.73117065,19.10000038,19.39999962,18.79999924,19,8560000,18.96027146,19.89076906,15904930,48.47836837,-0.738285284,-1.001253033,0.262967748,27.49859308
JMART,2023-11-09 00:00:00,17.26700401,18.60000038,19.20000076,17.79999924,19.20000076,18768300,18.92595993,19.84015068,15641070,45.45833081,-0.679142913,-0.936831009,0.257688096,27.1418493
JMART,2023-11-10 00:00:00,14.20350361,15.30000019,18,15,17.5,78301800,18.58063043,19.66210556,18900345,31.50734711,-0.888314655,-0.927127738,0.038813083,28.39087521
JMART,2023-11-13 00:00:00,13.08950329,14.10000038,15.89999962,13.5,15.89999962,124694200,18.15390376,19.44398379,24155220,28.12696277,-1.137798886,-0.969261968,-0.168536918,30.10999035
JMART,2023-11-14 00:00:00,13.64650249,14.69999981,14.80000019,13.69999981,14.30000019,59648200,17.82496053,19.2579452,25471975,32.05235445,-1.272434168,-1.029896408,-0.24253776,31.70631156
JMART,2023-11-15 00:00:00,14.29633617,15.39999962,15.5,14.80000019,15.19999981,45137700,17.59401187,19.10665322,26883975,36.4155031,-1.307576536,-1.085432433,-0.222144103,32.41439833
JMART,2023-11-16 00:00:00,14.20350361,15.30000019,16.10000038,14.89999962,15.19999981,43474400,17.37553457,18.95737271,28217325,36.05927606,-1.328185736,-1.133983094,-0.194202642,32.44894095
JMART,2023-11-17 00:00:00,14.11067009,15.19999981,15.39999962,14.60000038,14.89999962,33244600,17.16834078,18.81002475,29427170,35.68335636,-1.337173763,-1.174621228,-0.162552536,32.63485384
JMART,2023-11-20 00:00:00,15.41033745,16.60000038,16.60000038,15.39999962,15.39999962,36791000,17.11421312,18.72335713,30615590,44.419361,-1.21729626,-1.183156234,-0.034140026,31.63574744
JMART,2023-11-21 00:00:00,15.6888361,16.89999962,17.10000038,16.29999924,16.5,29220400,17.09381184,18.65185291,31341040,46.10857915,-1.085571255,-1.163639238,0.078067984,30.26996565
JMART,2023-11-22 00:00:00,15.87450314,17.10000038,17.29999924,16.70000076,16.89999962,19392100,17.09440122,18.59099595,31655515,47.25938893,-0.954042244,-1.121719839,0.167677596,28.82669698
JMART,2023-11-23 00:00:00,16.52433586,17.79999924,18,17,17.20000076,20738500,17.16160103,18.55997647,31780790,51.18818284,-0.784279808,-1.054231833,0.269952025,26.89007352
JMART,2023-11-24 00:00:00,15.96733665,17.20000076,18.20000076,17.20000076,17.70000076,22734500,17.16525815,18.50664409,32231240,47.89481607,-0.690200515,-0.981425569,0.291225055,25.0126578
JMART,2023-11-27 00:00:00,16.24583817,17.5,17.70000076,16.79999924,17.10000038,13476600,17.19713833,18.46716785,32537425,49.63949358,-0.584694571,-0.90207937,0.317384799,23.51927073
JMART,2023-11-28 00:00:00,16.89566994,18.20000076,18.29999924,17.70000076,17.79999924,15385900,17.29264903,18.45669071,32705215,53.54792416,-0.439529516,-0.809569399,0.370039883,22.06906586
JMART,2023-11-29 00:00:00,16.61717033,17.89999962,18.39999962,17.70000076,18.20000076,18319900,17.35049195,18.43485969,32966480,51.69618467,-0.344719043,-0.716599328,0.371880285,20.80862534
JMART,2023-11-30 00:00:00,16.4315033,17.70000076,18.20000076,17.39999962,18,15922000,17.3837785,18.40604169,32289540,50.44380962,-0.282463236,-0.629772109,0.347308873,19.34944777
JMART,2023-12-01 00:00:00,16.61717033,17.89999962,18.20000076,17.60000038,17.79999924,16801700,17.43294242,18.3861969,32328415,51.7038179,-0.21451404,-0.546720496,0.332206456,17.99449716
JMART,2023-12-04 00:00:00,16.4315033,17.70000076,18.29999924,17.60000038,18,10619300,17.45837655,18.35928725,32219580,50.32581236,-0.17478721,-0.472333838,0.297546628,16.84125595
JMART,2023-12-06 00:00:00,16.7100029,18,18.10000038,17.70000076,17.89999962,15191800,17.50995973,18.34519755,32321145,52.37617169,-0.117738761,-0.401414823,0.283676062,15.77038912
JMART,2023-12-07 00:00:00,16.52433586,17.79999924,18,17.70000076,17.79999924,7351700,17.53758254,18.32381723,32260730,50.86871057,-0.087655408,-0.33866294,0.251007532,14.77601277
JMART,2023-12-08 00:00:00,17.63833809,19,19,17.89999962,17.89999962,35247300,17.67686039,18.3503342,33084680,58.57296733,0.03263965,-0.264402422,0.297042072,14.94305153
JMART,2023-12-12 00:00:00,17.17417145,18.5,19.20000076,18.29999924,19,32348400,17.75525464,18.35620345,30787010,54.72251459,0.086629913,-0.194195955,0.280825868,15.29005742
JMART,2023-12-13 00:00:00,16.24583817,17.5,18.5,17.39999962,18.29999924,26610300,17.73094468,18.32262684,25882815,47.93539419,0.048170661,-0.145722632,0.193893293,14.45059661
JMART,2023-12-14 00:00:00,16.89566994,18.20000076,18.39999962,17.79999924,17.89999962,19060700,17.77561668,18.31781797,23853440,52.38710827,0.073330332,-0.101912039,0.175242371,13.67109729
JMART,2023-12-15 00:00:00,16.61717033,17.89999962,18.39999962,17.79999924,18.29999924,19167400,17.78746268,18.30143294,22554925,50.39822629,0.068274937,-0.067874644,0.13614958,12.94727649
JMART,2023-12-18 00:00:00,16.7100029,18,18.29999924,17.70000076,17.79999924,13794100,17.80770433,18.28961204,21070910,51.06513503,0.071513333,-0.039997048,0.111510381,12.13840841
JMART,2023-12-19 00:00:00,16.89566994,18.20000076,18.39999962,17.89999962,18.10000038,12235700,17.84506589,18.28609787,20020465,52.44235781,0.089190048,-0.014159629,0.103349677,11.52451468
JMART,2023-12-20 00:00:00,16.52433586,17.79999924,18.39999962,17.79999924,18.29999924,15051000,17.84077383,18.26703518,18933465,49.44510234,0.070113962,0.002695089,0.067418873,10.80216096
JMART,2023-12-21 00:00:00,17.08133507,18.39999962,18.39999962,17.79999924,17.89999962,14643500,17.89403343,18.27224947,18204620,53.71805171,0.102232569,0.022602585,0.079629984,10.13140394
JMART,2023-12-22 00:00:00,16.7100029,18,18.39999962,17.79999924,18.39999962,18788800,17.90412548,18.26157302,18174455,50.6448402,0.094322875,0.036946643,0.057376232,9.508558131
JMART,2023-12-25 00:00:00,16.61717033,17.89999962,18.10000038,17.79999924,18,8210600,17.90373254,18.24739367,17548060,49.87660214,0.079073679,0.04537205,0.033701628,8.930201309
JMART,2023-12-26 00:00:00,16.15300369,17.39999962,18,17.39999962,17.89999962,13253100,17.85575798,18.21416254,17073990,46.11032858,0.026339138,0.041565468,-0.01522633,8.914027619
JMART,2023-12-27 00:00:00,16.06016922,17.29999924,17.70000076,17.10000038,17.60000038,11277800,17.80282858,18.17831299,16964050,45.37238535,-0.023254497,0.028601475,-0.051855972,9.385206422
JMART,2023-12-28 00:00:00,16.06016922,17.29999924,17.60000038,17.29999924,17.29999924,5141100,17.75494007,18.14386932,16451810,45.37238535,-0.061844901,0.0105122,-0.072357101,9.822729597
JMART,2024-01-03 00:00:00,17.08133507,18.39999962,18.70000076,17.79999924,17.89999962,23779300,17.81637431,18.15391364,16724780,54.63451468,-0.003625444,0.007684671,-0.011310115,9.999399804
JMART,2024-01-04 00:00:00,17.17417145,18.5,18.60000038,17.89999962,18.5,25435600,17.88148152,18.16748566,17200460,55.37525813,0.050006644,0.016149065,0.033857579,10.16345071
JMART,2024-01-05 00:00:00,16.89566994,18.20000076,18.70000076,18.20000076,18.5,14127000,17.91181669,18.16876076,17066725,52.60043822,0.067524647,0.026424182,0.041100465,10.47084763
JMART,2024-01-08 00:00:00,16.4315033,17.70000076,18.39999962,17.70000076,18.10000038,19925200,17.89164374,18.15037801,17532020,48.25993293,0.040594027,0.029258151,0.011335876,9.7947038
JMART,2024-01-09 00:00:00,16.33867073,17.60000038,18,17.60000038,18,8536700,17.86386818,18.12879458,17199265,47.41717482,0.01105469,0.025617459,-0.014562769,9.201546636
JMART,2024-01-10 00:00:00,16.4315033,17.70000076,17.89999962,17.5,17.70000076,6504500,17.84826176,18.11197913,17156905,48.38780379,-0.004237407,0.019646486,-0.023883892,8.833113096
JMART,2024-01-11 00:00:00,15.59600258,16.79999924,17.70000076,16.79999924,17.70000076,27218900,17.74842724,18.06052894,16755485,41.04451322,-0.087965098,-0.001875831,-0.086089267,9.61119529
JMART,2024-01-12 00:00:00,15.6888361,16.89999962,16.89999962,16.39999962,16.70000076,19072000,17.66762461,18.01501799,16091665,42.09600629,-0.144584027,-0.03041747,-0.114166556,10.85768641
JMART,2024-01-15 00:00:00,15.41033745,16.60000038,17,16.60000038,16.89999962,7912800,17.56594611,17.9595271,15156790,39.80252109,-0.211227468,-0.06657947,-0.144647998,11.79720436
JMART,2024-01-16 00:00:00,15.41033745,16.60000038,16.70000076,16.29999924,16.60000038,5850000,17.47395128,17.90621233,14496255,39.80252109,-0.26103384,-0.105470344,-0.155563496,13.06038695
JMART,2024-01-17 00:00:00,15.03900337,16.20000076,16.79999924,16.20000076,16.60000038,7373500,17.35262266,17.83930207,13906560,36.70976647,-0.328989983,-0.150174272,-0.178815711,14.23334221
JMART,2024-01-18 00:00:00,14.94616985,16.10000038,16.5,15.89999962,16.29999924,10000500,17.2333253,17.77109416,13716880,35.95753491,-0.38646004,-0.197431425,-0.189028615,15.71068019
JMART,2024-01-19 00:00:00,14.85333633,16,16.5,16,16.20000076,8997800,17.11586574,17.70163949,13554985,35.18117175,-0.435059574,-0.244957055,-0.190102519,17.08249403
JMART,2024-01-22 00:00:00,14.29633617,15.39999962,16.10000038,15.39999962,16.10000038,9805200,16.95244992,17.6113791,13292695,30.87391062,-0.516041466,-0.299173937,-0.216867529,19.06128354
JMART,2024-01-23 00:00:00,13.46083546,14.5,15.60000038,14.10000038,15.5,25761400,16.71888326,17.48936423,13848590,25.77610103,-0.645402844,-0.368419718,-0.276983125,21.9294887
JMART,2024-01-24 00:00:00,14.29633617,15.39999962,15.39999962,14,14.60000038,38351400,16.5932753,17.40742837,14826720,36.98188091,-0.667604492,-0.428256673,-0.239347818,24.65455724
JMART,2024-01-25 00:00:00,13.92500305,15,15.30000019,14.80000019,15.19999981,14600600,16.44153479,17.31301941,15146220,34.48964589,-0.709299718,-0.484465282,-0.224834436,27.18497802
JMART,2024-01-26 00:00:00,13.73933601,14.80000019,15.19999981,14.80000019,15,6301800,16.28519816,17.21446964,14798655,33.28193427,-0.749838131,-0.537539852,-0.212298279,29.53465447
JMART,2024-01-29 00:00:00,13.92500305,15,15.10000038,14.60000038,15,5869800,16.16279834,17.12762769,14528255,35.70645857,-0.757099432,-0.581451768,-0.175647664,31.85985096
JMART,2024-01-30 00:00:00,13.73933601,14.80000019,15.30000019,14.80000019,15,8115700,16.03300804,17.03634818,14676985,34.36170567,-0.770114972,-0.619184409,-0.150930563,33.42431518
JMART,2024-01-31 00:00:00,13.36800194,14.39999962,14.80000019,14.30000019,14.69999981,9524100,15.87748343,16.93296196,13964225,31.78352423,-0.803444971,-0.656036521,-0.14740845,35.27825063
JMART,2024-02-01 00:00:00,13.36800194,14.39999962,14.69999981,14.30000019,14.30000019,9049600,15.73677068,16.83363011,13144925,31.78352423,-0.82040215,-0.688909647,-0.131492503,36.99976212
JMART,2024-02-02 00:00:00,13.83216858,14.89999962,15.19999981,14.69999981,14.69999981,14286400,15.6570782,16.75780146,13152895,38.47565642,-0.784452337,-0.708018185,-0.076434152,37.19244592
JMART,2024-02-05 00:00:00,13.73933601,14.80000019,15.10000038,14.69999981,14.89999962,10182700,15.57545172,16.68102494,12665770,37.6795105,-0.755324063,-0.71747936,-0.037844703,37.37136658
JMART,2024-02-06 00:00:00,14.38916969,15.5,15.80000019,14.69999981,14.80000019,17247700,15.56826585,16.63471024,13101320,46.08899139,-0.668054644,-0.707594417,0.039539773,35.87091137
JMART,2024-02-07 00:00:00,14.48200321,15.60000038,15.89999962,15.30000019,15.60000038,14633700,15.57128818,16.59413338,13507780,47.18542054,-0.584090771,-0.682893688,0.098802917,34.26940771
JMART,2024-02-08 00:00:00,14.01783562,15.10000038,15.69999981,15.10000038,15.60000038,7522300,15.52640363,16.53553993,12522950,42.52813865,-0.551536845,-0.656622319,0.105085475,33.09879404
JMART,2024-02-09 00:00:00,14.01783562,15.10000038,15.5,15.10000038,15.10000038,6713300,15.4857938,16.47924426,11905015,42.52813865,-0.519746311,-0.629247118,0.109500806,32.01179564
JMART,2024-02-12 00:00:00,14.11067009,15.19999981,15.39999962,15,15.19999981,4539500,15.45857532,16.42907781,11736350,43.81445031,-0.480939001,-0.599585494,0.118646493,31.17155507
JMART,2024-02-13 00:00:00,14.76050282,15.89999962,16.39999962,15.69999981,16.10000038,29200300,15.50061573,16.40832965,12903865,51.9257197,-0.389213186,-0.557511033,0.168297846,29.53370742
JMART,2024-02-14 00:00:00,14.57483578,15.69999981,16,15.60000038,15.69999981,11932800,15.51960469,16.38055201,13131830,49.71726856,-0.328867155,-0.511782257,0.182915102,27.82048591
JMART,2024-02-15 00:00:00,14.38916969,15.5,15.89999962,15.39999962,15.69999981,11251100,15.51773758,16.34602055,13194360,47.539822,-0.293794127,-0.468184631,0.174390504,25.84617115
JMART,2024-02-16 00:00:00,13.92500305,15,15.69999981,14.89999962,15.5,11139200,15.46842924,16.29323543,13301430,42.52547356,-0.302853218,-0.435118348,0.132265131,24.84902378
JMART,2024-02-19 00:00:00,13.92500305,15,15.30000019,15,15,5583900,15.42381693,16.24252032,13090365,42.52547356,-0.306499478,-0.409394574,0.102895097,23.92310121
JMART,2024-02-20 00:00:00,13.46083546,14.5,15.19999981,14.39999962,15.10000038,7043700,15.33583436,16.17418619,12154480,37.89041061,-0.345749402,-0.39666554,0.050916138,23.96686647
JMART,2024-02-21 00:00:00,13.73933601,14.80000019,15,14.5,14.5,8375300,15.28480254,16.12029654,10655675,41.97684058,-0.348628964,-0.387058225,0.038429261,24.00750564
JMART,2024-02-22 00:00:00,14.20350361,15.30000019,15.60000038,14.80000019,14.89999962,12031200,15.28624993,16.08812806,10527205,48.10517695,-0.307026012,-0.371051782,0.06402577,22.77557981
JMART,2024-02-23 00:00:00,13.73933601,14.80000019,15.39999962,14.80000019,15.30000019,7169900,15.23994043,16.03761324,10570610,43.19233708,-0.310818274,-0.35900508,0.048186807,21.63164869
JMART,2024-02-27 00:00:00,13.73933601,14.80000019,14.89999962,14.5,14.89999962,3684700,15.19804136,15.98907939,10461355,43.19233708,-0.310247331,-0.349253531,0.0390062,21.0785206
JMART,2024-02-28 00:00:00,13.18233585,14.19999981,15,14.10000038,14.69999981,12753300,15.10298979,15.91891941,10693235,37.81729203,-0.354127707,-0.350228366,-0.003899341,21.17325456
JMART,2024-02-29 00:00:00,13.08950329,14.10000038,14.39999962,14,14.30000019,5098000,15.00746699,15.84758925,10471930,36.99105846,-0.392448438,-0.35867238,-0.033776058,21.40498228
JMART,2024-03-01 00:00:00,13.08950329,14.10000038,14.60000038,14.10000038,14.19999981,6589300,14.9210416,15.77905636,10348915,36.99105846,-0.417999456,-0.370537795,-0.047461661,21.1499481
JMART,2024-03-04 00:00:00,12.71816921,13.69999981,14.10000038,13.5,14.10000038,10430300,14.8047519,15.69752473,10156110,33.58686423,-0.465163411,-0.389462919,-0.075700492,21.76991199
JMART,2024-03-05 00:00:00,12.71816921,13.69999981,13.80000019,13.30000019,13.39999962,7092900,14.69953742,15.61919042,10001620,33.58686423,-0.49681422,-0.410933179,-0.085881041,22.59517596
JMART,2024-03-06 00:00:00,12.9038353,13.89999962,14.10000038,13.5,13.60000038,6538200,14.62339096,15.55177117,9466145,36.95144565,-0.499995761,-0.428745695,-0.071250066,22.65249618
JMART,2024-03-07 00:00:00,12.81100273,13.80000019,14.30000019,13.69999981,14,6705500,14.54497279,15.48307427,9069735,35.97021148,-0.504767626,-0.443950081,-0.060817545,22.25850113
JMART,2024-03-08 00:00:00,13.55366993,14.60000038,14.69999981,13.89999962,13.89999962,13485400,14.55021351,15.44844392,9367890,47.89158624,-0.43893625,-0.442947315,0.004011065,21.06835958
JMART,2024-03-11 00:00:00,13.64650249,14.69999981,14.80000019,14.39999962,14.39999962,6391400,14.56447888,15.41909317,9351795,49.16565714,-0.374379677,-0.429233787,0.054854111,19.76833606
JMART,2024-03-12 00:00:00,13.64650249,14.69999981,14.69999981,14.69999981,14.69999981,0,14.57738563,15.39089343,9124820,49.16565714,-0.31953473,-0.407293976,0.087759246,18.56117135
JMART,2024-03-13 00:00:00,13.73933601,14.80000019,15.30000019,14.80000019,14.89999962,7132400,14.59858702,15.36772115,8021425,50.56741366,-0.264946382,-0.378824457,0.113878075,18.15030141
JMART,2024-03-14 00:00:00,14.11067009,15.19999981,15.19999981,14.80000019,14.80000019,7021000,14.65586443,15.36114384,7775835,55.81579107,-0.1872496,-0.340509486,0.153259886,17.76877931
JMART,2024-03-15 00:00:00,14.11067009,15.19999981,15.19999981,15.19999981,15.19999981,0,14.70768684,15.35482447,7213280,55.81579107,-0.124242154,-0.297256019,0.173013865,17.4145088
JMART,2024-03-18 00:00:00,13.46083546,14.5,15,14.5,14.80000019,4779300,14.68790714,15.32130194,6895285,45.92054742,-0.129301922,-0.2636652,0.134363278,16.71990059
JMART,2024-03-19 00:00:00,13.27516937,14.30000019,14.69999981,14.19999981,14.5,5162900,14.65096362,15.28125089,6874235,43.5452057,-0.147747002,-0.24048156,0.092734558,16.58510818
JMART,2024-03-20 00:00:00,13.27516937,14.30000019,14.30000019,14.30000019,14.30000019,0,14.61753854,15.24277047,6522050,43.5452057,-0.160514549,-0.224488158,0.063973609,16.45994381
JMART,2024-03-21 00:00:00,13.64650249,14.69999981,14.69999981,14.5,14.5,6007000,14.62539199,15.22148535,6403635,49.59315222,-0.136779586,-0.206946444,0.070166858,15.46715913
JMART,2024-03-22 00:00:00,13.64650249,14.69999981,14.69999981,14.69999981,14.69999981,0,14.6324975,15.20103493,5802075,49.59315222,-0.116625075,-0.18888217,0.072257095,14.54528764
JMART,2024-03-25 00:00:00,13.36800194,14.39999962,14.69999981,14.19999981,14.39999962,3651600,14.61035484,15.16962178,5626160,45.36581271,-0.123437083,-0.175793153,0.05235607,14.62289387
JMART,2024-03-26 00:00:00,13.36800194,14.39999962,14.39999962,14.39999962,14.39999962,0,14.59032101,15.13944052,5441925,45.36581271,-0.127367435,-0.166108009,0.038740574,14.69495679
JMART,2024-03-27 00:00:00,13.64650249,14.69999981,14.89999962,14.60000038,14.69999981,4427900,14.60076661,15.12220755,5025655,50.28097009,-0.105063651,-0.153899138,0.048835486,13.64990972
JMART,2024-03-28 00:00:00,13.64650249,14.69999981,14.69999981,14.69999981,14.69999981,0,14.61021739,15.10565039,4770755,50.28097009,-0.08639187,-0.140397684,0.054005814,12.67950887
JMART,2024-03-29 00:00:00,13.64650249,14.69999981,14.89999962,14.60000038,14.89999962,3774500,14.6187681,15.08974252,4630015,50.28097009,-0.070778459,-0.126473839,0.05569538,12.18939279
JMART,2024-04-01 00:00:00,13.73933601,14.80000019,15.10000038,14.69999981,14.80000019,4910800,14.6360283,15.07838008,4354040,52.07595414,-0.049761899,-0.111131451,0.061369552,12.1348086
JMART,2024-04-02 00:00:00,13.64650249,14.69999981,14.80000019,14.5,14.80000019,6413700,14.64212082,15.06354163,4320080,50.12703143,-0.040706085,-0.097046378,0.056340293,11.60457035
JMART,2024-04-03 00:00:00,13.27516937,14.30000019,14.80000019,14.30000019,14.60000038,7114800,14.60953791,15.03359883,4348910,43.16781904,-0.065055988,-0.0906483,0.025592312,10.89489006
JMART,2024-04-04 00:00:00,13.27516937,14.30000019,14.30000019,14.30000019,14.30000019,0,14.58005812,15.00483026,4013635,43.16781904,-0.083392168,-0.089197073,0.005804905,10.23590122
JMART,2024-04-05 00:00:00,13.08950329,14.10000038,14.30000019,14,14,3507200,14.53433834,14.96934673,3514725,39.9514901,-0.112762184,-0.093910096,-0.018852089,10.29715885
JMART,2024-04-09 00:00:00,13.08950329,14.10000038,14.10000038,14.10000038,14.10000038,0,14.49297282,14.93525472,3195155,39.9514901,-0.134487842,-0.102025645,-0.032462197,10.35404094
JMART,2024-04-10 00:00:00,13.08950329,14.10000038,14.10000038,14.10000038,14.10000038,0,14.45554687,14.90249965,3195155,39.9514901,-0.149976743,-0.111615864,-0.038360878,10.40686002
JMART,2024-04-11 00:00:00,14.01783562,15.10000038,15.39999962,14.89999962,15.30000019,10072600,14.5169234,14.91024477,3342165,59.01940123,-0.080630706,-0.105418833,0.024788127,11.58144715
JMART,2024-04-17 00:00:00,14.01783562,15.10000038,15.10000038,15.10000038,15.10000038,0,14.57245454,14.91768617,2991115,59.01940123,-0.025380896,-0.089411245,0.064030349,12.6721352
JMART,2024-04-18 00:00:00,14.01783562,15.10000038,15.10000038,15.10000038,15.10000038,0,14.622697,14.92483575,2991115,59.01940123,0.018195232,-0.06788995,0.086085182,13.68491697
JMART,2024-04-19 00:00:00,14.01783562,15.10000038,15.10000038,15.10000038,15.10000038,0,14.66815446,14.93170495,2752150,59.01940123,0.052128721,-0.043886216,0.096014937,14.62535718
JMART,2024-04-22 00:00:00,12.71816921,13.69999981,13.80000019,13.5,13.80000019,10720700,14.57594926,14.88340279,3030040,36.93435381,-0.033560229,-0.041821018,0.008260789,14.93548374
JMART,2024-04-23 00:00:00,12.9038353,13.89999962,14.19999981,13.60000038,13.69999981,8739300,14.5115731,14.84483796,3467005,40.36735281,-0.084358593,-0.050328533,-0.03403006,14.4703398
JMART,2024-04-24 00:00:00,12.9038353,13.89999962,13.89999962,13.89999962,13.89999962,0,14.45332801,14.80778547,3166655,40.36735281,-0.12319653,-0.064902133,-0.058294397,14.03842043
JMART,2024-04-25 00:00:00,13.08950329,14.10000038,14.19999981,13.80000019,14,6559600,14.41967776,14.78002919,3494635,43.90854096,-0.136266687,-0.079175044,-0.057091643,13.08305971
JMART,2024-04-26 00:00:00,12.99666977,14,14.30000019,14,14,5250600,14.37970845,14.74943981,3574585,42.54803907,-0.15293118,-0.093926271,-0.059004909,12.28128064
JMART,2024-04-29 00:00:00,12.99666977,14,14.30000019,13.80000019,14.19999981,6893800,14.34354574,14.72005002,3919275,42.54803907,-0.164244601,-0.107989937,-0.056254664,11.64375673
JMART,2024-04-30 00:00:00,12.99666977,14,14.10000038,13.89999962,14,5017200,14.3108271,14.69181276,3948740,42.54803907,-0.17123666,-0.120639281,-0.050597378,11.05177024
JMART,2024-05-02 00:00:00,12.99666977,14,14,14,14,0,14.28122452,14.66468285,3948740,42.54803907,-0.174763353,-0.131464096,-0.043299257,10.5020685
JMART,2024-05-03 00:00:00,13.08950329,14.10000038,14.39999962,14,14.10000038,6238400,14.26396508,14.64253844,4071935,44.84662615,-0.167557588,-0.138682794,-0.028874794,10.34919212
JMART,2024-05-07 00:00:00,13.08950329,14.10000038,14.10000038,14.10000038,14.10000038,0,14.24834939,14.62126244,3826395,44.84662615,-0.160002558,-0.142946747,-0.017055811,10.20723548
JMART,2024-05-08 00:00:00,13.08950329,14.10000038,14.30000019,14,14.19999981,3961400,14.23422091,14.60082079,3703780,44.84662615,-0.152259984,-0.144809394,-0.007450589,10.47919792
JMART,2024-05-09 00:00:00,12.34683609,13.30000019,14.19999981,13.19999981,14.19999981,20717400,14.14524751,14.54980822,4383910,32.0388125,-0.208276387,-0.157502793,-0.050773594,10.43938261
JMART,2024-05-10 00:00:00,12.34683609,13.30000019,13.5,12.60000038,13.5,23408100,14.06474777,14.50079614,5554315,32.0388125,-0.249790362,-0.175960307,-0.073830055,11.33525986
JMART,2024-05-13 00:00:00,11.97550201,12.89999962,13.30000019,12.80000019,13.10000038,7446300,13.95381937,14.4380198,5751270,27.4867474,-0.31137782,-0.203043809,-0.108334011,12.16714588
JMART,2024-05-14 00:00:00,12.06833649,13,13.39999962,12.89999962,13,8350400,13.86297943,14.38162687,6168790,30.15835246,-0.348104398,-0.232055927,-0.116048471,12.70014517
JMART,2024-05-15 00:00:00,12.16116905,13.10000038,13.10000038,12.60000038,12.89999962,8804800,13.79031476,14.33136701,6609030,32.82371055,-0.364934543,-0.25863165,-0.106302893,13.65975121
JMART,2024-05-16 00:00:00,12.16116905,13.10000038,13.10000038,13.10000038,13.10000038,0,13.72457053,14.28307812,6105400,32.82371055,-0.373961756,-0.281697671,-0.092264084,14.55081396
JMART,2024-05-17 00:00:00,12.81100273,13.80000019,14,13.39999962,13.39999962,19270600,13.73175431,14.26413389,7068930,48.7132665,-0.320932245,-0.289544586,-0.031387659,13.62449602
JMART,2024-05-20 00:00:00,12.81100273,13.80000019,13.80000019,13.80000019,13.80000019,0,13.73825392,14.24593257,7068930,48.7132665,-0.27572756,-0.286781181,0.011053621,12.76434365
JMART,2024-05-21 00:00:00,12.71816921,13.69999981,13.89999962,13.5,13.80000019,5303700,13.73461067,14.22452344,7334115,46.87621477,-0.245145828,-0.27845411,0.033308282,12.30770028
JMART,2024-05-23 00:00:00,12.53250217,13.5,13.89999962,13.39999962,13.69999981,6880900,13.7122668,14.19611075,7142125,43.3547494,-0.234346498,-0.269632588,0.03528609,12.06650877
JMART,2024-05-24 00:00:00,12.53250217,13.5,13.5,13.5,13.5,0,13.69205091,14.16881229,6705160,43.3547494,-0.223214869,-0.260349044,0.037134175,11.84254522
JMART,2024-05-27 00:00:00,12.34683609,13.30000019,13.60000038,13.19999981,13.60000038,6554100,13.65471275,14.13474123,7032865,39.88020669,-0.227904148,-0.253860065,0.025955917,12.19957816
JMART,2024-05-28 00:00:00,12.43966866,13.39999962,13.39999962,13.19999981,13.30000019,2366700,13.63045435,14.10592783,6823220,42.36724773,-0.221003725,-0.247288797,0.026285072,12.53110875
JMART,2024-05-29 00:00:00,12.06833649,13,13.39999962,13,13.39999962,3505700,13.57041108,14.06255811,6735975,35.95924382,-0.244987651,-0.246828568,0.001840917,13.21275586
JMART,2024-05-30 00:00:00,12.16116905,13.10000038,13.19999981,12.89999962,13.10000038,5275300,13.52561006,14.02481075,6655050,38.46501482,-0.253009355,-0.248064725,-0.00494463,14.02814241
JMART,2024-05-31 00:00:00,12.16116905,13.10000038,13.10000038,13.10000038,13.10000038,0,13.48507581,13.98854368,6404190,38.46501482,-0.256410869,-0.249733954,-0.006676915,14.78528706
JMART,2024-06-04 00:00:00,10.39733505,11.19999981,12.60000038,11.10000038,12.5,25632200,13.26744952,13.87918902,7685800,20.65572035,-0.407720809,-0.281331325,-0.126389484,17.81350596
JMART,2024-06-05 00:00:00,11.41850281,12.30000019,12.5,11.39999962,11.39999962,19195600,13.17531149,13.81726004,8333660,38.42942019,-0.433872773,-0.311839614,-0.122033159,20.62542351
JMART,2024-06-06 00:00:00,11.1400013,12,12.69999981,11.89999962,12.30000019,12299400,13.06337706,13.74599494,8948630,36.05713543,-0.473349424,-0.344141576,-0.129207848,22.70095928
JMART,2024-06-07 00:00:00,11.1400013,12,12,12,12,0,12.96210306,13.67752455,8750560,36.05713543,-0.498884128,-0.375090087,-0.123794042,24.62824249
JMART,2024-06-10 00:00:00,11.04716873,11.89999962,12.30000019,11.80000019,12,7764200,12.86095035,13.60781769,8102900,35.21670607,-0.5211819,-0.404308449,-0.116873451,25.59864558
JMART,2024-06-11 00:00:00,12.53250217,13.5,13.69999981,12,12,42212400,12.92181222,13.60358955,9043115,53.77963418,-0.405076912,-0.404462142,-0.00061477,23.78531489
JMART,2024-06-12 00:00:00,12.81100273,13.80000019,14,13.30000019,13.5,25093500,13.00544917,13.61129193,9925475,56.3076236,-0.285563564,-0.380682426,0.095118862,22.53123695
JMART,2024-06-13 00:00:00,12.81100273,13.80000019,13.89999962,13.39999962,13.80000019,13564600,13.0811207,13.61869225,10186185,56.3076236,-0.188673465,-0.342280634,0.153607169,21.36673601
JMART,2024-06-14 00:00:00,13.08950329,14.10000038,14.19999981,13.60000038,13.69999981,19878300,13.17815686,13.63756708,10739860,58.91381923,-0.086680655,-0.291160638,0.204479983,20.72314331
JMART,2024-06-17 00:00:00,13.08950329,14.10000038,14.10000038,14.10000038,14.10000038,0,13.26595148,13.65570172,10739860,58.91381923,-0.005783944,-0.2340853,0.228301355,20.12552153
JMART,2024-06-18 00:00:00,13.08950329,14.10000038,14.10000038,14.10000038,14.10000038,0,13.34538471,13.6731252,9776330,58.91381923,0.057662583,-0.175735723,0.233398306,19.57058702
JMART,2024-06-19 00:00:00,13.08950329,14.10000038,14.10000038,14.10000038,14.10000038,0,13.41725287,13.6898654,9776330,58.91381923,0.106714278,-0.119245723,0.225960001,19.05529068
JMART,2024-06-20 00:00:00,11.78983593,12.69999981,13.10000038,12.60000038,12.89999962,10770900,13.34894305,13.65104714,10049690,42.86482512,0.032248018,-0.088946975,0.121194993,19.26192848
JMART,2024-06-21 00:00:00,12.34683609,13.30000019,13.5,12.39999962,12.60000038,10216600,13.34428183,13.63728059,10216475,49.24610787,0.021401287,-0.066877322,0.088278609,18.75161779
JMART,2024-06-24 00:00:00,12.34683609,13.30000019,13.30000019,13.30000019,13.30000019,0,13.34006453,13.62405391,10216475,49.24610787,0.012659246,-0.050970009,0.063629255,18.27775785
JMART,2024-06-25 00:00:00,12.34683609,13.30000019,13.30000019,13.30000019,13.30000019,0,13.33624888,13.61134592,9888770,49.24610787,0.005665804,-0.039642846,0.04530865,17.83774506
JMART,2024-06-26 00:00:00,12.34683609,13.30000019,13.30000019,13.30000019,13.30000019,0,13.33279662,13.59913629,9770435,49.24610787,0.000122043,-0.031689868,0.031811912,17.42916175
JMART,2024-06-27 00:00:00,12.53250217,13.5,13.69999981,13.30000019,13.5,3391800,13.34872075,13.59524859,9764740,51.66641365,0.011731651,-0.023005564,0.034737216,16.26636409
JMART,2024-06-28 00:00:00,12.06833649,13,13.5,12.69999981,13.5,10981000,13.31550925,13.57190551,10050025,45.78778981,-0.019192236,-0.022242899,0.003050663,16.15011127
JMART,2024-07-01 00:00:00,12.16116905,13.10000038,13.39999962,13,13.10000038,3345100,13.2949846,13.55339942,10217280,47.08456899,-0.035224399,-0.024839199,-0.0103852,16.04216223
JMART,2024-07-02 00:00:00,11.23283577,12.10000038,12.89999962,12,12.89999962,15082200,13.18117658,13.49640338,9689780,37.43991245,-0.127155873,-0.045302534,-0.081853339,17.21449423
JMART,2024-07-03 00:00:00,11.04716873,11.89999962,12.30000019,11.60000038,12.19999981,15175700,13.05915972,13.43379931,9488785,35.85790189,-0.213687363,-0.0789795,-0.134707864,18.70107686
JMART,2024-07-04 00:00:00,11.41850281,12.30000019,12.39999962,12,12,10495500,12.98685882,13.3893366,9398590,41.20850458,-0.24713863,-0.112611326,-0.134527304,19.86727369
JMART,2024-07-05 00:00:00,12.25400162,13.19999981,13.30000019,12,12.19999981,15129000,13.00715796,13.38191163,10155040,51.09380388,-0.198735651,-0.129836191,-0.06889946,19.27245283
JMART,2024-07-08 00:00:00,12.62533665,13.60000038,13.60000038,13,13,7474400,13.06361914,13.39046413,10140550,54.73652699,-0.126639417,-0.129196836,0.002557419,18.25186352
JMART,2024-07-09 00:00:00,12.62533665,13.60000038,13.60000038,13.60000038,13.60000038,0,13.11470307,13.39868124,8029930,54.73652699,-0.06871058,-0.117099585,0.048389004,17.30417345
JMART,2024-07-10 00:00:00,12.62533665,13.60000038,13.80000019,13.5,13.80000019,4633900,13.16092186,13.40657611,7006950,54.73652699,-0.022541713,-0.09818801,0.075646298,16.0982228
JMART,2024-07-11 00:00:00,13.27516937,14.30000019,14.39999962,13.60000038,13.80000019,14991400,13.26940551,13.44161235,7078290,61.07371501,0.069727803,-0.064604848,0.134332651,15.80155364
JMART,2024-07-12 00:00:00,13.27516937,14.30000019,14.30000019,14.30000019,14.30000019,0,13.36755739,13.47527461,6084375,61.07371501,0.141224116,-0.023439055,0.164663171,15.52607513
JMART,2024-07-15 00:00:00,13.27516937,14.30000019,14.30000019,14.30000019,14.30000019,0,13.45636146,13.50761679,6084375,61.07371501,0.195630353,0.020374827,0.175255527,15.27027366
JMART,2024-07-16 00:00:00,12.16116905,13.10000038,13.5,13,13.39999962,5485600,13.42242231,13.49163184,6358655,46.98814755,0.140300437,0.044359949,0.095940488,15.32487932
JMART,2024-07-17 00:00:00,12.16116905,13.10000038,13.10000038,13.10000038,13.10000038,0,13.39171546,13.47627374,6358655,46.98814755,0.095351922,0.054558343,0.040793579,15.37558457
JMART,2024-07-18 00:00:00,12.06833649,13,13.19999981,12.80000019,13.10000038,4531700,13.35440923,13.45759634,6046695,45.96361898,0.051071979,0.05386107,-0.002789092,15.79870916
JMART,2024-07-19 00:00:00,11.78983593,12.69999981,13.10000038,12.69999981,12.89999962,5148800,13.29208452,13.42788667,5793305,42.93885973,-0.00813394,0.041462068,-0.049596009,16.31535125
JMART,2024-07-23 00:00:00,11.41850281,12.30000019,12.89999962,12,12.80000019,6097500,13.1976003,13.38365583,6098180,39.23173778,-0.086336451,0.015902364,-0.102238815,17.5775318
JMART,2024-07-24 00:00:00,11.23283577,12.10000038,12.39999962,12.10000038,12.30000019,5002200,13.09306697,13.3333164,6348290,37.48895068,-0.162576734,-0.019793455,-0.142783279,18.7495566
JMART,2024-07-25 00:00:00,10.86150169,11.69999981,12.10000038,11.5,12.10000038,7373300,12.96039391,13.26926477,6716955,34.2152276,-0.252365301,-0.066307824,-0.186057476,20.42229463
JMART,2024-07-26 00:00:00,11.60416889,12.5,12.60000038,11.69999981,11.69999981,9243000,12.91654687,13.23909752,7009515,44.629547,-0.256018832,-0.104250026,-0.151768806,20.9590794
JMART,2024-07-30 00:00:00,11.60416889,12.5,12.5,12.5,12.5,0,12.87687574,13.21011331,6460465,44.629547,-0.255963691,-0.134592759,-0.121370932,21.4575224
JMART,2024-07-31 00:00:00,11.1400013,12,12.19999981,11.80000019,12.10000038,7652000,12.79336376,13.16265788,6675810,40.03545616,-0.292889564,-0.16625212,-0.126637444,22.63997641
JMART,2024-08-01 00:00:00,11.69700241,12.60000038,13.10000038,12.19999981,12.30000019,10464100,12.7749482,13.14059288,6444905,47.07585347,-0.270619041,-0.187125504,-0.083493537,22.13920032
JMART,2024-08-02 00:00:00,11.69700241,12.60000038,12.60000038,12.60000038,12.60000038,0,12.75828651,13.11939318,5686120,47.07585347,-0.250086647,-0.199717733,-0.050368914,21.67419396
JMART,2024-08-05 00:00:00,9.933168411,10.69999981,11.69999981,10.60000038,11.60000038,17457400,12.5622592,13.024515,6034215,32.89267883,-0.382717021,-0.23631759,-0.146399431,23.0188354
JMART,2024-08-06 00:00:00,9.283334732,10,11.10000038,10,11,16059000,12.31823452,12.90590657,6080715,29.38059619,-0.5381087,-0.296675812,-0.241432888,24.63698565
JMART,2024-08-07 00:00:00,9.144085884,9.850000381,10.5,9.75,10.30000019,14148100,12.0831646,12.78606711,6414400,28.67406449,-0.665687806,-0.370478211,-0.295209595,26.28527479
JMART,2024-08-08 00:00:00,9.144085884,9.850000381,9.850000381,9.850000381,9.850000381,0,11.87048229,12.67092724,6414400,28.67406449,-0.758056761,-0.447993921,-0.31006284,27.81582899
JMART,2024-08-09 00:00:00,8.447834969,9.100000381,10.19999981,9.100000381,9.899999619,16845000,11.60662687,12.5308909,7024955,25.16487866,-0.881615836,-0.534718304,-0.346897532,29.66863675
JMART,2024-08-13 00:00:00,11.04716873,11.89999962,11.89999962,9.75,9.800000191,35677700,11.63456713,12.50615006,8059270,49.84368171,-0.745012713,-0.576777186,-0.168235527,28.97277981
JMART,2024-08-14 00:00:00,11.23283577,12.10000038,13.5,11.5,12.89999962,35523000,11.67889411,12.49022262,9835420,51.0845428,-0.613542823,-0.584130313,-0.02941251,27.0419223
JMART,2024-08-15 00:00:00,11.23283577,12.10000038,12.30000019,11.39999962,12,17052900,11.71899947,12.47491979,10688065,51.0845428,-0.503547408,-0.568013732,0.064466324,25.16070157
JMART,2024-08-16 00:00:00,10.95433617,11.80000019,12.19999981,11.80000019,12,8483300,11.72671382,12.44845235,10837950,48.97666249,-0.435561871,-0.54152336,0.105961489,23.41385375
JMART,2024-08-19 00:00:00,10.95433617,11.80000019,11.80000019,11.80000019,11.80000019,0,11.73369348,12.42302286,10837950,48.97666249,-0.377333181,-0.508685324,0.131352143,21.79178077
JMART,2024-08-20 00:00:00,12.25400162,13.19999981,13.60000038,12.19999981,12.30000019,29809300,11.8733417,12.45349254,12101830,58.29117525,-0.215731438,-0.450094547,0.234363109,21.80469799
JMART,2024-08-21 00:00:00,12.25400162,13.19999981,13.39999962,12.80000019,13.19999981,16192500,11.99969009,12.48276734,12654015,58.29117525,-0.086661907,-0.377408019,0.290746111,21.81669256
JMART,2024-08-22 00:00:00,12.25400162,13.19999981,13.19999981,13.19999981,13.19999981,0,12.1140053,12.5108941,12349140,58.29117525,0.015448544,-0.298836706,0.31428525,21.82783037
JMART,2024-08-23 00:00:00,13.64650249,14.69999981,14.69999981,13.39999962,13.39999962,33126600,12.36029049,12.59674138,13755360,66.4798652,0.214931678,-0.19608303,0.411014707,22.85415145
JMART,2024-08-26 00:00:00,13.36800194,14.39999962,15,14.30000019,14.80000019,17268800,12.55454851,12.66745739,14250135,63.78271917,0.344840879,-0.087898248,0.432739127,23.97934002
JMART,2024-08-27 00:00:00,15.13183498,16.29999924,16.70000076,14.39999962,14.5,50668800,12.9112581,12.80991001,16321425,71.63242254,0.594258703,0.048533142,0.545725561,25.84575739
JMART,2024-08-28 00:00:00,14.94616985,16.10000038,16.5,16,16.29999924,24841000,13.21494784,12.93893317,17563475,69.91465534,0.766945025,0.192215519,0.574729506,27.57885923
JMART,2024-08-29 00:00:00,14.38916969,15.5,16.70000076,15.39999962,16.10000038,30325900,13.43257186,13.03936716,18697170,64.8874774,0.845637183,0.322899852,0.522737331,28.42445877
JMART,2024-08-30 00:00:00,14.48200321,15.60000038,15.80000019,15.19999981,15.60000038,15924800,13.63899362,13.13978415,18970205,65.3348648,0.905630931,0.439446068,0.466184863,28.96138205
JMART,2024-09-02 00:00:00,14.48200321,15.60000038,15.60000038,15.60000038,15.60000038,0,13.82575617,13.23626322,18970205,65.3348648,0.942313999,0.540019654,0.402294345,29.45995366
JMART,2024-09-03 00:00:00,14.48200321,15.60000038,15.60000038,15.60000038,15.60000038,0,13.99473181,13.32895879,18097335,65.3348648,0.960315674,0.624078858,0.336236816,29.92291301
JMART,2024-09-04 00:00:00,14.48200321,15.60000038,15.60000038,15.60000038,15.60000038,0,14.14761453,13.41801925,17294385,65.3348648,0.963475782,0.691958243,0.271517539,30.35280384
JMART,2024-09-05 00:00:00,14.85333633,16,16.29999924,15.69999981,15.89999962,19585900,14.32403219,13.51927339,17566275,67.55876719,0.98688067,0.750942728,0.235937942,31.23261297
JMART,2024-09-06 00:00:00,14.85333633,16,16.5,15.80000019,16.20000076,22736200,14.48364817,13.61655679,18703085,67.55876719,0.99397133,0.799548448,0.194422881,32.17778628
JMART,2024-09-09 00:00:00,15.13183498,16.29999924,16.60000038,16,16,20100600,14.65663399,13.72178983,18865865,69.27338556,1.012130945,0.842064948,0.170065997,33.12121206
JMART,2024-09-10 00:00:00,14.76050282,15.89999962,16.5,15.89999962,16.29999924,14490900,14.77504976,13.80720982,17806525,64.38695093,0.982915506,0.870235059,0.112680446,33.81509226
JMART,2024-09-11 00:00:00,15.59600258,16.79999924,17,15.80000019,15.89999962,32064900,14.96790209,13.92457411,17633620,69.58541459,1.020619442,0.900311936,0.120307506,34.81178796
JMART,2024-09-12 00:00:00,15.78166962,17,17.20000076,16.5,17,26729900,15.16143523,14.04517905,18117470,70.61203382,1.054483049,0.931146158,0.123336891,35.87101435
JMART,2024-09-13 00:00:00,15.59600258,16.79999924,17.20000076,16.70000076,17,17185700,15.31748894,14.15321121,18552590,68.1352724,1.053042987,0.955525524,0.097517463,36.85458171
JMART,2024-09-16 00:00:00,15.59600258,16.79999924,16.79999924,16.79999924,16.79999924,0,15.4586804,14.25700682,18552590,68.1352724,1.039914244,0.972403268,0.067510976,37.76789426
JMART,2024-09-17 00:00:00,15.59600258,16.79999924,17.70000076,16.70000076,16.79999924,36169500,15.58642505,14.35673201,18870600,68.1352724,1.017777317,0.981478078,0.036299239,39.21910442
JMART,2024-09-18 00:00:00,15.59600258,16.79999924,16.79999924,16.79999924,16.79999924,0,15.70200355,14.45254641,18060975,68.1352724,0.988834969,0.982949456,0.005885513,40.56665671
JMART,2024-09-19 00:00:00,15.31750298,16.5,16.70000076,16.29999924,16.70000076,19356200,15.77800321,14.53283871,19028785,63.63219327,0.930959002,0.972551365,-0.041592363,40.71699984
JMART,2024-09-20 00:00:00,15.31750298,16.5,16.5,16.5,16.5,0,15.84676481,14.60998229,17372455,63.63219327,0.875005365,0.953042165,-0.078036801,40.85660418
JMART,2024-09-23 00:00:00,14.94616985,16.10000038,16.5,15.69999981,16.20000076,15587100,15.87088248,14.66841437,17288370,57.73204018,0.789286672,0.920291067,-0.131004395,39.42494524
JMART,2024-09-24 00:00:00,15.13183498,16.29999924,16.29999924,15.80000019,16.20000076,12736400,15.91175074,14.73239809,15391750,59.74201686,0.729087757,0.882050405,-0.152962648,38.09554766
JMART,2024-09-25 00:00:00,14.94616985,16.10000038,16.5,16.10000038,16.29999924,9413300,15.92967928,14.78602956,14620365,56.83160573,0.657660348,0.837172393,-0.179512046,37.10167299
JMART,2024-09-26 00:00:00,14.76050282,15.89999962,16.39999962,15.89999962,16.20000076,7574600,15.92685265,14.82971466,13482800,53.99861032,0.578249521,0.785387819,-0.207138298,35.79030523
JMART,2024-09-27 00:00:00,14.76050282,15.89999962,15.89999962,15.89999962,15.89999962,0,15.92429521,14.87168661,12686560,53.99861032,0.509443323,0.730198919,-0.220755597,34.57260659
JMART,2024-09-30 00:00:00,14.89246178,15.80000019,16,15.69999981,15.69999981,5371000,15.91245759,14.90809107,12955110,52.48156705,0.441752548,0.672509645,-0.230757097,33.0318966
JMART,2024-10-01 00:00:00,15.17523003,16.10000038,16.10000038,15.69999981,15.80000019,7059500,15.93031881,14.95483261,13308085,56.43572968,0.407615888,0.619530894,-0.211915006,31.75887863
JMART,2024-10-02 00:00:00,14.79820442,15.69999981,16.29999924,15.60000038,16.10000038,14746700,15.90838367,14.98405485,14045420,50.41219036,0.344316569,0.564488029,-0.22017146,30.89056472
JMART,2024-10-03 00:00:00,13.94990063,14.80000019,15.80000019,14.80000019,15.69999981,17875900,15.80282334,14.97683702,13959920,40.05350715,0.219004408,0.495391305,-0.276386897,28.84264358
JMART,2024-10-04 00:00:00,13.76138878,14.60000038,14.89999962,14.19999981,14.69999981,21462500,15.68826877,14.96205912,13896235,38.17620706,0.102375187,0.416788081,-0.314412894,27.83806811
JMART,2024-10-07 00:00:00,13.76138878,14.60000038,14.69999981,14.30000019,14.60000038,8227900,15.58462416,14.94786073,13302600,38.17620706,0.009832348,0.335396934,-0.325564587,26.90524804
JMART,2024-10-08 00:00:00,14.23266888,15.10000038,15.30000019,14.5,14.5,16770300,15.53846952,14.953827,13416570,45.57260831,-0.022898735,0.2637378,-0.286636536,24.99074487
JMART,2024-10-09 00:00:00,14.13841343,15,15.39999962,14.80000019,15.10000038,12188600,15.4871867,14.9556377,12422755,44.42779181,-0.05625903,0.199738434,-0.255997464,23.37526014
JMART,2024-10-10 00:00:00,13.94990063,14.80000019,15.10000038,14.60000038,15,9848800,15.42174037,14.94953427,11578700,42.14737051,-0.097709286,0.14024889,-0.237958176,21.87747181
JMART,2024-10-11 00:00:00,13.94990063,14.80000019,15.10000038,14.69999981,14.89999962,6040900,15.36252702,14.94367019,11021460,42.14737051,-0.129071061,0.0863849,-0.215455961,20.48666837
JMART,2024-10-15 00:00:00,14.42118073,15.30000019,15.5,14.69999981,14.80000019,21013200,15.35657208,14.95764391,12072120,49.64182659,-0.112285317,0.046650857,-0.158936174,19.56627534
JMART,2024-10-16 00:00:00,14.42118073,15.30000019,15.30000019,15.30000019,15.30000019,0,15.35118428,14.97106965,10263645,49.64182659,-0.097854489,0.017749788,-0.115604276,18.71162467
JMART,2024-10-17 00:00:00,15.64650917,16.60000038,16.70000076,16,16.10000038,41438900,15.47011915,15.03494929,12335590,63.78737529,0.018270586,0.017853947,0.000416639,19.7924807
JMART,2024-10-18 00:00:00,14.70394897,15.60000038,16.79999924,15.5,16.60000038,37077200,15.48248879,15.05710815,13221640,51.74618469,0.029271478,0.020137453,0.009134025,19.85465501
JMART,2024-10-21 00:00:00,14.89246178,15.80000019,15.80000019,15.5,15.60000038,9769300,15.51272797,15.08624117,13710105,53.63145001,0.053511233,0.026812209,0.026699024,19.9123883
JMART,2024-10-22 00:00:00,14.89246178,15.80000019,15.80000019,15.80000019,15.80000019,0,15.54008723,15.11423172,12930750,53.63145001,0.07189268,0.035828303,0.036064376,19.96599778
JMART,2024-10-24 00:00:00,14.51543617,15.39999962,15.5,15,15.10000038,6098200,15.52674555,15.12543831,12598840,49.17503248,0.053565931,0.039375829,0.014190102,18.59854739
JMART,2024-10-25 00:00:00,14.51543617,15.39999962,15.39999962,15.39999962,15.39999962,0,15.51467451,15.13620542,12128175,49.17503248,0.038596929,0.039220049,-0.00062312,17.32877202
JMART,2024-10-28 00:00:00,14.60969353,15.5,15.60000038,15.19999981,15.39999962,3285000,15.51327694,15.15047187,11913695,50.370712,0.034406465,0.038257332,-0.003850867,16.47207413
JMART,2024-10-29 00:00:00,14.32692432,15.19999981,15.69999981,15,15.69999981,4554100,15.48344102,15.15241414,12141400,46.81271127,0.006799603,0.031965786,-0.025166183,15.32506747
JMART,2024-10-30 00:00:00,14.23266888,15.10000038,15.5,15.10000038,15.10000038,3294300,15.44692287,15.1503587,12037565,45.65506058,-0.022884355,0.020995758,-0.043880113,14.25998985
JMART,2024-10-31 00:00:00,14.60969353,15.5,15.5,15.10000038,15.10000038,3562600,15.45197783,15.16407013,11862720,50.88693731,-0.013971426,0.014002321,-0.027973747,13.27098921
JMART,2024-11-01 00:00:00,14.42118073,15.30000019,15.60000038,15.19999981,15.60000038,1963700,15.43750377,15.16940072,11223570,48.37903682,-0.022783544,0.006645148,-0.029428692,12.55427755
JMART,2024-11-04 00:00:00,14.23266888,15.10000038,15.5,15.10000038,15.39999962,1694000,15.40536059,15.16667913,10414475,45.94073956,-0.045382385,-0.003760358,-0.041622026,11.67031182
JMART,2024-11-05 00:00:00,14.51543617,15.39999962,15.39999962,14.69999981,15.19999981,5921600,15.40485002,15.17582896,9637430,50.0106268,-0.038639288,-0.010736144,-0.027903143,11.63374689
JMART,2024-11-06 00:00:00,13.85564423,14.69999981,15.39999962,14.69999981,15.39999962,5711700,15.33772143,15.15716899,9511620,42.05472322,-0.088756341,-0.026340184,-0.062416157,11.59979375
JMART,2024-11-07 00:00:00,13.76138878,14.60000038,15,14.5,14.80000019,4837300,15.26746228,15.13531924,8914970,41.0500492,-0.134987533,-0.048069654,-0.086917879,11.95906267
JMART,2024-11-08 00:00:00,14.23266888,15.10000038,15.30000019,14.80000019,14.80000019,8282600,15.25151353,15.13393419,8719670,47.76892386,-0.129784193,-0.064412561,-0.065371631,11.5389109
JMART,2024-11-11 00:00:00,13.38436317,14.19999981,15.30000019,14.10000038,15.30000019,11360500,15.15136937,15.09730931,8795255,39.12477218,-0.196023397,-0.090734729,-0.105288669,12.3915242
JMART,2024-11-12 00:00:00,12.81882858,13.60000038,14.30000019,13.60000038,14.19999981,7873300,15.00361994,15.03859131,8886875,34.62620188,-0.293549527,-0.131297688,-0.162251839,13.86497253
JMART,2024-11-13 00:00:00,12.81882858,13.60000038,13.89999962,13.39999962,13.60000038,5118800,14.86994189,14.98217598,8092155,34.62620188,-0.366613594,-0.178360869,-0.188252725,15.47711313
JMART,2024-11-14 00:00:00,13.10159492,13.89999962,14.10000038,13.30000019,13.5,7700700,14.77756643,14.93973769,8477190,38.71252848,-0.395748026,-0.221838301,-0.173909725,16.46684251
JMART,2024-11-15 00:00:00,12.72457218,13.5,13.89999962,13.30000019,13.89999962,3955700,14.65589344,14.88327739,6603030,35.52410086,-0.445973,-0.266665241,-0.179307759,17.38587694
JMART,2024-11-18 00:00:00,12.53606033,13.30000019,13.60000038,13.10000038,13.5,6066500,14.52676075,14.82118809,5052495,34.01555914,-0.496195138,-0.31257122,-0.183623918,18.52662806
JMART,2024-11-19 00:00:00,12.81882858,13.60000038,13.80000019,13.5,13.5,3541400,14.43849786,14.77329838,4741100,38.25138489,-0.505956683,-0.351248313,-0.15470837,19.03563285
JMART,2024-11-20 00:00:00,12.81882858,13.60000038,13.69999981,13.30000019,13.5,2170700,14.35864095,14.72728669,4849635,38.25138489,-0.507838728,-0.382566396,-0.125272333,19.81930588
JMART,2024-11-21 00:00:00,12.63031483,13.39999962,13.69999981,13.30000019,13.60000038,2826500,14.26734178,14.67523622,4686050,36.44260609,-0.519480406,-0.409949198,-0.109531208,20.54700225
JMART,2024-11-22 00:00:00,12.81882858,13.60000038,13.69999981,13.19999981,13.5,3859100,14.20378546,14.63307011,4879005,39.52237215,-0.506726898,-0.429304738,-0.07742216,21.38693877
JMART,2024-11-25 00:00:00,12.53606033,13.30000019,13.80000019,13.30000019,13.69999981,2765800,14.11771067,14.58079285,4853045,36.65331335,-0.514891806,-0.446422152,-0.068469655,21.84400427
JMART,2024-11-26 00:00:00,12.34754753,13.10000038,13.39999962,13,13.30000019,2600400,14.02078588,14.52272256,4755360,34.83763925,-0.531375502,-0.463412822,-0.067962681,22.78117817
JMART,2024-11-27 00:00:00,12.53606033,13.30000019,13.5,12.89999962,13.10000038,6321500,13.95213962,14.47477266,4906720,38.13779717,-0.522280117,-0.475186281,-0.047093836,23.65141108
JMART,2024-11-28 00:00:00,13.10159492,13.89999962,14.10000038,13.19999981,13.30000019,12921300,13.94717391,14.45223254,5374655,46.83655027,-0.46133899,-0.472416823,0.011077832,22.65314915
JMART,2024-11-29 00:00:00,13.29010868,14.10000038,14.19999981,13.60000038,13.80000019,5784700,13.96172881,14.43841952,5565705,49.39115409,-0.392381192,-0.456409696,0.064028504,21.47130045
JMART,2024-12-02 00:00:00,13.29010868,14.10000038,14.19999981,13.69999981,14.19999981,4365400,13.97489753,14.42514818,5699275,49.39115409,-0.333882847,-0.431904327,0.09802148,20.37386951
JMART,2024-12-03 00:00:00,13.38436317,14.19999981,14.5,14,14.19999981,10328100,13.99633584,14.41631883,5919600,50.76309798,-0.276268714,-0.400777204,0.12450849,19.25309921
JMART,2024-12-04 00:00:00,13.38436317,14.19999981,14.30000019,14,14.10000038,3450100,14.01573241,14.40783573,5806520,50.76309798,-0.227981076,-0.366217978,0.138236903,18.21238392
JMART,2024-12-06 00:00:00,13.29010868,14.10000038,14.30000019,13.80000019,14.19999981,3687400,14.02375793,14.39576376,5749025,49.21576589,-0.195527968,-0.332079976,0.136552009,17.12205462
JMART,2024-12-09 00:00:00,13.00734043,13.80000019,14,13.69999981,14,2338100,14.00244767,14.37240048,5451800,44.80355199,-0.191805143,-0.30402501,0.112219866,16.37143066
JMART,2024-12-11 00:00:00,13.00734043,13.80000019,14.10000038,13.69999981,13.89999962,2412300,13.98316696,14.34995341,5004390,44.80355199,-0.186702587,-0.280560525,0.093857938,15.37678599
JMART,2024-12-12 00:00:00,12.81882858,13.60000038,14,13.5,13.80000019,2529500,13.9466749,14.32054349,4737200,41.89928624,-0.196531594,-0.263754739,0.067223145,14.99422689
JMART,2024-12-13 00:00:00,12.81882858,13.60000038,13.69999981,13.39999962,13.5,1766200,13.91365828,14.2922869,4569570,41.89928624,-0.201992707,-0.251402333,0.049409626,14.89691978
JMART,2024-12-16 00:00:00,12.63031483,13.39999962,13.60000038,13.19999981,13.60000038,2553500,13.86473841,14.25729524,4312210,38.96959886,-0.219923922,-0.24510665,0.025182729,15.29737611
JMART,2024-12-17 00:00:00,12.53606033,13.30000019,13.80000019,13.30000019,13.39999962,4757800,13.81095382,14.21975426,4352315,37.55562872,-0.239443501,-0.24397402,0.004530519,14.98995456
JMART,2024-12-18 00:00:00,12.63031483,13.39999962,13.5,13.10000038,13.30000019,3194400,13.77181532,14.18760702,4208710,39.90388443,-0.244030756,-0.243985368,-4.53882E-05,15.20248952
JMART,2024-12-19 00:00:00,12.25329208,13,13.30000019,13,13.30000019,2337100,13.6983091,14.14103419,4148495,34.34087063,-0.276752583,-0.250538811,-0.026213772,15.63699011
JMART,2024-12-20 00:00:00,11.97052288,12.69999981,13.19999981,12.60000038,13,2746800,13.60323203,14.08452304,4177300,30.86540081,-0.323167106,-0.26506447,-0.058102636,16.87514395
JMART,2024-12-23 00:00:00,12.25329208,13,13,12.69999981,12.80000019,2421900,13.54578136,14.04199272,4157070,37.65985693,-0.331917305,-0.278435037,-0.053482268,18.02485822
JMART,2024-12-24 00:00:00,12.25329208,13,13.10000038,12.89999962,13,937600,13.49380218,14.00113026,4010995,37.65985693,-0.334990341,-0.289746098,-0.045244243,18.70049498
JMART,2024-12-25 00:00:00,12.63031483,13.39999962,13.5,13.10000038,13.10000038,2439300,13.4848686,13.97755651,3994670,45.88402783,-0.301671635,-0.292131205,-0.00954043,17.95345895
JMART,2024-12-26 00:00:00,12.53606033,13.30000019,13.5,13.10000038,13.39999962,1847500,13.46726209,13.95098568,3957025,44.31022295,-0.280106545,-0.289726273,0.009619728,17.25978265
JMART,2024-12-27 00:00:00,12.53606033,13.30000019,13.39999962,13.19999981,13.30000019,1502100,13.45133238,13.92545683,3716055,44.31022295,-0.260018721,-0.283784763,0.023766041,16.61565465
JMART,2024-12-30 00:00:00,12.44180298,13.19999981,13.30000019,13.19999981,13.30000019,1249100,13.42739595,13.89700754,3132445,42.61500551,-0.24929446,-0.276886702,0.027592242,16.01753579
JMART,2025-01-02 00:00:00,12.15903473,12.89999962,13.19999981,12.80000019,13.19999981,1671000,13.37716773,13.85790919,2926760,37.92713054,-0.261982938,-0.273905949,0.011923011,16.56818741
JMART,2025-01-03 00:00:00,12.34754753,13.10000038,13.39999962,12.89999962,12.89999962,2203600,13.35077084,13.82818728,2818670,42.47070188,-0.252984016,-0.269721563,0.016737547,16.34334119
JMART,2025-01-06 00:00:00,11.87626743,12.60000038,13.19999981,12.60000038,13.10000038,2539200,13.27926889,13.78002308,2429225,35.47890541,-0.282936609,-0.272364572,-0.010572037,16.86801457
JMART,2025-01-07 00:00:00,12.06477928,12.80000019,12.89999962,12.60000038,12.69999981,1888200,13.23362425,13.74159081,2351130,39.75148303,-0.287224991,-0.275336656,-0.011888335,17.35521129
JMART,2025-01-08 00:00:00,11.97052288,12.69999981,12.80000019,12.5,12.69999981,1394500,13.18280287,13.70074411,2236485,38.38286462,-0.295288854,-0.279327095,-0.015961758,18.04657088
JMART,2025-01-09 00:00:00,10.55668068,11.19999981,12.60000038,10.80000019,12.60000038,17737900,12.99396449,13.6026757,3006475,24.66504193,-0.417899699,-0.307041616,-0.110858083,21.00910402
JMART,2025-01-10 00:00:00,10.93370628,11.60000038,11.69999981,11.30000019,11.39999962,7928200,12.861206,13.52413942,3282270,31.67743131,-0.47729106,-0.341091505,-0.136199555,23.76002765
JMART,2025-01-13 00:00:00,10.83944893,11.5,11.60000038,11.19999981,11.5,4178500,12.73156733,13.4447614,3364720,30.9029775,-0.526360778,-0.378145359,-0.148215418,26.39969181
JMART,2025-01-14 00:00:00,10.46242523,11.10000038,11.80000019,11.10000038,11.69999981,3414800,12.57618001,13.35280999,3447150,27.95853803,-0.590716101,-0.420659508,-0.170056593,28.16542434
JMART,2025-01-15 00:00:00,10.83944893,11.5,11.60000038,11.10000038,11.19999981,6239000,12.47368667,13.28015077,3631425,34.66275143,-0.602496329,-0.457026872,-0.145469457,29.80503312
JMART,2025-01-16 00:00:00,10.55668068,11.19999981,11.80000019,11.10000038,11.60000038,6401500,12.35238316,13.19857622,3713610,32.23949082,-0.628791437,-0.491379785,-0.137411652,30.62850371
JMART,2025-01-17 00:00:00,10.27391243,10.89999962,11.30000019,10.89999962,11.19999981,2505400,12.21406092,13.10843597,3679160,29.98221085,-0.666158942,-0.526335616,-0.139823325,31.66634665
JMART,2025-01-20 00:00:00,10.08540058,10.69999981,11,10.60000038,10.69999981,3452400,12.06986462,13.01398749,3734925,28.54720528,-0.703798323,-0.561828158,-0.141970165,33.00328852
JMART,2025-01-21 00:00:00,10.55668068,11.19999981,11.30000019,10.80000019,10.80000019,3769600,11.98702035,12.94285072,3786065,36.70353035,-0.685381333,-0.586538793,-0.09884254,33.24512217
JMART,2025-01-22 00:00:00,10.46242523,11.10000038,11.39999962,11.10000038,11.30000019,2047100,11.90254226,12.87058208,3767325,35.82279195,-0.671118616,-0.603454757,-0.067663859,33.15476189
JMART,2025-01-23 00:00:00,10.55668068,11.19999981,11.5,11.19999981,11.19999981,2214800,11.83563346,12.80506905,3831185,37.43947237,-0.644318885,-0.611627583,-0.032691302,32.75371184
JMART,2025-01-24 00:00:00,10.65093803,11.30000019,11.5,11.19999981,11.30000019,1312500,11.78462076,12.74604674,3774845,39.09184364,-0.608002041,-0.610902474,0.002900434,32.38130821
JMART,2025-01-27 00:00:00,10.74519253,11.39999962,11.80000019,11.39999962,11.39999962,3179300,11.74799018,12.69326058,3841435,40.77638882,-0.564642713,-0.601650522,0.037007809,31.08092535
JMART,2025-01-28 00:00:00,10.74519253,11.39999962,11.5,11.19999981,11.5,1839000,11.71484822,12.64254446,3858280,40.77638882,-0.524237054,-0.586167828,0.061930774,30.302337
JMART,2025-01-29 00:00:00,11.21647358,11.89999962,12.10000038,11.5,11.5,6726100,11.73248169,12.61342506,4132130,48.96186355,-0.446719948,-0.558278252,0.111558305,28.27908491
JMART,2025-01-30 00:00:00,10.65093803,11.30000019,12,11.19999981,11.89999962,5039000,11.69129297,12.5619182,4300530,41.54191324,-0.428759549,-0.532374512,0.103614963,26.77577057
JMART,2025-01-31 00:00:00,10.27391243,10.89999962,11.39999962,10.89999962,11.39999962,4096100,11.6159317,12.49674492,4395155,37.46557749,-0.44171074,-0.514241757,0.072531017,25.96715978
JMART,2025-02-03 00:00:00,10.17965794,10.80000019,10.80000019,10.19999981,10.60000038,4163600,11.53822394,12.43020591,4476375,36.50127546,-0.454801106,-0.502353627,0.047552521,26.31632868
JMART,2025-02-04 00:00:00,9.991145134,10.60000038,11,10.5,10.89999962,3218700,11.44886931,12.35843315,4542900,34.58404974,-0.475828574,-0.497048616,0.021220043,26.14449113
JMART,2025-02-05 00:00:00,9.802632332,10.39999962,10.69999981,10.30000019,10.60000038,2567000,11.34897696,12.28163183,4601525,32.73251714,-0.502835014,-0.498205896,-0.004629118,26.27877186
JMART,2025-02-06 00:00:00,9.378480911,9.949999809,10.5,9.800000191,10.5,10585000,11.21574104,12.19019528,4243880,28.97390196,-0.554161013,-0.509396919,-0.044764094,27.05671929
JMART,2025-02-07 00:00:00,9.614120483,10.19999981,10.19999981,9.600000381,10,7141700,11.11900378,12.1121484,4204555,33.53976317,-0.568115445,-0.521140624,-0.046974821,28.01199774
JMART,2025-02-10 00:00:00,9.237096786,9.800000191,10.10000038,9.75,10,4581900,10.99338439,12.02147592,4224725,30.19514794,-0.604482956,-0.537809091,-0.066673865,28.89904202
JMART,2025-02-11 00:00:00,9.425607681,10,10.19999981,9.75,9.800000191,10660400,10.89877636,11.94220236,4587005,33.75237178,-0.610132925,-0.552273858,-0.057859067,29.42968869
JMART,2025-02-13 00:00:00,9.28422451,9.850000381,10.69999981,9.850000381,10.39999962,22590300,10.79889293,11.86015522,5404570,32.4180584,-0.619572239,-0.565733534,-0.053838705,28.59883648
JMART,2025-02-14 00:00:00,9.378480911,9.949999809,10.10000038,9.850000381,10,8360300,10.71804597,11.78524716,5502510,34.28324254,-0.611929898,-0.574972807,-0.036957091,27.82733086
JMART,2025-02-17 00:00:00,9.614120483,10.19999981,10.30000019,9.75,9.850000381,9495100,10.66870824,11.7230806,5851995,38.8285864,-0.579025728,-0.575783391,-0.003242337,26.6118418
JMART,2025-02-18 00:00:00,9.708376884,10.30000019,10.60000038,10.10000038,10.10000038,11949400,10.63359318,11.66727353,6276845,40.59842992,-0.538670286,-0.56836077,0.029690484,24.79108473
JMART,2025-02-19 00:00:00,9.802632332,10.39999962,10.60000038,10.19999981,10.5,10032000,10.61134618,11.61757651,6589965,42.39332756,-0.49293692,-0.553276,0.06033908,23.10038173
JMART,2025-02-20 00:00:00,9.708376884,10.30000019,10.69999981,10.19999981,10.19999981,9951800,10.58169418,11.56590685,6985200,41.05729579,-0.459465582,-0.534513916,0.075048334,21.60643903
JMART,2025-02-21 00:00:00,9.802632332,10.39999962,10.5,10.19999981,10.19999981,3910200,10.56438994,11.520185,7069970,42.99210854,-0.420028363,-0.511616806,0.091588443,20.21920653
JMART,2025-02-24 00:00:00,9.708376884,10.30000019,10.39999962,10.10000038,10.30000019,2461200,10.53920996,11.47233461,7127405,41.52421357,-0.39232077,-0.487757599,0.095436828,18.88556728
JMART,2025-02-25 00:00:00,9.142839432,9.699999809,10.19999981,9.699999809,10.19999981,6662300,10.45928518,11.40283129,7301555,34.01895155,-0.414004929,-0.473007065,0.059002136,18.60346973
JMART,2025-02-26 00:00:00,9.519865036,10.10000038,10.19999981,9.649999619,9.75,12477000,10.42506758,11.35173988,7833455,41.59755589,-0.39436706,-0.457279064,0.062912004,18.4507477
JMART,2025-02-27 00:00:00,9.095712662,9.649999619,10.19999981,9.600000381,10.10000038,7923700,10.35125159,11.28500497,7893335,36.51606333,-0.41038455,-0.447900161,0.037515611,18.42225158
JMART,2025-02-28 00:00:00,8.90719986,9.449999809,9.550000191,9.199999809,9.5,7207500,10.26541808,11.21304398,8001760,34.49894968,-0.434211519,-0.445162433,0.010950913,19.21886509
JMART,2025-03-03 00:00:00,8.954327583,9.5,9.75,9.399999619,9.600000381,7315800,10.19252112,11.14586579,8162745,35.45881459,-0.443942474,-0.444918441,0.000975967,19.30713417
JMART,2025-03-04 00:00:00,9.095712662,9.649999619,10.10000038,9.350000381,9.399999619,24115400,10.14085241,11.08720437,9160335,38.37632635,-0.434541487,-0.44284305,0.008301563,18.38145368
JMART,2025-03-05 00:00:00,9.519865036,10.10000038,10.10000038,9.649999619,9.75,20164400,10.13696174,11.04849049,10007620,46.22922122,-0.386326504,-0.431539741,0.045213237,17.52189323
JMART,2025-03-06 00:00:00,9.237096786,9.800000191,10.19999981,9.75,10.10000038,12463600,10.10487016,10.99953008,10502450,42.35421994,-0.368080291,-0.418847851,0.05076756,16.43995432
JMART,2025-03-07 00:00:00,9.614120483,10.19999981,10.30000019,9.75,9.800000191,15587000,10.11393013,10.96817595,10752550,48.54703879,-0.317681376,-0.398614556,0.08093318,15.37885982
JMART,2025-03-10 00:00:00,9.189968109,9.75,10.19999981,9.699999809,10.10000038,12655900,10.07927012,10.92040435,11028260,42.95611824,-0.310472167,-0.380986078,0.070513911,14.31520774
JMART,2025-03-11 00:00:00,9.519865036,10.10000038,10.19999981,9.550000191,9.649999619,10841000,10.08124443,10.88823164,11341215,47.97464769,-0.273365523,-0.359461967,0.086096444,13.76704157
JMART,2025-03-12 00:00:00,9.189968109,9.75,10.19999981,9.649999619,10.10000038,12502800,10.04969734,10.84359511,11433335,43.82270569,-0.269098348,-0.341389243,0.072290895,13.25803012
JMART,2025-03-13 00:00:00,9.001456261,9.550000191,9.850000381,9.550000191,9.800000191,5932100,10.00210714,10.7928659,10600425,41.60680836,-0.278642873,-0.328839969,0.050197096,13.08963657
JMART,2025-03-14 00:00:00,9.142839432,9.699999809,9.800000191,9.5,9.600000381,7696800,9.973335009,10.7500084,10567250,43.89806402,-0.270979578,-0.317267891,0.046288313,13.08588047
JMART,2025-03-17 00:00:00,8.954327583,9.5,9.75,9.5,9.75,4351500,9.928255484,10.70098846,10310070,41.55666142,-0.277841886,-0.30938269,0.031540804,13.08239267
JMART,2025-03-18 00:00:00,8.860072136,9.399999619,9.600000381,9.350000381,9.600000381,4834800,9.877945402,10.64996929,9954340,40.39646674,-0.288029288,-0.30511201,0.017082722,13.55748358
JMART,2025-03-19 00:00:00,9.189968109,9.75,9.949999809,9.449999809,9.449999809,15099600,9.865760125,10.61467638,10207720,46.07140179,-0.264808227,-0.297051253,0.032243026,12.61204838
JMART,2025-03-20 00:00:00,9.237096786,9.800000191,10.30000019,9.699999809,9.800000191,17031000,9.859497275,10.58272829,10561680,46.84994096,-0.239608711,-0.285562745,0.045954034,12.75340703
JMART,2025-03-21 00:00:00,9.189968109,9.75,9.949999809,9.649999619,9.800000191,8425800,9.849068963,10.55007228,10787460,46.13271657,-0.221123537,-0.272674903,0.051551367,12.70167062
JMART,2025-03-24 00:00:00,9.095712662,9.649999619,9.800000191,9.600000381,9.75,3768500,9.830109978,10.51477532,10852825,44.66013057,-0.212098162,-0.260559555,0.048461393,12.46549436
JMART,2025-03-25 00:00:00,9.095712662,9.649999619,9.75,9.550000191,9.699999809,3397600,9.81295661,10.48086254,10689590,44.66013057,-0.202609926,-0.248969629,0.046359703,12.05322604
JMART,2025-03-26 00:00:00,9.095712662,9.649999619,9.850000381,9.550000191,9.699999809,4900600,9.797436897,10.44827968,10310770,44.66013057,-0.192867178,-0.237749139,0.044881961,12.00698873
JMART,2025-03-27 00:00:00,8.954327583,9.5,9.649999619,9.399999619,9.649999619,3815600,9.769109573,10.41109225,10105365,42.14007842,-0.195001836,-0.229199678,0.034197842,11.36383874
JMART,2025-03-28 00:00:00,8.860072136,9.399999619,9.5,9.350000381,9.5,2345200,9.733956244,10.37144155,9862250,40.49936062,-0.202429284,-0.2238456,0.021416315,10.57267308
JMART,2025-03-31 00:00:00,8.341663361,8.850000381,9.199999809,8.850000381,9,6823100,9.649769971,10.31177719,9837615,32.90990971,-0.249816207,-0.229039721,-0.020776486,11.3809528
JMART,2025-04-01 00:00:00,8.294536591,8.800000191,9,8.699999809,8.949999809,3239600,9.568839516,10.25249182,8793825,32.31700145,-0.288084424,-0.240848662,-0.047235762,12.50351657
JMART,2025-04-02 00:00:00,8.247407913,8.75,9,8.699999809,8.850000381,5417900,9.4908548,10.19357057,8056500,31.70192217,-0.318772251,-0.256433379,-0.062338871,13.54589722
JMART,2025-04-03 00:00:00,8.200279236,8.699999809,8.75,8.5,8.600000381,5757200,9.415535277,10.13499917,7721180,31.06518722,-0.343171307,-0.273780965,-0.069390342,15.00054857
JMART,2025-04-04 00:00:00,7.493358135,7.949999809,8.649999619,7.949999809,8.649999619,8953100,9.275960471,10.04931292,7389485,23.45516564,-0.418205653,-0.302665903,-0.11553975,17.3747277
JMART,2025-04-08 00:00:00,6.692181587,7.099999905,7.449999809,7,7.050000191,11023500,9.068726131,9.933653588,7307865,18.05648707,-0.540033629,-0.350139448,-0.189894181,20.64183482
JMART,2025-04-09 00:00:00,6.64505434,7.050000191,7.150000095,6.699999809,7.050000191,11317600,8.876466518,9.820569141,7331695,17.79699213,-0.63331725,-0.406775008,-0.226542242,23.91014933
JMART,2025-04-10 00:00:00,7.022078037,7.449999809,7.75,7.25,7.699999809,10638500,8.740612546,9.727605637,7238480,26.85359579,-0.667276616,-0.45887533,-0.208401286,25.03255637
JMART,2025-04-11 00:00:00,6.739310265,7.150000095,7.349999905,7,7.25,8025300,8.589125646,9.626523067,7343140,24.65925743,-0.710210266,-0.509142317,-0.201067949,26.36519742
JMART,2025-04-16 00:00:00,7.069206715,7.5,7.650000095,7.050000191,7.150000095,14113700,8.485399394,9.543130006,7663985,31.6741051,-0.707833957,-0.548880645,-0.158953312,26.7809889
JMART,2025-04-17 00:00:00,7.304846764,7.75,7.800000191,7.400000095,7.449999809,6447000,8.415361356,9.472811182,7768760,36.24066239,-0.677962672,-0.574697051,-0.103265622,26.77688787
JMART,2025-04-18 00:00:00,7.399102211,7.849999905,7.900000095,7.5,7.699999809,8945900,8.361517408,9.409171524,7974315,38.02494947,-0.638855973,-0.587528835,-0.051327138,26.51225705
JMART,2025-04-21 00:00:00,7.493358135,7.949999809,8.149999619,7.800000191,7.800000191,16945400,8.322325256,9.351949104,8066605,39.83807286,-0.592959211,-0.58861491,-0.004344301,25.6336462
JMART,2025-04-22 00:00:00,7.776127338,8.25,8.300000191,7.800000191,7.800000191,8898000,8.315437136,9.308735413,7659955,45.03343357,-0.526311201,-0.576154168,0.049842968,24.45516189
JMART,2025-04-23 00:00:00,7.823254585,8.300000191,8.399999619,8.199999809,8.300000191,7761800,8.313966951,9.269177169,7626755,45.87240565,-0.464107631,-0.553744861,0.08963723,23.11977328
JMART,2025-04-24 00:00:00,7.870382786,8.350000381,8.449999809,8.25,8.25,9247500,8.317398706,9.233131021,7900705,46.74773534,-0.406095045,-0.524214898,0.118119853,21.75603037
JMART,2025-04-25 00:00:00,8.058896065,8.550000191,8.75,8.350000381,8.350000381,7350200,8.339551229,9.206341577,8098335,50.21579916,-0.340061325,-0.487384183,0.147322859,20.62553442
JMART,2025-04-28 00:00:00,7.964639187,8.449999809,8.649999619,8.399999619,8.550000191,3220300,8.350070141,9.176681115,8014320,48.51451275,-0.292427399,-0.448392826,0.155965427,19.57578818
JMART,2025-04-29 00:00:00,7.917510509,8.399999619,8.600000381,8.300000191,8.449999809,6827000,8.354825329,9.146223017,8164890,47.64532808,-0.255763486,-0.409866958,0.154103473,18.33105657
JMART,2025-04-30 00:00:00,8.058896065,8.550000191,8.649999619,8.350000381,8.399999619,10914700,8.373413412,9.12284173,8593365,50.50993072,-0.212157656,-0.370325098,0.158167442,17.30698256
JMART,2025-05-02 00:00:00,8.247407913,8.75,9,8.600000381,8.649999619,8382700,8.409278801,9.108220486,8671345,54.11490314,-0.159621392,-0.328184357,0.168562964,17.20928468
JMART,2025-05-06 00:00:00,7.917510509,8.399999619,8.75,8.399999619,8.75,6110000,8.408395069,9.080447118,8814865,47.58274094,-0.144561714,-0.291459828,0.146898115,16.52958076
JMART,2025-05-07 00:00:00,8.530176163,9.050000191,9.199999809,8.449999809,8.449999809,10045700,8.469500319,9.079253121,9046255,57.776308,-0.079263495,-0.249020562,0.169757066,16.86764341
JMART,2025-05-08 00:00:00,8.294536591,8.800000191,9.149999619,8.75,9,11532800,8.500976497,9.068302026,9335035,53.46937664,-0.047143655,-0.20864518,0.161501525,17.18155873
JMART,2025-05-09 00:00:00,7.93642807,8.199999809,8.649999619,8.149999619,8.600000381,13632900,8.472312051,9.034250958,9569025,44.83165611,-0.069304566,-0.180777057,0.111472491,16.03979115
JMART,2025-05-13 00:00:00,8.22678566,8.5,8.600000381,8.300000191,8.350000381,6909000,8.474948998,9.01329994,9363300,49.24649402,-0.061945669,-0.15701078,0.095065111,14.9795784
JMART,2025-05-14 00:00:00,7.93642807,8.199999809,8.449999809,8.100000381,8.449999809,7103400,8.448763361,8.981405818,9152590,45.33913987,-0.079405857,-0.141489795,0.062083938,14.46664396
JMART,2025-05-15 00:00:00,7.065356731,7.300000191,7.699999809,7.300000191,7.650000095,13585500,8.339357345,8.915468342,9299940,36.08833056,-0.163975423,-0.145986921,-0.017988502,15.46226009
JMART,2025-05-16 00:00:00,6.920178413,7.150000095,7.400000095,7.150000095,7.400000095,5003600,8.226085226,8.846234293,9148855,34.81339928,-0.240330783,-0.164855693,-0.07547509,16.60758218
JMART,2025-05-19 00:00:00,7.065356731,7.300000191,7.400000095,7,7.150000095,6107900,8.137886651,8.785597662,8748565,37.20256658,-0.285448727,-0.1889743,-0.096474427,17.88852366
JMART,2025-05-20 00:00:00,6.774999619,7,7.349999905,6.900000095,7.349999905,10142800,8.029516494,8.715574224,8933355,34.48062944,-0.341476206,-0.219474681,-0.122001525,19.22252317
JMART,2025-05-21 00:00:00,6.726606369,6.949999809,7.199999809,6.949999809,7.050000191,4539400,7.926705381,8.646336012,8713030,34.03368963,-0.385469531,-0.252673651,-0.13279588,20.46123699
JMART,2025-05-22 00:00:00,6.242678165,6.449999809,6.949999809,6.449999809,6.900000095,12676300,7.786066755,8.56020518,8499575,29.86483293,-0.455430461,-0.293225013,-0.162205448,22.30030532
JMART,2025-05-23 00:00:00,6.194285393,6.400000095,6.550000191,6.300000191,6.449999809,4589800,7.654060407,8.475491255,8284165,29.47600385,-0.509041645,-0.336388339,-0.172653306,24.18789051
JMART,2025-05-26 00:00:00,6.339464188,6.550000191,6.599999905,6.349999905,6.449999809,3858000,7.548911815,8.399981802,8088975,32.32275822,-0.533277846,-0.375766241,-0.157511605,25.76506759
JMART,2025-05-27 00:00:00,6.194285393,6.400000095,6.550000191,6.300000191,6.5,4964000,7.439491651,8.321551147,7874800,30.97619771,-0.558154902,-0.412243973,-0.145910929,27.29670743
JMART,2025-05-28 00:00:00,6.242678165,6.449999809,6.75,6.400000095,6.449999809,8632500,7.345254333,8.248156977,7938915,31.9932197,-0.567296152,-0.443254409,-0.124041743,27.98232024
JMART,2025-05-29 00:00:00,6.484642029,6.699999809,6.849999905,6.5,6.650000095,12805400,7.283801521,8.187444931,8418170,36.99221628,-0.548050166,-0.46421356,-0.083836606,28.2635123
JMART,2025-05-30 00:00:00,6.049106598,6.25,6.599999905,6.25,6.599999905,28906000,7.185344233,8.111466698,9522120,32.37856071,-0.562623237,-0.483895496,-0.078727742,28.95811899
JMART,2025-06-04 00:00:00,6.097499847,6.300000191,6.449999809,6.150000095,6.349999905,13272900,7.101025753,8.040428796,9640030,33.37288904,-0.563640606,-0.499844518,-0.063796088,29.7669125
JMART,2025-06-05 00:00:00,6.678214073,6.900000095,7.050000191,6.400000095,6.400000095,25432000,7.081880452,7.995706102,10492495,44.01198402,-0.510151194,-0.501905853,-0.008245341,28.58541138
JMART,2025-06-06 00:00:00,6.871785164,7.099999905,7.300000191,6.800000191,6.849999905,16285000,7.083606114,7.960580369,11001245,47.04730653,-0.446475446,-0.490819772,0.044344326,26.84413732
JMART,2025-06-09 00:00:00,6.920178413,7.150000095,7.300000191,7.099999905,7.150000095,6147400,7.089929351,7.928792907,10806330,47.80908974,-0.387510381,-0.470157894,0.082647513,25.22723997
JMART,2025-06-10 00:00:00,7.065356731,7.300000191,7.550000191,7.199999809,7.199999809,12907500,7.109936097,7.904134369,10875065,50.12708557,-0.324930788,-0.441112472,0.116181684,23.75418589
JMART,2025-06-11 00:00:00,6.823392868,7.050000191,7.25,7.050000191,7.199999809,5517700,7.104227916,7.870638911,10469305,46.42613358,-0.292141297,-0.411318237,0.11917694,22.11567347
JMART,2025-06-12 00:00:00,6.484642029,6.699999809,7.050000191,6.650000095,7,7884800,7.065730001,7.824731495,10518095,41.77584955,-0.291042538,-0.387263098,0.096220559,21.51177306
JMART,2025-06-13 00:00:00,6.049106598,6.25,6.599999905,6.150000095,6.599999905,15370700,6.988041429,7.762977319,10931460,36.68763748,-0.322762384,-0.374362955,0.051600571,21.86659631
JMART,2025-06-16 00:00:00,5.90392828,6.099999905,6.25,5.900000095,6.199999809,8132900,6.903466046,7.697762518,10658830,35.15076246,-0.35590173,-0.37067071,0.01476898,22.58481323
JMART,2025-06-17 00:00:00,5.758749485,5.949999809,6.150000095,5.900000095,6.150000095,14381300,6.812659738,7.629222804,11127715,33.63345039,-0.389775565,-0.374491681,-0.015283884,23.25172895
JMART,2025-06-18 00:00:00,5.758749485,5.949999809,6.25,5.900000095,5.949999809,16128400,6.730501649,7.563370922,11628740,33.63345039,-0.411873008,-0.381967946,-0.029905061,23.55816294
JMART,2025-06-19 00:00:00,5.516785145,5.699999809,5.849999905,5.650000095,5.75,11702200,6.632358617,7.490297545,11706710,31.04329503,-0.444435129,-0.394461383,-0.049973746,24.26737151
JMART,2025-06-20 00:00:00,5.323214054,5.5,5.900000095,5.5,5.800000191,19208000,6.524514939,7.412246661,12440140,29.11178285,-0.480836376,-0.411736382,-0.069099994,25.16512342
JMART,2025-06-23 00:00:00,5.226428509,5.400000095,5.5,5.199999809,5.300000191,15123500,6.417418287,7.333335031,12562500,28.16806674,-0.511853455,-0.431759796,-0.080093659,26.44014678
JMART,2025-06-24 00:00:00,5.710356712,5.900000095,5.900000095,5.550000191,5.599999905,18773500,6.368140364,7.277125818,13271685,38.84318147,-0.490435457,-0.443494929,-0.046940529,26.36581576
JMART,2025-06-25 00:00:00,5.855535507,6.050000191,6.099999905,5.75,5.800000191,13062800,6.3378413,7.229003244,13731925,41.64499557,-0.456100147,-0.446015972,-0.010084175,25.73966578
JMART,2025-06-26 00:00:00,6.194285393,6.400000095,6.699999809,6,6,20180500,6.343761185,7.196493317,14492750,47.66936394,-0.396081321,-0.436029042,0.039947721,24.04954485
JMART,2025-06-27 00:00:00,5.90392828,6.099999905,6.5,6,6.449999809,15742300,6.320545825,7.153493575,14848240,43.52192677,-0.368475915,-0.422518417,0.054042501,22.48014685
JMART,2025-06-30 00:00:00,6.049106598,6.25,6.349999905,6.050000191,6.300000191,8277000,6.313827175,7.118062455,14621820,46.04942702,-0.330682773,-0.404151288,0.073468515,21.0228487
JMART,2025-07-01 00:00:00,6.194285393,6.400000095,6.449999809,6.099999905,6.25,14457800,6.32203412,7.089903146,13899410,48.52999008,-0.285338477,-0.380388726,0.095050248,19.90506853
JMART,2025-07-02 00:00:00,6.387856483,6.599999905,6.699999809,6.300000191,6.300000191,18041400,6.348507052,7.070691255,14137835,51.71760426,-0.230606199,-0.35043222,0.119826022,19.42874
JMART,2025-07-03 00:00:00,6.823392868,7.050000191,7.199999809,6.550000191,6.599999905,23489900,6.415315922,7.06987984,14040730,58.01768068,-0.149199334,-0.310185643,0.160986309,19.92718734
JMART,2025-07-04 00:00:00,6.678214073,6.900000095,7.099999905,6.800000191,7,12718900,6.46147632,7.06321789,13862425,55.42170673,-0.095684569,-0.267285428,0.171600859,20.39003129
JMART,2025-07-07 00:00:00,6.920178413,7.150000095,7.25,6.650000095,6.699999809,17416900,6.527050013,7.066621113,14425900,58.73567163,-0.032723604,-0.220373063,0.187649459,20.81981497
JMART,2025-07-08 00:00:00,6.823392868,7.050000191,7.300000191,7,7.050000191,14887400,6.576854792,7.065969312,14524895,56.91311479,0.009000505,-0.17449835,0.183498855,21.3167076
JMART,2025-07-09 00:00:00,6.533035278,6.75,7.150000095,6.699999809,7.099999905,16276300,6.593344811,7.053578359,15062825,51.72742393,0.017656125,-0.136067455,0.15372358,20.79858156
JMART,2025-07-11 00:00:00,6.920178413,7.150000095,7.25,6.800000191,6.800000191,16918400,6.6463596,7.057359604,15514505,57.31237654,0.056145224,-0.097624919,0.153770143,20.54517946
JMART,2025-07-14 00:00:00,7.016963959,7.25,7.300000191,7.050000191,7.099999905,11603700,6.703849162,7.064914129,15326155,58.60188374,0.09363787,-0.059372361,0.153010231,20.42563287
JMART,2025-07-15 00:00:00,7.162142277,7.400000095,7.5,7.199999809,7.349999905,11166000,6.770149251,7.078054755,15477810,60.52802141,0.133911171,-0.020715655,0.154626826,20.76546233
JMART,2025-07-16 00:00:00,7.113749504,7.349999905,7.550000191,7.25,7.400000095,11831500,6.825373123,7.088719271,15350320,59.5336828,0.159949655,0.015417407,0.144532248,21.19065828
JMART,2025-07-17 00:00:00,7.258928299,7.5,7.75,7.349999905,7.400000095,21584700,6.889623302,7.104847927,15623135,61.57315197,0.190493208,0.050432567,0.140060641,22.01052277
JMART,2025-07-18 00:00:00,7.307321072,7.550000191,7.75,7.5,7.5,12673300,6.952516339,7.122304878,15671690,62.25601874,0.216241099,0.083594274,0.132646825,22.7718255
JMART,2025-07-21 00:00:00,7.258928299,7.5,7.650000095,7.400000095,7.550000191,9551900,7.00465764,7.137116452,15188885,61.08696507,0.229961042,0.112867627,0.117093415,23.05260323
JMART,2025-07-22 00:00:00,6.968571186,7.199999809,7.75,7.199999809,7.599999905,16827300,7.023261656,7.139582466,15274075,54.47697723,0.214158008,0.133125703,0.081032304,22.51415137
JMART,2025-07-23 00:00:00,7.404106617,7.650000095,7.800000191,7.300000191,7.300000191,18892600,7.082951031,7.159598843,15280030,61.25022867,0.235233625,0.153547288,0.081686337,22.15429976
JMART,2025-07-24 00:00:00,7.355713844,7.599999905,7.699999809,7.400000095,7.550000191,10559000,7.132193781,7.176869473,15154840,60.17882443,0.245076516,0.171853133,0.073223383,21.82015184
JMART,2025-07-25 00:00:00,7.162142277,7.400000095,7.699999809,7.300000191,7.650000095,13161800,7.157699144,7.185619694,14803905,55.9620365,0.234040887,0.184290684,0.049750203,21.08098801
JMART,2025-07-29 00:00:00,7.307321072,7.550000191,7.599999905,7.25,7.5,10128900,7.195061149,7.199909125,14523235,58.32090113,0.234693427,0.194371233,0.040322194,20.18135616
JMART,2025-07-30 00:00:00,7.646071434,7.900000095,8,7.550000191,7.599999905,19061100,7.262198191,7.227363673,15062440,63.26529864,0.260450327,0.207587051,0.052863275,20.57156643
JMART,2025-07-31 00:00:00,7.404106617,7.650000095,7.900000095,7.650000095,7.800000191,14247600,7.299131706,7.24393765,15051930,57.97486166,0.257719119,0.217613465,0.040105654,20.93390454
JMART,2025-08-01 00:00:00,7.113749504,7.349999905,7.849999905,7.349999905,7.800000191,11266200,7.303976296,7.248096954,14713170,52.32072922,0.228710675,0.219832907,0.008877768,20.01196394
JMART,2025-08-04 00:00:00,7.113749504,7.349999905,7.449999809,7.199999809,7.400000095,8049000,7.308359497,7.252093148,13941125,52.32072922,0.203376872,0.2165417,-0.013164828,18.61418752
JMART,2025-08-05 00:00:00,7.307321072,7.550000191,7.650000095,7.400000095,7.400000095,9384100,7.331372896,7.263775777,13774385,55.66392602,0.197165205,0.212666401,-0.015501196,17.96743726
JMART,2025-08-06 00:00:00,9.243035316,9.550000191,9.649999619,7.599999905,7.599999905,76261700,7.542670734,7.353431637,16716625,74.7390177,0.349595776,0.240052276,0.1095435,20.57437837
JMART,2025-08-07 00:00:00,8.904284477,9.199999809,9.600000381,9.050000191,9.5,41002500,7.700511598,7.425846075,18022380,69.13343526,0.437117182,0.279465257,0.157651925,22.9951094
JMART,2025-08-08 00:00:00,9.049464226,9.350000381,9.75,8.75,9.149999619,47943400,7.857605768,7.501303107,19605735,70.16617612,0.512672549,0.326106716,0.186565834,24.36570049
JMART,2025-08-13 00:00:00,8.662321091,8.949999809,9.449999809,8.649999619,9.449999809,48587600,7.961643296,7.558114742,21189195,64.01527095,0.53411705,0.367708783,0.166408267,25.35656913
JMART,2025-08-14 00:00:00,7.888034821,8.149999619,8.899999619,8.050000191,8.850000381,44675500,7.979581993,7.581325914,22842785,53.84818582,0.481013814,0.390369789,0.090644025,24.77537736
JMART,2025-08-15 00:00:00,7.98482132,8.25,8.449999809,8.050000191,8.25,20997900,8.005336089,7.607548427,23334380,54.8142601,0.441904314,0.400676694,0.04122762,24.23569929
JMART,2025-08-18 00:00:00,7.888034821,8.149999619,8.300000191,8.050000191,8.300000191,15146400,8.019113568,7.628821023,23500125,53.60583839,0.398249783,0.400191312,-0.001941529,23.73456965
JMART,2025-08-19 00:00:00,7.98482132,8.25,8.600000381,8.149999619,8.149999619,22189500,8.041102752,7.653180982,23530365,54.68176496,0.367486294,0.393650308,-0.026164014,23.78196992
JMART,2025-08-20 00:00:00,8.129999161,8.399999619,8.550000191,8.149999619,8.25,11083100,8.075283406,7.682467988,23450855,56.31817908,0.351161749,0.385152596,-0.033990847,23.82598445
JMART,2025-08-21 00:00:00,8.17839241,8.449999809,8.649999619,8.399999619,8.449999809,16120200,8.110970683,7.712567275,23779270,56.87715592,0.33835864,0.375793805,-0.037435165,24.04201086
JMART,2025-08-22 00:00:00,8.081606865,8.350000381,8.550000191,8.350000381,8.5,7830800,8.133735416,7.737564652,23329445,55.35158063,0.316494612,0.363933966,-0.047439354,24.08707656
JMART,2025-08-25 00:00:00,8.323571205,8.600000381,8.699999809,8.5,8.5,20169200,8.178141603,7.771385661,23393275,58.3586778,0.31570092,0.354287357,-0.038586437,24.41163568
JMART,2025-08-26 00:00:00,8.275178909,8.550000191,8.800000191,8.5,8.649999619,11704700,8.213556707,7.801919564,23450560,57.52421229,0.30749273,0.344928432,-0.037435701,24.89833029
JMART,2025-08-27 00:00:00,8.081606865,8.350000381,8.699999809,8.300000191,8.600000381,14377000,8.226551342,7.823412929,23511320,54.18658867,0.281603222,0.33226339,-0.050660168,24.66964867
JMART,2025-08-28 00:00:00,8.17839241,8.449999809,8.5,8.300000191,8.399999619,8113400,8.247832149,7.847984964,23410545,55.57453068,0.266087427,0.319028197,-0.05294077,24.45730145
JMART,2025-08-29 00:00:00,7.98482132,8.25,8.5,8.25,8.449999809,9992000,8.248038611,7.863750259,22957090,52.17030153,0.234944442,0.302211446,-0.067267004,24.08088633
JMART,2025-09-01 00:00:00,8.129999161,8.399999619,8.5,8.149999619,8.25,7446800,8.262511088,7.884779646,22617050,54.42513083,0.219833019,0.285735761,-0.065902742,23.36934924
JMART,2025-09-02 00:00:00,8.22678566,8.5,8.550000191,8.350000381,8.399999619,7660500,8.285129079,7.908905934,22436765,55.91717484,0.213465604,0.271281729,-0.057816125,22.84594763
JMART,2025-09-03 00:00:00,8.759106636,9.050000191,9.25,8.449999809,8.449999809,33799700,8.357973947,7.953654729,23724300,63.07695348,0.249918891,0.267009162,-0.017090271,23.8731374
JMART,2025-09-04 00:00:00,8.71071434,9,9.25,8.899999619,9.100000381,20547400,8.419119285,7.994687877,24282465,62.0896674,0.271642461,0.267935822,0.00370664,24.82695647
JMART,2025-09-05 00:00:00,9.146248817,9.449999809,9.600000381,9,9.100000381,30471300,8.517298383,8.051758933,21992945,67.08327364,0.321464132,0.278641484,0.042822648,26.2849727
JMART,2025-09-08 00:00:00,9.775357246,10.10000038,10.30000019,9.350000381,9.5,42520400,8.668031907,8.132082127,22068840,72.68095641,0.408686694,0.304650526,0.104036168,28.48231325
JMART,2025-09-09 00:00:00,10.16249943,10.5,10.5,9.949999809,10.10000038,18046800,8.842505058,8.224941651,20574010,75.44796016,0.504274861,0.344575393,0.159699469,30.71359887
JMART,2025-09-10 00:00:00,10.06571388,10.39999962,10.89999962,10.19999981,10.5,27155500,8.990837874,8.310238042,19502405,73.44517534,0.565441916,0.388748697,0.176693218,33.1255209
JMART,2025-09-11 00:00:00,9.872142792,10.19999981,10.69999981,10.10000038,10.5,15909100,9.105996153,8.384346347,18064085,69.47311213,0.590966638,0.429192286,0.161774353,35.00288228
JMART,2025-09-12 00:00:00,9.775357246,10.10000038,10.5,10.10000038,10.30000019,8798800,9.200663223,8.451626897,17454130,67.50723744,0.596252815,0.462604391,0.133648424,36.74614643
JMART,2025-09-15 00:00:00,9.968928337,10.30000019,10.39999962,10.10000038,10.19999981,7293900,9.305361981,8.524112124,17061505,69.37382589,0.609553904,0.491994294,0.11755961,38.36489171
JMART,2025-09-16 00:00:00,9.968928337,10.30000019,10.5,10.10000038,10.39999962,12288200,9.40008943,8.593754794,16566440,69.37382589,0.613028501,0.516201135,0.096827366,39.97553763
JMART,2025-09-17 00:00:00,9.775357246,10.10000038,10.39999962,10,10.30000019,9106000,9.466747616,8.652823248,16467585,65.04055777,0.592810284,0.531522965,0.061287319,41.02972229
JMART,2025-09-18 00:00:00,9.630178452,9.949999809,10.30000019,9.800000191,10.19999981,11985600,9.512771634,8.703692917,16260855,61.91680626,0.55824827,0.536868026,0.021380244,41.16422922
JMART,2025-09-19 00:00:00,9.533392906,9.850000381,10.10000038,9.75,9.899999619,10039800,9.544888658,8.748646151,16371305,59.85300687,0.516830803,0.532860581,-0.016029779,41.08339408
JMART,2025-09-22 00:00:00,9.339820862,9.649999619,10,9.649999619,9.949999809,7854900,9.554899225,8.783993346,15755590,55.84384953,0.462536934,0.518795852,-0.056258918,40.59220685
JMART,2025-09-23 00:00:00,9.291428566,9.600000381,9.800000191,9.5,9.699999809,9699800,9.559194574,8.815993622,15655345,54.85462073,0.410739383,0.497184558,-0.086445175,39.53243945
JMART,2025-09-24 00:00:00,9.436606407,9.75,9.850000381,9.600000381,9.600000381,15340900,9.577366519,8.852621323,15703540,57.29848003,0.377442247,0.473236096,-0.095793849,38.66560116
JMART,2025-09-25 00:00:00,9.630178452,9.949999809,10.10000038,9.699999809,9.800000191,19268400,9.612855404,8.895655773,16261290,60.37826564,0.363007812,0.451190439,-0.088182627,38.41230847
JMART,2025-09-26 00:00:00,9.436606407,9.75,10.10000038,9.75,9.899999619,12967200,9.625916794,8.929159468,16410050,56.02659457,0.33160754,0.427273859,-0.095666319,38.17710812
JMART,2025-09-29 00:00:00,9.388213158,9.699999809,9.899999619,9.600000381,9.800000191,9992100,9.632972319,8.959388501,16537315,54.96012155,0.299238564,0.4016668,-0.102428236,37.29356273
JMART,2025-09-30 00:00:00,9.001070976,9.300000191,9.75,9.300000191,9.699999809,10214500,9.601260688,8.972745823,16665015,47.21683823,0.238559328,0.369045306,-0.130485977,35.31164268
JMART,2025-10-01 00:00:00,8.662321091,8.949999809,9.449999809,8.899999619,9.350000381,15017500,9.539235842,8.971853822,15725905,41.68295952,0.160379733,0.327312191,-0.166932458,33.33236062
JMART,2025-10-02 00:00:00,8.855891228,9.149999619,9.25,9.050000191,9.100000381,7844200,9.502165726,8.978839932,15090745,45.60605636,0.113254625,0.284500678,-0.171246053,31.49445584
JMART,2025-10-03 00:00:00,8.613927841,8.899999619,9.25,8.75,9.199999809,9683900,9.444816573,8.975748155,14051375,41.8189957,0.055099574,0.238620457,-0.183520884,30.57878173
JMART,2025-10-06 00:00:00,8.613927841,8.899999619,9,8.75,8.949999809,6781700,9.392929244,8.972777624,12264440,41.8189957,0.008908583,0.192678082,-0.183769499,29.72851291
JMART,2025-10-07 00:00:00,8.613927841,8.899999619,8.899999619,8.899999619,8.899999619,0,9.345983565,8.969923584,11362100,41.8189957,-0.027382461,0.148665974,-0.176048435,28.93897758
JMART,2025-10-08 00:00:00,8.71071434,9,9.399999619,9,9.25,12471000,9.313032749,8.971103052,10627875,44.13651554,-0.047526327,0.109427514,-0.15695384,27.23045316
JMART,2025-10-09 00:00:00,8.613927841,8.899999619,9,8.850000381,8.949999809,6895000,9.273696261,8.968314682,10177170,42.32106862,-0.070744185,0.073393174,-0.144137359,25.38143464
JMART,2025-10-10 00:00:00,8.51714325,8.800000191,8.899999619,8.75,8.899999619,3872600,9.228582349,8.961714114,9930860,40.52592583,-0.096105776,0.039493384,-0.13559916,23.95828367
JMART,2025-10-14 00:00:00,8.129999161,8.399999619,8.899999619,8.399999619,8.800000191,7505800,9.149669708,8.939686094,9941455,34.26497157,-0.146789623,0.002236783,-0.149026406,23.55387864
JMART,2025-10-15 00:00:00,8.22678566,8.5,8.649999619,8.449999809,8.449999809,5816500,9.087796403,8.922443502,9617870,36.88998539,-0.176849135,-0.033580401,-0.143268734,23.17835968
JMART,2025-10-16 00:00:00,8.22678566,8.5,8.649999619,8.449999809,8.5,4261300,9.031815793,8.90587709,9375635,36.88998539,-0.19838466,-0.066541253,-0.131843407,22.82966351
JMART,2025-10-17 00:00:00,7.839642525,8.100000381,8.449999809,8.100000381,8.449999809,7660200,8.943071468,8.874274082,9159365,31.1241804,-0.24490523,-0.102214048,-0.142691182,23.35219474
JMART,2025-10-20 00:00:00,7.839642525,8.100000381,8.350000381,8.100000381,8.25,5523600,8.862778984,8.843910408,8933555,31.1241804,-0.278562028,-0.137483644,-0.141078383,23.83740232
JMART,2025-10-21 00:00:00,7.98482132,8.25,8.350000381,8.199999809,8.199999809,4234200,8.80441908,8.820619803,8752520,35.50804331,-0.289791036,-0.167945123,-0.121845913,24.2879522
JMART,2025-10-22 00:00:00,8.033213615,8.300000191,8.399999619,8.149999619,8.25,4361600,8.756379186,8.800203348,8485610,36.9486673,-0.29129761,-0.19261562,-0.09868199,24.83217065
JMART,2025-10-24 00:00:00,7.839642525,8.100000381,8.350000381,8.100000381,8.350000381,4980200,8.693866919,8.772744408,7967575,33.70536977,-0.305112745,-0.215115045,-0.0899977,25.4661334
JMART,2025-10-27 00:00:00,7.839642525,8.100000381,8.399999619,8.100000381,8.149999619,4985100,8.637308201,8.746362289,7253410,33.70536977,-0.3124595,-0.234583936,-0.077875564,25.79036399
JMART,2025-10-28 00:00:00,7.69446373,7.949999809,8.149999619,7.699999809,8.149999619,11472900,8.571850259,8.715132388,7178695,31.31444745,-0.326620571,-0.252991263,-0.073629308,27.05441208
JMART,2025-10-29 00:00:00,7.500892639,7.75,8.050000191,7.75,7.949999809,4670500,8.493578806,8.677284059,6912615,28.419721,-0.349947655,-0.272382541,-0.077565114,28.22817103
JMART,2025-10-30 00:00:00,7.549285412,7.800000191,8,7.699999809,7.800000191,6764800,8.4275237,8.64288077,6740130,30.15794815,-0.360247234,-0.28995548,-0.070291754,29.42774267
JMART,2025-10-31 00:00:00,7.549285412,7.800000191,7.900000095,7.699999809,7.800000191,3731800,8.367759556,8.60982663,6175845,30.15794815,-0.364211324,-0.304806649,-0.059404675,30.54163063
JMART,2025-11-03 00:00:00,7.500892639,7.75,8.050000191,7.699999809,7.849999905,4879500,8.308925313,8.576107939,6027610,29.33186792,-0.367155155,-0.31727635,-0.049878805,30.68146827
JMART,2025-11-04 00:00:00,7.210535049,7.449999809,7.75,7.449999809,7.75,5236100,8.227122884,8.531946835,5805220,24.92103102,-0.38920911,-0.331662902,-0.057546208,31.4583153
JMART,2025-11-05 00:00:00,7.113749504,7.349999905,7.5,7.25,7.349999905,5155600,8.143587362,8.485595975,5723915,23.64465957,-0.410029618,-0.347336245,-0.062693373,32.61227338
JMART,2025-11-06 00:00:00,7.258928299,7.5,7.550000191,7.349999905,7.400000095,2923600,8.082293327,8.446945153,5870095,29.47917873,-0.409703461,-0.359809688,-0.049893772,33.39761288
JMART,2025-11-07 00:00:00,7.162142277,7.400000095,7.449999809,7.300000191,7.449999809,2108700,8.01731302,8.405888484,5351980,27.94604934,-0.412756139,-0.370398978,-0.042357161,34.24125643
JMART,2025-11-10 00:00:00,7.113749504,7.349999905,7.5,7.349999905,7.400000095,3063200,7.95375939,8.364481089,5160390,27.18476692,-0.414432684,-0.37920572,-0.035226965,34.71681948
JMART,2025-11-11 00:00:00,7.016963959,7.25,7.400000095,7.199999809,7.400000095,2986600,7.886734686,8.320775948,5116090,25.67815368,-0.419000538,-0.387164683,-0.031835855,35.52776478
JMART,2025-11-12 00:00:00,6.726606369,6.949999809,7.400000095,6.949999809,7.25,7787900,7.79752184,8.267020021,5130195,21.77861637,-0.441736045,-0.398078956,-0.043657089,36.80361575
JMART,2025-11-13 00:00:00,6.678214073,6.900000095,7.050000191,6.849999905,6.949999809,2886000,7.712043579,8.213411396,4983670,21.20074513,-0.458503316,-0.410163828,-0.048339488,38.1722339
JMART,2025-11-14 00:00:00,6.533035278,6.75,6.900000095,6.699999809,6.800000191,3648500,7.620420381,8.156022714,4953030,19.52680228,-0.478380777,-0.423807218,-0.05457356,39.70076194
JMART,2025-11-17 00:00:00,6.678214073,6.900000095,7,6.650000095,6.75,3292300,7.551808925,8.106766925,4734635,25.83323171,-0.476536835,-0.434353141,-0.042183694,40.48699118
JMART,2025-11-18 00:00:00,6.871785164,7.099999905,7.150000095,6.849999905,6.849999905,3628100,7.508779495,8.067285866,4639860,33.33483307,-0.45370713,-0.438223939,-0.015483191,40.33067413
JMART,2025-11-19 00:00:00,7.016963959,7.25,7.400000095,7.050000191,7.099999905,4262300,7.484133829,8.035235439,4641265,38.36967373,-0.418684338,-0.434316019,0.01563168,38.91355772
JMART,2025-11-20 00:00:00,7.258928299,7.5,7.75,7.300000191,7.300000191,5991300,7.485644892,8.014245814,4722750,45.72675726,-0.366530478,-0.420758911,0.054228433,36.1984879
JMART,2025-11-21 00:00:00,7.065356731,7.300000191,7.550000191,7.150000095,7.5,5196100,7.467964445,7.986236182,4733545,41.46252169,-0.337446606,-0.40409645,0.066649843,34.17139642
JMART,2025-11-24 00:00:00,6.848567009,6.949999809,7.25,6.900000095,7.25,4129200,7.418634479,7.945599462,4690750,35.26475439,-0.33873481,-0.391024122,0.052289312,33.02212222
JMART,2025-11-25 00:00:00,6.897837639,7,7.099999905,6.900000095,7,2726300,7.378764529,7.90851713,4253420,36.71999198,-0.331895242,-0.379198346,0.047303104,31.95493904
JMART,2025-11-26 00:00:00,6.848567009,6.949999809,7.150000095,6.900000095,7.050000191,4179000,7.337929794,7.870928215,4228845,35.85204788,-0.326742943,-0.368707265,0.041964322,30.75166415
JMART,2025-11-27 00:00:00,6.996377945,7.099999905,7.150000095,7,7,2321400,7.315269804,7.840695732,4006675,40.40315451,-0.307016855,-0.356369183,0.049352328,29.63433747
JMART,2025-11-28 00:00:00,7.045648575,7.150000095,7.300000191,7.050000191,7.099999905,3324600,7.299529832,7.813609629,3986315,41.88328525,-0.284074557,-0.341910258,0.057835701,27.93469019
JMART,2025-12-01 00:00:00,7.193459511,7.300000191,7.400000095,7,7.150000095,6156600,7.299574628,7.793468082,4050170,46.20009468,-0.250896685,-0.323707543,0.072810858,25.94324416
JMART,2025-12-02 00:00:00,7.094918728,7.199999809,7.300000191,7.099999905,7.300000191,2786200,7.290091312,7.770194817,3927675,43.86106467,-0.230020643,-0.304970163,0.07494952,24.09404428
JMART,2025-12-03 00:00:00,6.947108269,7.050000191,7.300000191,7.050000191,7.25,3839200,7.267225491,7.74195189,3861855,40.54513817,-0.223009233,-0.288577977,0.065568744,22.59624364
JMART,2025-12-04 00:00:00,6.799297333,6.900000095,7.199999809,6.849999905,7.099999905,6016900,7.232251644,7.708934173,4016520,37.49262441,-0.226940367,-0.276250455,0.049310088,22.01412776
JMART,2025-12-08 00:00:00,6.651486397,6.75,6.900000095,6.699999809,6.900000095,2935200,7.186322916,7.671328911,4057845,34.68077342,-0.23939992,-0.268880348,0.029480428,22.00067965
JMART,2025-12-09 00:00:00,6.750026703,6.849999905,6.900000095,6.75,6.75,2730600,7.154292153,7.639119931,4041215,38.01813918,-0.238456273,-0.262795533,0.02433926,21.98819213
JMART,2025-12-11 00:00:00,6.700757027,6.800000191,7,6.800000191,6.949999809,1648800,7.120550061,7.606213274,3974325,37.00020541,-0.23898808,-0.258034043,0.019045963,21.43256355
JMART,2025-12-12 00:00:00,6.897837639,7,7.099999905,6.75,6.800000191,3905500,7.109069103,7.582440205,3780205,43.51510517,-0.220726826,-0.250572599,0.029845773,20.40201746
JMART,2025-12-15 00:00:00,7.045648575,7.150000095,7.150000095,6.949999809,6.949999809,3137300,7.112967293,7.565481769,3792770,47.8693087,-0.19193835,-0.238845749,0.046907399,19.19399365
JMART,2025-12-16 00:00:00,6.996377945,7.099999905,7.099999905,7,7.050000191,1893800,7.111732303,7.547227578,3705035,46.58033569,-0.171184565,-0.225313513,0.054128948,18.07225726
JMART,2025-12-17 00:00:00,6.848567009,6.949999809,7.150000095,6.949999809,7.099999905,3231200,7.096329209,7.523806881,3701980,42.85241607,-0.164939474,-0.213238705,0.04829923,17.03064489
JMART,2025-12-18 00:00:00,6.651486397,6.75,7,6.699999809,7,4448400,7.063345475,7.493461513,3742995,38.43549961,-0.174121346,-0.205415233,0.031293887,17.23691769
JMART,2025-12-19 00:00:00,6.651486397,6.75,6.900000095,6.75,6.800000191,3017000,7.033503048,7.46430616,3680730,38.43549961,-0.179330831,-0.200198353,0.020867521,17.42845671
JMART,2025-12-22 00:00:00,6.848567009,6.949999809,7,6.800000191,6.800000191,3264900,7.025550359,7.444137283,3544410,45.00911037,-0.16541428,-0.193241538,0.027827258,16.97939847
JMART,2025-12-23 00:00:00,6.996377945,7.099999905,7.25,6.949999809,6.949999809,6027200,7.032640792,7.4306417,3585965,49.37511612,-0.140660116,-0.182725254,0.042065137,16.27756402
JMART,2025-12-24 00:00:00,7.045648575,7.150000095,7.199999809,7,7.050000191,2897700,7.043817868,7.419636147,3524390,50.77798711,-0.115674245,-0.169315052,0.053640807,15.62586059
JMART,2025-12-25 00:00:00,6.848567009,6.949999809,7.199999809,6.900000095,7.199999809,3629500,7.034882815,7.401219036,3569550,45.36298133,-0.110734634,-0.157598968,0.046864335,14.54176415
JMART,2025-12-26 00:00:00,6.700757027,6.800000191,7,6.75,6.949999809,2640000,7.012513041,7.377641826,3492600,41.76560066,-0.117568416,-0.149592858,0.032024442,14.26625614
JMART,2025-12-29 00:00:00,6.651486397,6.75,6.849999905,6.75,6.849999905,1706300,6.987511799,7.353028421,3461845,40.60954403,-0.125571328,-0.144788552,0.019217224,14.01042728
JMART,2025-12-30 00:00:00,6.799297333,6.900000095,7,6.75,6.75,2878800,6.979177351,7.335262604,3439555,45.4846467,-0.118444583,-0.139519758,0.021075175,13.08883844
KCE,2023-02-08 00:00:00,43.33220673,50.5,55.25,50.5,54.5,95689200,52.36936252,50.19060357,31493955,41.20485189,1.768708033,1.561010818,0.207697215,32.21856349
KCE,2023-02-09 00:00:00,41.61607742,48.5,50.25,47.75,50,62451400,52.00085181,50.12430539,31688970,37.44034996,1.239260249,1.496660704,-0.257400456,30.87779393
KCE,2023-02-10 00:00:00,40.54349518,47.25,49,47.25,48.25,43288000,51.54838973,50.01158753,31864240,35.27141395,0.710613008,1.339451165,-0.628838157,29.82296365
KCE,2023-02-13 00:00:00,41.18704224,48,48.25,46.75,47.25,16261500,51.21044785,49.93270175,31998250,37.60691067,0.348161602,1.141193253,-0.79303165,29.03561247
KCE,2023-02-14 00:00:00,40.32897568,47,48.75,47,48.25,16759900,50.80945282,49.81769384,32294440,35.75450002,-0.01955003,0.909044596,-0.928594626,28.02126176
KCE,2023-02-15 00:00:00,40.11447144,46.75,48,46.75,47.25,15230700,50.42283826,49.69739212,31396665,35.28654571,-0.327363417,0.661762994,-0.98912641,27.18676791
KCE,2023-02-16 00:00:00,40.11447144,46.75,48.5,46.5,47.5,20053800,50.07304414,49.58180811,31591410,35.28654571,-0.564797114,0.416450972,-0.981248086,26.10745356
KCE,2023-02-17 00:00:00,39.47091293,46,47,45.25,46.5,15130700,49.68513518,49.44134505,31930390,33.74968981,-0.804213291,0.17231812,-0.97653141,25.66905124
KCE,2023-02-20 00:00:00,40.54349518,47.25,47.5,46,46.5,9775600,49.45321754,49.35540995,31543025,38.55317938,-0.882910145,-0.038727533,-0.844182611,24.94290413
KCE,2023-02-21 00:00:00,40.97253036,47.75,48,46.75,47.5,11004900,49.29100635,49.2924527,30520070,40.4142216,-0.89461953,-0.209905933,-0.684713597,23.95056881
KCE,2023-02-22 00:00:00,40.11447144,46.75,47.75,46.75,47.5,5307500,49.04900574,49.19274867,30293950,37.93930344,-0.973370535,-0.362598853,-0.610771682,23.02911459
KCE,2023-02-23 00:00:00,40.54349518,47.25,47.25,46.5,47,5866100,48.87767186,49.11656245,29872885,39.92041193,-0.984091458,-0.486897374,-0.497194084,22.31240745
KCE,2023-02-24 00:00:00,39.47091293,46,47.5,45.25,47,21258500,48.60360788,48.99434431,30282370,36.76101763,-1.080991425,-0.605716184,-0.475275241,22.30153603
KCE,2023-02-27 00:00:00,39.89995193,46.5,47,45.75,46,8180900,48.40326427,48.89652689,30169105,38.84588845,-1.104705171,-0.705513982,-0.39919119,22.29144114
KCE,2023-02-28 00:00:00,39.89995193,46.5,47.75,46.5,47,13662600,48.222001,48.80254544,25641470,38.84588845,-1.110695085,-0.786550202,-0.324144883,21.68614476
KCE,2023-03-01 00:00:00,40.75801086,47.5,48,46.5,46.5,15232400,48.153239,48.75146523,24480110,43.19016227,-1.022958463,-0.833831855,-0.189126609,20.92954202
KCE,2023-03-02 00:00:00,40.32897568,47,48.5,46.75,47.25,14874800,48.04340672,48.68278032,24004075,41.59894835,-0.982447339,-0.863554951,-0.118892387,19.83804209
KCE,2023-03-03 00:00:00,40.32897568,47,47.5,46.25,47.5,8714100,47.94403465,48.61678893,22075435,41.59894835,-0.939511873,-0.878746336,-0.060765537,19.16240571
KCE,2023-03-07 00:00:00,41.61607742,48.5,48.5,47.25,47.25,11717400,47.99698373,48.61220897,21398780,48.23446931,-0.775508167,-0.858098702,0.082590535,17.82072646
KCE,2023-03-08 00:00:00,41.18704224,48,48,47.25,47.5,9531800,47.99727099,48.58820078,20999590,46.34424394,-0.678063575,-0.822091677,0.144028101,16.57488145
KCE,2023-03-09 00:00:00,41.61607742,48.5,49,48,48,9880600,48.04514995,48.58474192,16709160,48.51696948,-0.554104837,-0.768494309,0.214389472,16.14067764
KCE,2023-03-10 00:00:00,41.18704224,48,48.5,47.5,47.75,4682100,48.04084995,48.56181087,13820695,46.48961727,-0.490557623,-0.712906971,0.222349349,15.32826825
KCE,2023-03-13 00:00:00,40.11447144,46.75,48.25,46.75,47.75,7620300,47.91791186,48.49075946,12037310,41.78834501,-0.534894618,-0.677304501,0.142409883,14.47123038
KCE,2023-03-14 00:00:00,38.612854,45,47.25,44.5,47,14574000,47.64001549,48.35386693,11952935,36.25994684,-0.703137055,-0.682471012,-0.020666044,15.0550117
KCE,2023-03-15 00:00:00,39.68543243,46.25,46.5,45.5,46.25,6555200,47.50763307,48.27136235,11442700,42.14735333,-0.727222873,-0.691421384,-0.035801489,15.59709436
KCE,2023-03-16 00:00:00,38.82736969,45.25,46,45,45.75,7202800,47.29262039,48.15287755,11041305,39.04062662,-0.817578167,-0.71665274,-0.100925426,16.37104239
KCE,2023-03-17 00:00:00,37.11123657,43.25,46.5,42.5,46,17512900,46.90760893,47.96060784,10914260,33.6916606,-1.038596381,-0.781041469,-0.257554913,18.18621781
KCE,2023-03-20 00:00:00,36.76318359,42.25,43.25,41.75,42.75,7003500,46.46402712,47.73666244,10507900,31.37684193,-1.279695024,-0.88077218,-0.398922844,20.13436772
KCE,2023-03-21 00:00:00,37.41579056,43,43.25,42.25,42.75,5727400,46.13411978,47.55091097,10305490,34.9847522,-1.394177493,-0.983453242,-0.41072425,21.94336406
KCE,2023-03-22 00:00:00,37.63331985,43.25,43.75,43,43.5,5257600,45.8594417,47.38224779,10018125,36.18907661,-1.448040652,-1.076370724,-0.371669928,23.13940332
KCE,2023-03-23 00:00:00,38.93852615,44.75,45,43,43.25,9344900,45.75378059,47.27902239,10219995,43.01027609,-1.354081125,-1.131912804,-0.222168321,23.14657797
KCE,2023-03-24 00:00:00,39.80866241,45.75,46.25,44.5,45,13463400,45.75342053,47.21906073,10599860,47.07229733,-1.185262908,-1.142582825,-0.042680083,22.21039034
KCE,2023-03-27 00:00:00,39.80866241,45.75,46.5,45.5,46,8582400,45.75309477,47.1614505,9966055,47.07229733,-1.039490654,-1.121964391,0.082473737,21.16383748
KCE,2023-03-28 00:00:00,39.5911293,45.5,46.25,45.25,46.25,7437500,45.72899051,47.09629558,9928885,46.11920102,-0.933378595,-1.084247232,0.150868637,20.34858069
KCE,2023-03-29 00:00:00,40.24372864,46.25,46.25,45.75,45.75,7393200,45.77861046,47.06310752,9615415,49.42740707,-0.779776513,-1.023353088,0.243576575,19.59155654
KCE,2023-03-30 00:00:00,40.24372864,46.25,47.25,46,47,13012700,45.8235047,47.03122095,9504430,49.42740707,-0.65054666,-0.948791802,0.298245142,18.27246907
KCE,2023-03-31 00:00:00,39.37359238,45.25,46.25,45.25,46.25,7243900,45.7688852,46.96136915,9122885,45.14150123,-0.621656642,-0.88336477,0.261708128,17.42221833
KCE,2023-04-03 00:00:00,39.5911293,45.5,45.75,44.25,45.5,6765800,45.74327709,46.90406055,9025470,46.39297343,-0.571994587,-0.821090734,0.249096147,17.2758614
KCE,2023-04-04 00:00:00,39.15605927,45,45.75,45,45.5,2343500,45.6724888,46.82939151,8556775,44.22020845,-0.566453152,-0.770163217,0.203710065,17.13995853
KCE,2023-04-05 00:00:00,36.98072815,42.5,45,42.5,45,16513300,45.37034701,46.65961145,8905850,35.31450291,-0.755086465,-0.767147867,0.012061402,18.3317315
KCE,2023-04-07 00:00:00,38.28592682,44,44.25,42.5,42.75,9900100,45.23983777,46.55531296,8906825,42.76287389,-0.774613004,-0.768640894,-0.00597211,19.43837783
KCE,2023-04-10 00:00:00,39.37359238,45.25,45.5,44,44,7100600,45.2408056,46.50412422,9027750,48.12364506,-0.681368976,-0.751186511,0.069817534,19.39305811
KCE,2023-04-11 00:00:00,39.5911293,45.5,46,45.25,45.25,2761200,45.26549078,46.4647468,8784795,49.14943842,-0.58060663,-0.717070535,0.136463905,18.95959472
KCE,2023-04-12 00:00:00,39.37359238,45.25,45.75,44.75,45.75,3656000,45.26401547,46.41710967,8238895,48.12463039,-0.514988192,-0.676654066,0.161665874,18.85004557
KCE,2023-04-17 00:00:00,39.37359238,45.25,45.75,44.75,45,2818900,45.26268066,46.37134066,8052080,48.12463039,-0.457708923,-0.632865038,0.175156114,18.74832135
KCE,2023-04-18 00:00:00,39.15605927,45,46,45,45.75,3943000,45.23766345,46.3175626,7889090,46.98835508,-0.427558968,-0.591803824,0.164244856,18.42986289
KCE,2023-04-19 00:00:00,38.28592682,44,45,44,45,5270600,45.11979074,46.22667779,7276975,42.65041003,-0.47883682,-0.569210423,0.090373603,18.76579194
KCE,2023-04-20 00:00:00,37.19826126,42.75,44.25,42.5,44.25,5938000,44.89409639,46.09033749,7223700,37.93587751,-0.613270046,-0.578022347,-0.035247698,19.862074
KCE,2023-04-21 00:00:00,35.89305496,41.25,43,40.5,42.75,12727900,44.54703959,45.90052033,7573725,33.19408968,-0.83126451,-0.62867078,-0.20259373,21.68109003
KCE,2023-04-24 00:00:00,35.45798874,40.75,42,40.25,41.25,8898500,44.18541677,45.69853914,7755770,31.76863326,-1.032470833,-0.709430791,-0.323040043,23.45765011
KCE,2023-04-25 00:00:00,33.71772003,38.75,41.25,38.5,41,12176400,43.66775803,45.42604741,7897345,26.80929966,-1.337889225,-0.835122477,-0.502766748,25.65883077
KCE,2023-04-26 00:00:00,34.58785248,39.75,40.25,38.5,39,6322900,43.29463822,45.20345731,7540320,32.48452135,-1.482158459,-0.964529674,-0.517628785,27.70278425
KCE,2023-04-27 00:00:00,33.50018692,38.5,39.75,37.75,39.75,10692900,42.83800601,44.94057664,7645845,29.41423307,-1.678014314,-1.107226602,-0.570787713,29.81955439
KCE,2023-04-28 00:00:00,33.0651207,38,39.75,37.75,39,10707900,42.37724353,44.66839716,7809365,28.2635033,-1.852226004,-1.256226482,-0.595999522,31.78512667
KCE,2023-05-02 00:00:00,33.0651207,38,38.75,37.5,38,5504300,41.96036319,44.40689139,7714920,28.2635033,-1.967608655,-1.398502917,-0.569105738,33.68723191
KCE,2023-05-03 00:00:00,33.50018692,38.5,38.75,37,37.25,6117300,41.63080479,44.17524859,7370150,31.37704442,-1.995699238,-1.517942181,-0.477757057,35.60665746
KCE,2023-05-08 00:00:00,35.24045944,40.5,40.75,38.5,38.75,8430800,41.5231091,44.03112119,7429495,42.18617619,-1.835420358,-1.581437817,-0.253982542,35.30434482
KCE,2023-05-09 00:00:00,35.45798874,40.75,41.25,39.5,40.5,5852900,41.44947966,43.90244977,7383850,43.38660196,-1.668986246,-1.598947503,-0.070038744,34.58582136
KCE,2023-05-10 00:00:00,32.84758377,37.75,38.75,37,38.5,24103700,41.09714827,43.66117723,8471860,34.20765518,-1.758885603,-1.630935123,-0.127950481,34.99071142
KCE,2023-05-11 00:00:00,32.19498444,37,38.25,37,37.75,11051600,40.70694367,43.3999546,8198775,32.3642233,-1.869104352,-1.678568968,-0.190535383,35.36668076
KCE,2023-05-12 00:00:00,32.63005066,37.5,37.5,35.75,37.25,10369500,40.40152046,43.16858383,8222245,34.88356921,-1.894271697,-1.721709514,-0.172562183,36.16084286
KCE,2023-05-15 00:00:00,32.41251755,37.25,38.25,37,38,5360300,40.10137566,42.9364825,8135230,34.19766656,-1.912345582,-1.759836728,-0.152508854,36.2377262
KCE,2023-05-16 00:00:00,31.75991058,36.5,37,36.25,36.75,5006500,39.7583875,42.68407142,8247495,32.15500646,-1.96454198,-1.800777778,-0.163764202,36.59450571
KCE,2023-05-17 00:00:00,31.32484818,36,37,35.5,36.5,5073500,39.40044583,42.42195098,8318370,30.8327803,-2.022934691,-1.845209161,-0.17772553,37.19511362
KCE,2023-05-18 00:00:00,32.41251755,37.25,37.75,36.25,36.25,6188100,39.19564147,42.21912937,8486830,37.72695005,-1.94591548,-1.865350425,-0.080565055,37.08345002
KCE,2023-05-19 00:00:00,31.97745323,36.75,37.5,36.5,37.25,6083900,38.96272323,42.00465371,8593875,36.17377584,-1.903283158,-1.872936971,-0.030346186,36.97976239
KCE,2023-05-22 00:00:00,33.0651207,38,38.25,35.75,36.25,10604100,38.87103531,41.84760846,8860550,42.54233436,-1.748476829,-1.848044943,0.099568113,36.88348102
KCE,2023-05-23 00:00:00,33.28264999,38.25,38.75,37.5,37.75,5785800,38.81188909,41.70652578,8852940,43.75117792,-1.587321138,-1.795900182,0.208579044,36.29936653
KCE,2023-05-24 00:00:00,33.28264999,38.25,38.75,37.75,38,3212100,38.75837584,41.57097575,8377150,43.75117792,-1.442970427,-1.725314231,0.282343804,35.75697451
KCE,2023-05-25 00:00:00,33.50018692,38.5,40.25,38.25,39.25,17368400,38.73376862,41.45054533,8800645,45.09096355,-1.293488013,-1.638948987,0.345460974,33.86639106
KCE,2023-05-26 00:00:00,33.28264999,38.25,39,37.75,38.25,10091800,38.68769542,41.32503375,8696415,43.96325618,-1.181574578,-1.547474106,0.365899528,32.44372081
KCE,2023-05-29 00:00:00,33.50018692,38.5,39.25,38.25,38.75,4572400,38.66981966,41.21424811,8608890,45.43293416,-1.060484854,-1.450076255,0.389591401,30.90357596
KCE,2023-05-30 00:00:00,34.15279007,39.25,39.5,38.5,38.5,7631500,38.72507493,41.13721877,8455820,49.69541828,-0.89369963,-1.33880093,0.4451013,29.25031371
KCE,2023-05-31 00:00:00,33.93524933,39,39.25,38.25,38.75,6005000,38.75125827,41.05340627,8220675,48.33991224,-0.772785855,-1.225597915,0.45281206,27.90915304
KCE,2023-06-01 00:00:00,33.71772003,38.75,39.5,38.5,39,5403700,38.75113844,40.96307661,8215645,46.96047399,-0.689189184,-1.118316169,0.429126985,26.42124863
KCE,2023-06-02 00:00:00,33.71772003,38.75,39.25,38.25,39.25,8488400,38.75103001,40.87628929,8334200,46.96047399,-0.615839209,-1.017820777,0.401981568,25.25228171
KCE,2023-06-06 00:00:00,32.84758377,37.75,39,37.75,39,4440500,38.65569382,40.75368971,8134685,41.47055862,-0.631125249,-0.940481671,0.309356422,24.58155002
KCE,2023-06-07 00:00:00,33.71772003,38.75,38.75,37.75,37.75,4048400,38.66467536,40.67511365,8044460,48.01531223,-0.556137101,-0.863612757,0.307475657,23.95872773
KCE,2023-06-08 00:00:00,34.37032318,39.5,39.75,38,38.5,5727400,38.74423009,40.62903076,7125645,52.32144988,-0.431218898,-0.777133986,0.345915087,22.30258309
KCE,2023-06-09 00:00:00,34.15279007,39.25,39.75,39,39.75,4456900,38.79239865,40.57495112,6795910,50.81056991,-0.348377356,-0.69138266,0.343005304,20.7647345
KCE,2023-06-12 00:00:00,34.15279007,39.25,39.75,39,39.25,1378500,38.83597973,40.52299225,6346360,50.81056991,-0.279502901,-0.609006708,0.329503807,19.33673223
KCE,2023-06-13 00:00:00,35.67551422,41,41.5,39.75,39.75,15206400,39.0420769,40.54169844,6838665,60.15218752,-0.082755076,-0.503756382,0.421001305,19.49530075
KCE,2023-06-14 00:00:00,35.24045944,40.5,41.25,40.5,41.25,7835400,39.18092672,40.54006321,6980110,56.83129741,0.032449118,-0.396515282,0.4289644,19.64254295
KCE,2023-06-15 00:00:00,35.02292252,40.25,41.5,40.25,40.5,8315100,39.28274322,40.52868818,7142190,55.19062058,0.102396004,-0.296733024,0.399129029,19.77926785
KCE,2023-06-16 00:00:00,35.02292252,40.25,41,39.75,40.5,4341400,39.37486292,40.51775923,7049855,55.19062058,0.156030789,-0.206180262,0.362211051,19.26998715
KCE,2023-06-19 00:00:00,36.1105957,41.5,41.5,40,40.5,8339200,39.57725692,40.55627848,7162620,61.61633328,0.295989316,-0.105746346,0.401735662,19.25344178
KCE,2023-06-20 00:00:00,35.45798874,40.75,41.75,40.25,41.25,8326200,39.68894674,40.5638754,7048725,56.39117498,0.342441275,-0.016108822,0.358550097,19.45720604
KCE,2023-06-21 00:00:00,33.93524933,39,41,38.75,41,8789400,39.62333277,40.50254695,7198905,46.48552815,0.235331655,0.034179273,0.201152382,18.20384573
KCE,2023-06-22 00:00:00,33.0651207,38,39.5,37.5,39.25,7972200,39.46872965,40.40440786,7436910,41.95073101,0.06895994,0.041135407,0.027824533,18.09117891
KCE,2023-06-23 00:00:00,33.28264999,38.25,39,38,38,8000600,39.35266016,40.31992127,6968520,43.43633257,-0.042231118,0.024462102,-0.06669322,17.98655971
KCE,2023-06-26 00:00:00,31.75991058,36.5,38.25,36.25,38,10755700,39.08097824,40.17012044,7001715,36.41162328,-0.268466493,-0.034123617,-0.234342876,19.05593666
KCE,2023-06-27 00:00:00,32.41251755,37.25,38,36.25,36.5,8772100,38.90659936,40.05560591,7211700,40.82831456,-0.382827923,-0.103864478,-0.278963445,20.04892953
KCE,2023-06-28 00:00:00,32.63005066,37.5,38,36.75,37.75,5457100,38.77263751,39.95538607,7102980,42.2677792,-0.448121603,-0.172715903,-0.2754057,20.97099435
KCE,2023-06-29 00:00:00,33.0651207,38,38.75,37.5,37.75,8741000,38.69905299,39.87870427,7239780,45.14213571,-0.454284781,-0.229029679,-0.225255102,20.92593112
KCE,2023-06-30 00:00:00,33.93524933,39,39.5,37.75,38.25,8500600,38.72771461,39.84424527,7394625,50.45509014,-0.374164368,-0.258056617,-0.116107751,20.08705836
KCE,2023-07-03 00:00:00,33.50018692,38.5,39.75,38.5,39.25,5100700,38.7060275,39.79152977,7225240,47.95428801,-0.347014023,-0.275848098,-0.071165925,19.05688384
KCE,2023-07-04 00:00:00,33.50018692,38.5,39,38.25,38.75,4678400,38.68640584,39.74088155,7237135,47.95428801,-0.321787809,-0.28503604,-0.036751769,18.32621339
KCE,2023-07-05 00:00:00,33.0651207,38,38.25,37.25,38.25,9369800,38.62103385,39.67261168,7503205,45.34754912,-0.338242624,-0.295677357,-0.042565267,18.46959825
KCE,2023-07-06 00:00:00,32.41251755,37.25,38,37,38,4007000,38.4904592,39.5776073,7417185,41.68699668,-0.407109016,-0.317963689,-0.089145327,18.78973428
KCE,2023-07-07 00:00:00,31.75991058,36.5,37.25,36.25,37,5679100,38.30089166,39.45691682,7478295,38.35291755,-0.516253807,-0.357621712,-0.158632095,19.61520541
KCE,2023-07-10 00:00:00,31.97745323,36.75,37.25,36.25,36.75,4600600,38.15318769,39.35076322,7639400,40.07343125,-0.575939854,-0.401285341,-0.174654513,20.38171432
KCE,2023-07-11 00:00:00,32.19498444,37,37.5,36.75,37,4551400,38.04336029,39.25857643,7106650,41.82202489,-0.596195989,-0.44026747,-0.155928518,20.76038323
KCE,2023-07-12 00:00:00,31.32484818,36,37.5,36,37,5997500,37.84875455,39.13078912,7014755,37.15221818,-0.685044004,-0.489222777,-0.195821227,21.66199273
KCE,2023-07-13 00:00:00,31.97745323,36.75,37.25,35.75,36,5477700,37.74411126,39.03742484,6872885,42.35132922,-0.687018442,-0.52878191,-0.158236532,22.66983155
KCE,2023-07-14 00:00:00,33.71772003,38.75,39.25,37,37,14411000,37.83991019,39.02615327,7376365,53.4178702,-0.521191938,-0.527263916,0.006071978,21.31674152
KCE,2023-07-17 00:00:00,34.15279007,39.25,39.5,38.5,39,4760200,37.97420445,39.03493158,7197415,55.70705998,-0.345445338,-0.4909002,0.145454862,19.83214789
KCE,2023-07-18 00:00:00,34.80538559,40,40.5,39.25,39.5,11300100,38.16713736,39.0727774,7346110,58.9646508,-0.143986375,-0.421517435,0.27753106,19.21852532
KCE,2023-07-19 00:00:00,35.02292252,40.25,40.5,39.5,40.25,9700000,38.36550523,39.11894299,7391640,60.02017062,0.035435735,-0.330126801,0.365562536,18.64873293
KCE,2023-07-20 00:00:00,33.71772003,38.75,40.5,38.5,40.5,11383500,38.40212378,39.10447464,7562205,51.46622467,0.055946668,-0.252912107,0.308858775,17.4639079
KCE,2023-07-21 00:00:00,33.28264999,38.25,38.75,37.75,38.5,6007200,38.3876358,39.07096583,7462535,48.96134951,0.031492878,-0.19603111,0.227523988,16.97988288
KCE,2023-07-24 00:00:00,32.84758377,37.75,38.5,37.5,38.25,3563000,38.32690858,39.01916325,7102900,46.52289218,-0.027911008,-0.16240709,0.134496082,16.72595588
KCE,2023-07-25 00:00:00,33.0651207,38,38.25,37.5,38,2735800,38.29577443,38.97919606,6801085,47.91955369,-0.054191419,-0.140763956,0.086572536,16.49016652
KCE,2023-07-26 00:00:00,33.28264999,38.25,38.75,37.75,38.25,3889600,38.29141496,38.95060014,6722710,49.34429592,-0.054220899,-0.123455344,0.069234445,15.73348076
KCE,2023-07-27 00:00:00,34.58785248,39.75,39.75,37.5,38,11166500,38.43032782,38.98194915,6843985,56.95344261,0.066032025,-0.08555787,0.151589896,15.13456072
KCE,2023-07-31 00:00:00,37.63331985,43.25,43.5,42.75,43.25,8811500,38.88934422,39.14932369,6859530,68.7492863,0.438697057,0.019293115,0.419403942,16.79940421
KCE,2023-08-02 00:00:00,37.41579056,43,44.5,42.5,42.75,19986500,39.28083525,39.30033061,7603820,67.33004534,0.705728669,0.156580226,0.549148443,18.73184733
KCE,2023-08-03 00:00:00,36.32812881,41.75,42.5,41.25,42,15689300,39.5159938,39.39639607,8154365,60.59445708,0.807183878,0.286700956,0.520482922,19.43900568
KCE,2023-08-04 00:00:00,37.19826126,42.75,43.75,41.5,41.75,14480700,39.82399439,39.52790995,8409910,63.72121347,0.95724498,0.420809761,0.536435219,20.61712493
KCE,2023-08-07 00:00:00,37.19826126,42.75,43.5,41.5,42.75,11492900,40.10266159,39.65426643,8784205,63.72121347,1.063905446,0.549428898,0.514476548,21.71109282
KCE,2023-08-08 00:00:00,36.5456543,42,43.75,42.25,43.25,10963800,40.28336048,39.74625598,9048440,59.60719669,1.075517999,0.654646718,0.420871281,22.83298695
KCE,2023-08-09 00:00:00,39.80866241,45.75,46,42.25,43,58164000,40.80399282,39.98169692,11726610,70.02713178,1.371504837,0.798018342,0.573486495,24.69474194
KCE,2023-08-10 00:00:00,40.46126556,46.5,46.25,44.5,45.5,16406000,41.34646969,40.23731665,12319340,71.60481704,1.647602732,0.96793522,0.679667512,26.50191405
KCE,2023-08-11 00:00:00,40.67880249,46.75,47.25,46,46.5,14427400,41.86109163,40.492716,12740835,72.13140457,1.865085666,1.147365309,0.717720357,28.482484
KCE,2023-08-15 00:00:00,40.67880249,46.75,47.5,46.25,47.25,5530400,42.32670195,40.73809968,12743470,72.13140457,2.014223742,1.320736996,0.693486746,30.39446369
KCE,2023-08-16 00:00:00,41.11386108,47.25,48.5,45.75,47.5,27736600,42.79558748,40.99346832,13409750,73.28074735,2.148001735,1.486189944,0.661811792,32.44992315
KCE,2023-08-17 00:00:00,41.11386108,47.25,47.75,46.75,47.25,10536000,43.21981724,41.23882251,13698540,73.28074735,2.228334901,1.634618935,0.593715966,34.35856407
KCE,2023-08-18 00:00:00,40.46126556,46.5,47.5,46.25,47.25,9727900,43.5322156,41.44514319,13619930,68.37513409,2.206050802,1.748905308,0.457145493,35.58117477
KCE,2023-08-21 00:00:00,40.99016953,46.5,46.75,45.75,46,4522800,43.81486173,41.64337287,13361070,68.37513409,2.163451569,1.831814561,0.331637009,36.18097634
KCE,2023-08-22 00:00:00,41.65129852,47.25,47.5,46.25,46.75,11844000,44.14201776,41.8632406,13384095,70.65352737,2.165250444,1.898501737,0.266748706,37.03416598
KCE,2023-08-23 00:00:00,41.8716774,47.5,48,46.75,47.5,9265400,44.46182559,42.08428999,13547005,71.39335468,2.161927619,1.951186914,0.210740705,38.01340911
KCE,2023-08-24 00:00:00,44.73658371,50.75,51,48.75,48.75,40619000,45.06069934,42.42412175,15399805,78.85595982,2.393946174,2.039738766,0.354207408,39.78787977
KCE,2023-08-25 00:00:00,44.07544708,50,50.5,48.75,50,19661100,45.53110893,42.72121502,16246070,74.05487093,2.488616595,2.129514332,0.359102264,41.43560252
KCE,2023-08-28 00:00:00,43.19394302,49,51,49,50.5,17092200,45.86147951,42.96744188,16906200,68.10121788,2.454656195,2.194542704,0.260113491,43.08601783
KCE,2023-08-29 00:00:00,43.85507584,49.75,50.25,49,49.25,10174400,46.23181479,43.23342455,16856595,70.04625111,2.459904814,2.247615126,0.212289688,44.61854634
KCE,2023-08-30 00:00:00,45.17733383,51.25,51.75,50.75,50.75,16583300,46.70973719,43.54780006,17245185,73.5234462,2.555641996,2.3092205,0.246421496,46.38694454
KCE,2023-08-31 00:00:00,44.95695877,51,51.75,50.5,51.25,10946300,47.11833365,43.84004319,16793175,72.02278986,2.581582614,2.363692923,0.217889691,47.74002334
KCE,2023-09-01 00:00:00,45.39771271,51.5,52.25,51,51,11555600,47.53563521,44.14043366,16586490,73.2009114,2.612372756,2.413428889,0.198943866,49.11763403
KCE,2023-09-04 00:00:00,44.29582596,50.25,51.5,50,51.5,8120500,47.79414614,44.38002449,16268480,65.74696767,2.507010356,2.432145183,0.074865173,49.25931713
KCE,2023-09-05 00:00:00,44.73658371,50.75,51.25,50,50,4759800,48.07565603,44.62982746,15931825,67.18632673,2.435777589,2.432871664,0.002905925,49.39088001
KCE,2023-09-06 00:00:00,43.41431808,49.25,50.75,49.25,50.5,9035800,48.18749832,44.81101069,15835425,59.155322,2.232552172,2.392807766,-0.160255593,48.6864892
KCE,2023-09-07 00:00:00,43.63469315,49.5,50,49.25,49.25,4054800,48.31249848,44.99489263,13129965,60.01322618,2.06783081,2.327812375,-0.259981565,48.03241201
KCE,2023-09-08 00:00:00,43.85507584,49.75,50.25,49,49.5,3054400,48.44940338,45.18136743,12462385,60.89771057,1.935153607,2.249280621,-0.314127014,47.42505463
KCE,2023-09-11 00:00:00,44.29582596,50.25,51,49.5,50,5542600,48.62088877,45.38013733,12018145,62.67589926,1.84903724,2.169231945,-0.320194705,47.2381576
KCE,2023-09-12 00:00:00,45.83846664,52,52.5,50.5,50.5,11981100,48.94270889,45.63973979,12340680,68.13737422,1.900096641,2.115404884,-0.215308243,47.68855459
KCE,2023-09-13 00:00:00,45.39771271,51.5,52.75,51.25,51.5,10084900,49.18626043,45.86955391,11458095,65.20177572,1.878560883,2.068036084,-0.189475201,48.19844169
KCE,2023-09-14 00:00:00,45.61808777,51.75,52.25,51.25,51.25,7775100,49.4304261,46.10015964,11320050,65.99075028,1.860223057,2.026473478,-0.166250422,48.67190829
KCE,2023-09-15 00:00:00,45.39771271,51.5,52.5,51,52.25,3878700,49.62752838,46.31191809,11027590,64.41786542,1.804713671,1.982121517,-0.177407846,49.11155584
KCE,2023-09-18 00:00:00,44.95695877,51,51.75,49.5,50,8983400,49.75823996,46.49576444,11250620,61.2723413,1.700770834,1.92585138,-0.225080547,47.62315722
KCE,2023-09-19 00:00:00,45.61808777,51.75,52.5,50,50.5,10832900,49.94793139,46.70181289,11200065,64.10380531,1.659781194,1.872637343,-0.212856149,46.67419439
KCE,2023-09-20 00:00:00,45.39771271,51.5,52.25,51,52,7749200,50.09574745,46.88997709,11124255,62.46440196,1.588808899,1.815871654,-0.227062756,45.79301462
KCE,2023-09-21 00:00:00,46.05884552,52.25,52.25,51,51.5,5777200,50.30091436,47.10017407,9382165,65.32906472,1.574926799,1.767682683,-0.192755884,44.97477627
KCE,2023-09-22 00:00:00,46.49959183,52.75,53.25,51.5,52,9613400,50.53416061,47.32173587,8879780,67.13009901,1.585988667,1.73134388,-0.145355213,44.79379695
KCE,2023-09-25 00:00:00,46.71997452,53,53.5,52.5,53,10394400,50.76900246,47.54441289,8544890,68.02449236,1.596524447,1.704379993,-0.107855546,44.75795481
KCE,2023-09-26 00:00:00,45.83846664,52,53.25,52,53,9538400,50.88624032,47.7191418,8513090,60.88768018,1.506812885,1.664866572,-0.158053686,44.05705998
KCE,2023-09-27 00:00:00,46.49959183,52.75,52.75,51.5,52,3628200,51.06374124,47.91643036,7865335,63.94311556,1.479183452,1.627729948,-0.148546496,42.77767932
KCE,2023-09-28 00:00:00,48.48299408,55,55.5,53,53.25,25513300,51.43862303,48.1942174,8593685,71.20945059,1.620166848,1.626217328,-0.00605048,43.05950969
KCE,2023-09-29 00:00:00,48.70336533,55.25,56,53.5,54.5,14109300,51.80161131,48.47091476,8721370,71.88735903,1.732103505,1.647394563,0.084708942,43.51807965
KCE,2023-10-02 00:00:00,48.48299408,55,55.75,54.75,55.5,7996300,52.10621976,48.72695732,8715160,70.10955861,1.780121074,1.673939866,0.106181209,43.9438946
KCE,2023-10-03 00:00:00,48.92375183,55.5,55.75,54.25,55.5,12813100,52.42943692,48.99256683,9117825,71.6211683,1.837341436,1.70662018,0.130721257,43.73494397
KCE,2023-10-04 00:00:00,49.80525589,56.5,56.5,54.75,55,10833400,52.8171096,49.28697598,9207705,74.40866846,1.94100592,1.753497328,0.187508592,43.89385803
KCE,2023-10-05 00:00:00,49.36450577,56,56.75,55.75,56.75,8208200,53.12024202,49.55023182,9415375,70.670873,1.960218767,1.794841616,0.165377152,44.1541144
KCE,2023-10-06 00:00:00,48.48299408,55,56.75,55,56.25,8068600,53.29926659,49.76394822,9666085,63.77116044,1.873160813,1.810505455,0.062655358,43.48745109
KCE,2023-10-09 00:00:00,46.71997452,53,55.5,52.5,55,12528000,53.27076501,49.89085221,10015355,52.69109248,1.624062292,1.773216822,-0.14915453,40.59285605
KCE,2023-10-10 00:00:00,48.70336533,55.25,55.5,53.5,54,16430300,53.45926358,50.10101487,10237815,60.91792919,1.58987898,1.736549254,-0.146670274,37.90501779
KCE,2023-10-11 00:00:00,49.58488083,56.25,56.5,54.25,55.5,15216300,53.725048,50.34215154,10494385,63.92087899,1.624750984,1.7141896,-0.089438616,36.09390165
KCE,2023-10-12 00:00:00,48.92375183,55.5,57,55.5,56.75,12240200,53.89409105,50.54442011,10717640,60.18571337,1.573727614,1.686097203,-0.112369589,34.72764689
KCE,2023-10-16 00:00:00,48.48299408,55,55.5,52.75,55.5,15972100,53.99941571,50.71914873,11322310,57.76242034,1.475931782,1.644064119,-0.168132337,32.95909038
KCE,2023-10-17 00:00:00,47.60148239,54,55,53.25,55,14565500,53.99947136,50.84780957,11601415,53.15291536,1.3027193,1.575795155,-0.273075855,31.31685933
KCE,2023-10-18 00:00:00,48.2626152,54.75,55,53.5,53.75,6989200,54.07095027,51.00083664,11409230,55.98959455,1.211994771,1.503035078,-0.291040307,29.7919305
KCE,2023-10-19 00:00:00,47.82186508,54.25,55,53.5,54.25,5369500,54.08800263,51.12825481,11290245,53.65695775,1.087216354,1.419871333,-0.33265498,28.37592516
KCE,2023-10-20 00:00:00,45.83846664,52,54.25,51.5,54.25,15661600,53.88914524,51.1624409,11784465,44.64343428,0.797578376,1.295412742,-0.497834366,28.24334568
KCE,2023-10-24 00:00:00,45.39771271,51.5,52.5,50.75,52,10748500,53.66160759,51.17567851,11841220,42.91806963,0.521678782,1.14066595,-0.618987168,28.48298543
KCE,2023-10-25 00:00:00,46.71997452,53,53.75,52,52,8453800,53.59859735,51.24722053,11744190,49.25426794,0.419231194,0.996378999,-0.577147805,27.66813666
KCE,2023-10-26 00:00:00,43.19394302,49,52,49,51.5,13761200,53.16063569,51.15909423,11955330,37.34851503,0.015100107,0.800123221,-0.785023113,28.22605365
KCE,2023-10-27 00:00:00,45.61808777,51.75,52,49.25,50,9863900,53.02628944,51.18226701,12267115,46.85895248,-0.082325674,0.623633442,-0.705959116,28.74411943
KCE,2023-10-30 00:00:00,46.71997452,53,53.25,51.25,51.5,7056700,53.02378568,51.25355066,11344285,50.5345905,-0.058003131,0.487306127,-0.545309258,28.2878732
KCE,2023-10-31 00:00:00,44.73658371,50.75,53,50.5,53,8689400,52.80723466,51.23380357,11073290,44.5600382,-0.217773182,0.346290265,-0.564063447,28.1908687
KCE,2023-11-01 00:00:00,46.05884552,52.25,52.75,51,51,5508700,52.7541647,51.27365441,10948910,48.89765213,-0.220809283,0.232870356,-0.453679639,28.1007931
KCE,2023-11-02 00:00:00,47.82186508,54.25,54.75,53.25,53.25,12167400,52.8966252,51.39037385,10916625,54.05887933,-0.06112749,0.174070787,-0.235198276,26.62011309
KCE,2023-11-03 00:00:00,48.48299408,55,55.5,54.5,55,9795500,53.09694661,51.53192781,10864730,55.85927331,0.124504998,0.164157629,-0.039652631,24.79590171
KCE,2023-11-06 00:00:00,50.46639252,57.25,57.5,56,56,12635800,53.49247551,51.75616594,11086110,60.81990914,0.448011875,0.220928478,0.227083397,23.98730516
KCE,2023-11-07 00:00:00,48.92375183,55.5,56.75,55.25,56.5,11388500,53.68366831,51.90298296,11252105,55.58735104,0.556764992,0.288095781,0.268669211,22.79098102
KCE,2023-11-08 00:00:00,46.71997452,53,56.25,52.5,55.5,18511700,53.61855705,51.94600324,11551290,49.08984626,0.436195325,0.31771569,0.118479635,22.01195868
KCE,2023-11-09 00:00:00,46.49959183,52.75,53.25,51.75,52.25,13177300,53.53583733,51.97753252,11388640,48.47958722,0.316818004,0.317536153,-0.000718148,21.60182287
KCE,2023-11-10 00:00:00,45.39771271,51.5,52.25,50.75,52,8689800,53.34194806,51.95880576,11062315,45.43802511,0.119963203,0.278021563,-0.15805836,21.61987487
KCE,2023-11-13 00:00:00,46.49959183,52.75,53.5,51.75,52.75,7875300,53.28557205,51.98983298,10844070,48.89119679,0.064080231,0.235233296,-0.171153065,20.91955172
KCE,2023-11-14 00:00:00,45.17733383,51.25,52,48.75,52,17902800,53.09170805,51.96081992,10940605,45.19476929,-0.100091103,0.168168417,-0.268259519,21.37505936
KCE,2023-11-15 00:00:00,46.71997452,53,53.25,52,52.25,14295000,53.08297395,52.00157208,10927080,49.94915499,-0.087973588,0.116940016,-0.204913604,21.13406417
KCE,2023-11-16 00:00:00,45.61808777,51.75,52.75,51.5,52.75,5719400,52.95602405,51.99170651,10863590,46.82449916,-0.177192361,0.05811354,-0.235305901,21.08890334
KCE,2023-11-17 00:00:00,44.29582596,50.25,52,49.5,51.25,10927300,52.69830747,51.9234043,11141480,43.32222062,-0.364731942,-0.026455556,-0.338276386,21.70632511
KCE,2023-11-20 00:00:00,45.83846664,52,52,50.5,50.5,5519300,52.631802,51.92640805,10634365,48.19093983,-0.367907033,-0.094745852,-0.273161182,22.27964533
KCE,2023-11-21 00:00:00,46.49959183,52.75,53.75,52.5,53.5,7246300,52.64305895,51.95870577,10459255,50.16667909,-0.306372908,-0.137071263,-0.169301645,21.83519667
KCE,2023-11-22 00:00:00,45.61808777,51.75,52.5,51.5,52.5,4945500,52.55800572,51.95052123,10283840,47.56226598,-0.334443062,-0.176545623,-0.157897439,21.78774968
KCE,2023-11-23 00:00:00,45.61808777,51.75,52.25,51.25,52,2814500,52.48105279,51.94265765,9736505,47.56226598,-0.35262403,-0.211761304,-0.140862726,21.8345491
KCE,2023-11-24 00:00:00,45.61808777,51.75,52.5,51.5,52,2971300,52.41142872,51.93510245,9391875,47.56226598,-0.362849871,-0.241979018,-0.120870854,21.72861968
KCE,2023-11-27 00:00:00,45.17733383,51.25,51.75,50.75,51.75,4328900,52.30081646,51.90823569,9255485,46.0686996,-0.406612569,-0.274905728,-0.131706841,21.92778715
KCE,2023-11-28 00:00:00,45.83846664,52,52.25,51.5,51.75,3226100,52.27216727,51.91183429,8982320,48.67238792,-0.376436761,-0.295211935,-0.081224827,21.79086744
KCE,2023-11-29 00:00:00,46.49959183,52.75,53,51.25,52.25,5532300,52.31767515,51.94470353,8983500,51.20910242,-0.288675809,-0.293904709,0.0052289,21.19029006
KCE,2023-11-30 00:00:00,46.2792244,52.5,53,52,52.5,3307900,52.33503942,51.96647987,8540525,50.31642664,-0.236570496,-0.282437867,0.045867371,20.63261106
KCE,2023-12-01 00:00:00,48.04224014,54.5,55,52.25,53,13249600,52.54122614,52.0658336,8713230,56.80377284,-0.033507125,-0.232651718,0.199144593,19.3844614
KCE,2023-12-04 00:00:00,48.04224014,54.5,55.25,54.5,54.75,3677900,52.72777603,52.1612911,8265335,56.80377284,0.125969956,-0.160927384,0.28689734,18.35869596
KCE,2023-12-06 00:00:00,48.2626152,54.75,56,54.75,55.25,4370800,52.92036879,52.2628091,7914450,57.60625505,0.269423852,-0.074857136,0.344280989,17.80361657
KCE,2023-12-07 00:00:00,47.60148239,54,55.5,54,54.5,4325600,53.02319081,52.33093423,7205145,54.3445015,0.318917089,0.003897709,0.31501938,16.81942253
KCE,2023-12-08 00:00:00,48.04224014,54.5,56,54.25,55,6335700,53.16383931,52.41599563,6863065,56.127959,0.393945498,0.081907266,0.312038231,16.18567056
KCE,2023-12-12 00:00:00,48.04224014,54.5,55,54.25,54.75,3303600,53.29109271,52.4977213,6593755,56.127959,0.448239032,0.15517362,0.293065413,15.59718658
KCE,2023-12-13 00:00:00,47.38110733,53.75,54.5,53.25,54.5,2904200,53.33479816,52.54683026,6345200,52.55641477,0.425839505,0.209306797,0.216532708,14.58304197
KCE,2023-12-14 00:00:00,48.92375183,55.5,56.25,54.75,54.75,9044800,53.54100786,52.66264084,5902300,59.09669883,0.543038285,0.276053094,0.266985191,14.45748014
KCE,2023-12-15 00:00:00,48.2626152,54.75,55.75,54.5,55.75,4837300,53.65614997,52.74449806,5429415,55.56159853,0.568843161,0.334611108,0.234232053,14.17063618
KCE,2023-12-18 00:00:00,48.48299408,55,55.5,54,54.25,4592100,53.78413569,52.83294912,5373050,56.49578439,0.602521133,0.388193113,0.21432802,13.56095547
KCE,2023-12-19 00:00:00,48.70336533,55.25,56.25,54.75,56,9226300,53.92374181,52.92773543,5288000,57.45887796,0.641983691,0.438951228,0.203032463,13.43756737
KCE,2023-12-20 00:00:00,48.70336533,55.25,56,54.75,55.25,8250300,54.05005212,53.01880463,5424550,57.45887796,0.665585596,0.484278102,0.181307494,13.32299272
KCE,2023-12-21 00:00:00,50.02563477,56.75,57.5,54.5,54.75,13201800,54.30719001,53.16512602,5722325,63.13749527,0.796150216,0.546652525,0.249497691,14.04924161
KCE,2023-12-22 00:00:00,49.58488083,56.25,57,56,56.75,4812600,54.49221953,53.28610147,5715680,60.25042595,0.849485457,0.607219111,0.242266345,14.72361558
KCE,2023-12-25 00:00:00,49.36450577,56,56.75,55.75,56.25,3723100,54.63581767,53.39252886,5761110,58.80258464,0.86164856,0.658105001,0.203543559,15.1300109
KCE,2023-12-26 00:00:00,48.70336533,55.25,56,54.75,56,5286600,54.69431123,53.46537086,5876875,54.56624427,0.801529641,0.686789929,0.114739712,14.6736056
KCE,2023-12-27 00:00:00,47.82186508,54.25,55.5,53.5,55.5,8997200,54.65199587,53.49614063,6110290,49.45071659,0.665521603,0.682536264,-0.017014661,13.89776318
KCE,2023-12-28 00:00:00,48.48299408,55,55,53.75,54.25,14579300,54.68513912,53.55511551,6677950,53.00889699,0.611207366,0.668270484,-0.057063118,13.17733807
KCE,2024-01-03 00:00:00,48.04224014,54.5,55.5,54.25,55.5,9799800,54.66750683,53.59216981,6891325,50.45887488,0.521802112,0.63897681,-0.117174698,12.34072246
KCE,2024-01-04 00:00:00,46.71997452,53,54.25,52.5,54.25,11481800,54.50869665,53.56894746,7300020,43.67153532,0.326150677,0.576411583,-0.250260906,12.51986539
KCE,2024-01-05 00:00:00,45.39771271,51.5,53.5,51.25,53.25,13115100,54.22215411,53.48781227,7293295,38.14576281,0.04948758,0.471026783,-0.421539203,13.35564836
KCE,2024-01-08 00:00:00,46.05884552,52.25,52.75,51,51,4793400,54.03432991,53.43927061,7349070,42.09118861,-0.108006158,0.355220194,-0.463226353,14.25707758
KCE,2024-01-09 00:00:00,45.39771271,51.5,53.25,51.5,53.25,8827300,53.79296516,53.36322078,7571895,39.38568853,-0.289996909,0.226176774,-0.516173683,14.6666347
KCE,2024-01-10 00:00:00,45.83846664,52,52.5,51.5,52,5941200,53.62220657,53.30976114,7652675,42.05950731,-0.389391407,0.103063138,-0.492454544,15.04693775
KCE,2024-01-11 00:00:00,45.61808777,51.75,52.5,51.75,52.25,4228700,53.44390118,53.24859404,7547325,41.08366277,-0.4827701,-0.01410351,-0.46866659,15.40007629
KCE,2024-01-12 00:00:00,45.83846664,52,52.75,51.5,51.5,5197400,53.30638679,53.19962957,7642015,42.51987571,-0.530485371,-0.117379882,-0.413105489,15.72799064
KCE,2024-01-15 00:00:00,45.17733383,51.25,52,51.25,52,4432800,53.11054043,53.1231735,7718445,39.41562061,-0.621652773,-0.21823446,-0.403418313,16.20942137
KCE,2024-01-16 00:00:00,44.07544708,50,51,49.75,51,8752000,52.81429848,53.00069611,7703805,34.84905356,-0.785710962,-0.331729761,-0.453981202,17.57967225
KCE,2024-01-17 00:00:00,43.63469315,49.5,50.5,49.25,49.5,7461500,52.49865101,52.86341391,7835015,33.19249772,-0.945178649,-0.454419538,-0.490759111,19.1126159
KCE,2024-01-18 00:00:00,41.65129852,47.25,49.5,47,49.5,15377900,51.99877948,52.64328003,8374305,26.97781386,-1.238833633,-0.611302357,-0.627531276,21.47154005
KCE,2024-01-19 00:00:00,42.75318527,48.5,49.75,47.75,49,12523900,51.66556239,52.48079846,8539185,34.33368223,-1.35507234,-0.760056354,-0.595015986,23.38960596
KCE,2024-01-22 00:00:00,42.09205246,47.75,49,47.5,49,4424700,51.29265168,52.29527695,8347905,32.23547161,-1.490529192,-0.906150921,-0.58437827,25.26767697
KCE,2024-01-23 00:00:00,41.2105484,46.75,48.5,46.25,48,10180100,50.86001819,52.07781511,8196820,29.63497285,-1.659442347,-1.056809207,-0.602633141,27.45717474
KCE,2024-01-24 00:00:00,42.5328064,48.25,48.25,46.5,46.75,7423800,50.61144503,51.92770472,8327380,37.74748676,-1.65321257,-1.176089879,-0.477122691,29.49027982
KCE,2024-01-25 00:00:00,41.65129852,47.25,48,47,47.75,4184400,50.29130741,51.74426532,8350445,34.86184517,-1.709263741,-1.282724652,-0.42653909,31.3781631
KCE,2024-01-26 00:00:00,40.76979065,46.25,47.25,45.75,46.75,7703900,49.90642099,51.52880393,8471310,32.21010385,-1.813471767,-1.388874075,-0.424597692,33.55335032
KCE,2024-01-29 00:00:00,40.10866165,45.5,46.75,45.25,46.5,8069700,49.48676185,51.29238025,8424935,30.34576511,-1.934278947,-1.497955049,-0.436323898,35.72203671
KCE,2024-01-30 00:00:00,40.10866165,45.5,46,45.25,45.5,5741700,49.10707024,51.06522808,7983055,30.34576511,-2.006885382,-1.599741116,-0.407144266,37.73581693
KCE,2024-01-31 00:00:00,39.22714996,44.5,45.5,43.75,45.5,11544300,48.66830165,50.80776816,8070280,27.85283444,-2.120672356,-1.703927364,-0.416744992,40.0172564
KCE,2024-02-01 00:00:00,38.78639603,44,44.75,43.75,44,5180400,48.22370149,50.54079686,7755210,26.67295423,-2.225540529,-1.808249997,-0.417290532,42.13573591
KCE,2024-02-02 00:00:00,39.0067749,44.25,45.75,44.25,44.75,9553100,47.84525373,50.29409894,7577110,28.30823555,-2.262396897,-1.899079377,-0.36331752,42.77123763
KCE,2024-02-05 00:00:00,39.88827896,45.25,45.25,43.5,44.25,12130400,47.59808671,50.09629114,7943960,34.59178793,-2.185718589,-1.956407219,-0.229311369,43.64644656
KCE,2024-02-06 00:00:00,40.76979065,46.25,46.5,44.75,44.75,6559800,47.4696975,49.94545619,7830585,40.23311495,-2.020962437,-1.969318263,-0.051644174,43.04587015
KCE,2024-02-07 00:00:00,40.32903671,45.75,46.5,45.25,46.25,8941400,47.30591678,49.7809285,7980595,38.44756295,-1.908735111,-1.957201633,0.048466521,42.48819207
KCE,2024-02-08 00:00:00,39.6679039,45,45.75,45,45.5,6041000,47.08630566,49.59344111,8071210,35.87560414,-1.858884812,-1.937538268,0.078653456,42.10335456
KCE,2024-02-09 00:00:00,39.88827896,45.25,45.5,45,45.25,2034300,46.91141941,49.42311008,7913055,37.37935591,-1.778701417,-1.905770898,0.127069481,41.74600545
KCE,2024-02-12 00:00:00,40.10866165,45.5,45.5,45,45.25,1897700,46.77699851,49.26926263,7786300,38.9218497,-1.675666548,-1.859750028,0.184083481,41.41418128
KCE,2024-02-13 00:00:00,39.6679039,45,46.5,45,45.5,7458200,46.60776056,49.10184056,7721610,36.96091433,-1.615731347,-1.810946292,0.195214945,39.8760284
KCE,2024-02-14 00:00:00,35.70111465,40.5,42.5,40.5,42,31872300,46.02606908,48.76451348,8942150,24.83412441,-1.909335035,-1.830624041,-0.078710995,40.61315394
KCE,2024-02-15 00:00:00,36.36224365,41.25,41.75,40.5,41,17155600,45.57120535,48.46982668,9031035,29.01441749,-2.057778551,-1.876054943,-0.181723608,41.29762766
KCE,2024-02-16 00:00:00,35.03998184,39.75,41.5,39.75,41.5,14284800,45.01680484,48.12787269,9119080,25.91071498,-2.270288103,-1.954901575,-0.315386528,42.17566361
KCE,2024-02-19 00:00:00,35.48073578,40.25,40.75,39.75,39.75,5597300,44.56282343,47.81893651,9177710,28.65052496,-2.371025921,-2.038126444,-0.332899477,42.99098271
KCE,2024-02-20 00:00:00,34.37884903,39,40.25,38.75,40.25,16824700,44.03303072,47.47309586,9509940,26.05632801,-2.522646424,-2.13503044,-0.387615984,44.06412136
KCE,2024-02-21 00:00:00,33.93809509,38.5,40,38.25,38.75,16602900,43.50607542,47.12120975,9968895,25.07816597,-2.652575349,-2.238539422,-0.414035927,45.20704799
KCE,2024-02-22 00:00:00,34.37884903,39,39.25,38.5,39,13265900,43.07692538,46.80273094,10422970,27.98941023,-2.684256696,-2.327682876,-0.356573819,46.26833701
KCE,2024-02-23 00:00:00,33.71771622,38.25,39.5,38.25,39.25,11120600,42.6172182,46.46732972,10593805,26.3363031,-2.738317504,-2.409809802,-0.328507702,47.25381966
KCE,2024-02-27 00:00:00,34.15847397,38.75,38.75,38,38.25,6748600,42.2489117,46.16468934,10527750,29.33283128,-2.709580901,-2.469764022,-0.239816879,48.25332152
KCE,2024-02-28 00:00:00,32.61582947,37,37.75,36.75,37.5,13247600,41.74901535,45.80528976,10903045,25.43323858,-2.795789193,-2.534969056,-0.260820137,49.56187889
KCE,2024-02-29 00:00:00,33.27696228,37.75,38.5,37.25,37.25,9255800,41.36815675,45.48939604,10788620,29.74402427,-2.771641397,-2.582303524,-0.189337872,49.80650632
KCE,2024-03-01 00:00:00,32.61582947,37,38,37,37.75,5417500,40.95214182,45.15647855,10800475,28.00075084,-2.780965586,-2.622035936,-0.158929649,50.12918702
KCE,2024-03-04 00:00:00,32.39545822,36.75,37.75,36.75,37,4757500,40.55193783,44.82681273,10560695,27.42377653,-2.776521967,-2.652933142,-0.123588824,50.52579661
KCE,2024-03-05 00:00:00,32.83621216,37.25,37.75,36.5,37,5815700,40.23746756,44.52968281,10244960,30.50793506,-2.701513183,-2.662649151,-0.038864032,50.99226681
KCE,2024-03-06 00:00:00,33.27696228,37.75,38.25,37,37,6482100,40.00056589,44.2638129,10241075,33.54901901,-2.572073103,-2.644533941,0.072460838,50.72288282
KCE,2024-03-07 00:00:00,33.27696228,37.75,38,37.5,38,4714700,39.78622628,44.00836926,10029740,33.54901901,-2.44134856,-2.603896865,0.162548305,50.47274054
KCE,2024-03-08 00:00:00,34.37884903,39,39.25,37.75,38,10606100,39.71134759,43.81196262,10257995,41.03114875,-2.21139231,-2.525395954,0.314003644,48.6245048
KCE,2024-03-11 00:00:00,34.37884903,39,39.25,38.5,38.75,6935000,39.6436002,43.6232582,10503030,41.03114875,-2.006026106,-2.421521984,0.415495879,46.9082859
KCE,2024-03-12 00:00:00,34.37884903,39,39,39,39,0,39.58230494,43.44195396,10408145,41.03114875,-1.822265961,-2.30167078,0.479404818,45.31465407
KCE,2024-03-13 00:00:00,34.37884903,39,39.75,38.75,39,8534600,39.52684733,43.26775969,10461965,41.03114875,-1.657527774,-2.172842179,0.515314404,42.91580269
KCE,2024-03-14 00:00:00,33.93809509,38.5,39,38.25,39,10097300,39.42905235,43.08078872,9373215,38.6874964,-1.549456229,-2.048164989,0.49870876,41.12348123
KCE,2024-03-15 00:00:00,33.49734116,38,38.5,37.75,38.25,5688300,39.29295212,42.8815421,8799850,36.44563035,-1.487013209,-1.935934633,0.448921424,39.86530582
KCE,2024-03-18 00:00:00,34.15847397,38.75,39.25,38.25,38.25,5427000,39.2412424,42.71952084,8356960,41.88562588,-1.361315536,-1.821010813,0.459695277,37.81010976
KCE,2024-03-19 00:00:00,34.15847397,38.75,39.25,38.5,38.75,3980900,39.19445741,42.56385336,8276140,41.88562588,-1.247320886,-1.706272828,0.458951942,35.90171341
KCE,2024-03-20 00:00:00,33.93809509,38.5,39.5,38.5,39,5488800,39.12831861,42.40448656,7709345,40.54401075,-1.163737375,-1.597765737,0.434028362,33.83277524
KCE,2024-03-21 00:00:00,35.03998184,39.75,40.5,39.25,39.25,14021000,39.18752636,42.30038905,7580250,49.29003946,-0.985274654,-1.475267521,0.489992867,31.98076879
KCE,2024-03-22 00:00:00,35.03998184,39.75,39.75,39.75,39.75,0,39.24109528,42.20037379,6916955,49.29003946,-0.834225233,-1.347059063,0.51283383,30.26104852
KCE,2024-03-25 00:00:00,34.99511337,39,39.75,38.75,39.25,7461000,39.21813382,42.07486894,6733975,44.71314284,-0.766203889,-1.230888028,0.46468414,28.60351083
KCE,2024-03-26 00:00:00,35.44377518,39.5,39.75,38.5,39,8586500,39.24497822,41.97389369,6825870,48.16854621,-0.664293105,-1.117569043,0.453275939,27.30326083
KCE,2024-03-27 00:00:00,35.89242935,40,40.25,39,39.5,10860500,39.31688506,41.89648609,6706515,51.43717411,-0.536992142,-1.001453663,0.464461521,25.52867645
KCE,2024-03-28 00:00:00,35.89242935,40,40,40,40,0,39.38194362,41.82211409,6243725,51.43717411,-0.431135351,-0.887390001,0.456254649,23.8808481
KCE,2024-03-29 00:00:00,35.66809845,39.75,40,39.25,39.5,2500400,39.41699661,41.74085471,6097870,49.62253442,-0.363228916,-0.782557784,0.419328868,23.12557402
KCE,2024-04-01 00:00:00,35.89242935,40,40.5,39.5,39.75,3861900,39.47252074,41.6725859,6053090,51.46644596,-0.285943488,-0.683234925,0.397291437,21.82580837
KCE,2024-04-02 00:00:00,36.11675262,40.25,40.5,39.75,40,3676500,39.54656639,41.61679822,5946130,53.30696598,-0.202190591,-0.587026058,0.384835467,20.61888313
KCE,2024-04-03 00:00:00,35.44377518,39.5,40.25,39.5,39.75,2530900,39.54213149,41.53378652,5748570,47.48868688,-0.194097118,-0.50844027,0.314343152,19.77736873
KCE,2024-04-04 00:00:00,35.44377518,39.5,39.75,39,39.75,2675600,39.53811897,41.45403019,5646615,47.48868688,-0.185544146,-0.443861045,0.2583169,19.52568613
KCE,2024-04-05 00:00:00,35.44377518,39.5,39.75,39,39.25,2547700,39.53448859,41.37740155,5243695,47.48868688,-0.176728635,-0.390434563,0.213705928,19.29198087
KCE,2024-04-09 00:00:00,35.89242935,40,40.5,39.5,39.75,7740200,39.57882301,41.3233858,5283955,51.86339271,-0.127921855,-0.337932021,0.210010167,18.04548935
KCE,2024-04-10 00:00:00,37.01406479,41.25,41.75,40,40,10685800,39.73798272,41.32050793,5818245,60.6822004,0.011489974,-0.268047622,0.279537597,17.94908737
KCE,2024-04-11 00:00:00,36.56541061,40.75,41.25,40.25,41,5405600,39.83436532,41.29813507,5661795,56.24354191,0.080698786,-0.198298341,0.278997127,17.85957124
KCE,2024-04-17 00:00:00,36.56541061,40.75,40.75,40.75,40.75,0,39.92156862,41.27663958,5156930,56.24354191,0.134002571,-0.131838158,0.265840729,17.77644912
KCE,2024-04-18 00:00:00,36.56541061,40.75,40.75,40.75,40.75,0,40.00046685,41.25598704,4872515,56.24354191,0.1742377,-0.070622987,0.244860686,17.6992643
KCE,2024-04-19 00:00:00,36.56541061,40.75,40.75,40.75,40.75,0,40.07185096,41.23614442,4601165,56.24354191,0.203775334,-0.015743323,0.219518657,17.62759268
KCE,2024-04-22 00:00:00,34.54646301,38.5,39,37.25,37.75,8107400,39.92215087,41.12884463,4807490,38.98403327,0.04510795,-0.003573068,0.048681018,18.71601199
KCE,2024-04-23 00:00:00,35.44377518,39.5,40,38.75,38.75,7502700,39.88194602,41.06496837,4908185,46.79822484,5.39261E-05,-0.002847669,0.002901595,18.62983255
KCE,2024-04-24 00:00:00,35.44377518,39.5,39.5,39.5,39.5,0,39.84557021,41.00359707,4207135,46.79822484,-0.035245425,-0.00932722,-0.025918205,18.54980878
KCE,2024-04-25 00:00:00,35.66809845,39.75,40.5,39.75,39.75,4424100,39.83646829,40.9544364,4428340,48.70299231,-0.042556935,-0.015973163,-0.026583772,17.48341136
KCE,2024-04-26 00:00:00,35.89242935,40,40.25,39.5,40,3253000,39.85204274,40.91700752,4217940,50.60741049,-0.027857327,-0.018349996,-0.009507331,16.7055016
KCE,2024-04-29 00:00:00,35.66809845,39.75,40.25,39.5,40.25,5842900,39.84232438,40.87124252,4080760,48.66185496,-0.035966097,-0.021873216,-0.014092881,15.98315683
KCE,2024-04-30 00:00:00,35.21944427,39.25,40.25,38.5,39.75,7887100,39.78591253,40.80766438,3932090,44.94065037,-0.081795292,-0.033857631,-0.047937661,16.14750023
KCE,2024-05-02 00:00:00,34.32213211,38.25,39,37.75,39,11113600,39.63963515,40.70736382,4487770,38.58540114,-0.196541296,-0.066394364,-0.130146932,16.83600277
KCE,2024-05-03 00:00:00,34.54646301,38.5,38.75,38,38.5,5112000,39.53109847,40.62080053,4618350,40.83788465,-0.264259205,-0.105967332,-0.158291872,17.47532656
KCE,2024-05-07 00:00:00,34.54646301,38.5,38.5,38.5,38.5,0,39.43289862,40.53763188,4425255,40.83788465,-0.314303045,-0.147634475,-0.16666857,18.06898437
KCE,2024-05-08 00:00:00,34.99511337,39,39.25,38.75,39.25,4304200,39.39167018,40.47733259,4456640,45.47634967,-0.310043342,-0.180116248,-0.129927093,17.69593161
KCE,2024-05-09 00:00:00,34.09780502,38,39.25,37.75,38.75,8089800,39.25913016,40.38018229,4734585,38.90634465,-0.382944789,-0.220681956,-0.162262833,18.15075356
KCE,2024-05-10 00:00:00,34.32213211,38.25,38.5,37.75,38.25,3078200,39.16302252,40.29664573,4754715,41.19367472,-0.415754245,-0.259696414,-0.156057831,18.57308823
KCE,2024-05-13 00:00:00,34.09780502,38,38,37.25,38,4273800,39.05225847,40.20658119,4841020,39.59712988,-0.456664739,-0.299090079,-0.15757466,19.34195971
KCE,2024-05-14 00:00:00,34.54646301,38.5,39,38,38,7522200,38.99966243,40.13965644,4830120,44.25088216,-0.443626923,-0.327997448,-0.115629476,18.85379767
KCE,2024-05-15 00:00:00,36.34108353,40.5,41.75,38.5,39.75,41896700,39.14255172,40.15378756,6390665,58.14275987,-0.268812374,-0.316160433,0.047348059,18.84910905
KCE,2024-05-16 00:00:00,36.34108353,40.5,40.5,40.5,40.5,0,39.27183251,40.16736452,6120385,58.14275987,-0.128786019,-0.27868555,0.149899531,18.84475533
KCE,2024-05-17 00:00:00,37.01406479,41.25,42.25,40.75,41,8166900,39.46022941,40.20982081,6528730,62.2354418,0.042217946,-0.214504851,0.256722797,19.82875837
KCE,2024-05-20 00:00:00,37.01406479,41.25,41.25,41.25,41.25,0,39.63068376,40.25061215,6528730,62.2354418,0.175714295,-0.136461022,0.312175317,20.74247547
KCE,2024-05-21 00:00:00,37.46272278,41.75,42,41,41.25,4901400,39.8325234,40.30941168,6773800,64.88973913,0.31818905,-0.045531007,0.363720057,21.96657631
KCE,2024-05-23 00:00:00,37.01406479,41.25,41.5,40,40.75,8607800,39.96752117,40.34629749,6798820,60.32371772,0.386302444,0.040835683,0.345466761,22.11070375
KCE,2024-05-24 00:00:00,37.46272278,41.75,42.25,41.75,41.75,4590000,40.13728106,40.40134465,6653185,63.11854303,0.475151372,0.127698821,0.347452551,22.6532404
KCE,2024-05-27 00:00:00,37.46272278,41.75,41.75,41.75,41.75,0,40.29087334,40.4542331,6653185,63.11854303,0.539347524,0.210028561,0.329318963,23.15702444
KCE,2024-05-28 00:00:00,37.01406479,41.25,42,41,42,3403600,40.38221873,40.48543964,6602160,58.35154044,0.543611205,0.27674509,0.266866115,22.88097006
KCE,2024-05-29 00:00:00,36.56541061,40.75,41.5,40.75,41.25,3490600,40.41724552,40.49581456,6614040,53.96254125,0.500870656,0.321570203,0.179300453,22.38592833
KCE,2024-05-30 00:00:00,36.56541061,40.75,40.75,40.75,40.75,0,40.44893642,40.50578261,6321895,53.96254125,0.461676543,0.349591471,0.112085072,21.92624673
KCE,2024-05-31 00:00:00,36.56541061,40.75,40.75,40.75,40.75,0,40.47760915,40.51535977,5927540,53.96254125,0.425707634,0.364814704,0.06089293,21.49939953
KCE,2024-06-04 00:00:00,36.11675262,40.25,42,40,42,6072200,40.45593208,40.5049535,5675470,49.32844891,0.352789456,0.362409654,-0.009620198,21.99694834
KCE,2024-06-05 00:00:00,35.89242935,40,40.75,39.5,40.5,3516900,40.41250998,40.4851514,5595715,47.14826709,0.271696416,0.344267007,-0.07257059,21.90587845
KCE,2024-06-06 00:00:00,37.23839569,41.5,42.5,40.25,40.75,18908300,40.51608046,40.52494939,6541130,58.88887424,0.324723848,0.340358375,-0.015634527,22.86964192
KCE,2024-06-07 00:00:00,37.23839569,41.5,42,40.75,41.5,6994000,40.60978708,40.56318667,6675620,58.88887424,0.362569,0.3448005,0.0177685,23.76456515
KCE,2024-06-10 00:00:00,37.01406479,41.25,41.75,40.5,41.25,4962600,40.67075974,40.59012052,6519260,56.46436476,0.368144899,0.34946938,0.018675519,24.30775299
KCE,2024-06-11 00:00:00,37.46272278,41.75,42.5,41,41.5,7759300,40.77354453,40.63560599,6753315,60.01046996,0.408204138,0.361216331,0.046987807,25.24212549
KCE,2024-06-12 00:00:00,38.8086853,43.25,43.75,41.75,41.75,17472000,41.00939743,40.73813125,7413225,68.34156531,0.554595802,0.399892225,0.154703576,26.71806241
KCE,2024-06-13 00:00:00,39.25734329,43.75,44.75,43.75,44.5,19531600,41.2704072,40.85624375,8013695,70.54442454,0.702855985,0.460484977,0.242371008,28.49387409
KCE,2024-06-14 00:00:00,38.58436203,43,43.75,42.75,43.5,15579700,41.43513032,40.94031262,6697845,63.41631667,0.751175434,0.518623069,0.232552365,29.04392551
KCE,2024-06-17 00:00:00,38.36003494,42.75,43,42.25,42.5,6333400,41.56035601,41.01128075,7014515,61.19657658,0.760529129,0.567004281,0.193524848,29.05057235
KCE,2024-06-18 00:00:00,38.36003494,42.75,42.75,42.75,42.75,0,41.67365543,41.07946582,6606170,61.19657658,0.759190523,0.605441529,0.153748994,29.05674442
KCE,2024-06-19 00:00:00,38.36003494,42.75,42.75,42.75,42.75,0,41.77616444,41.14497697,6606170,61.19657658,0.749490014,0.634251226,0.115238788,29.06247562
KCE,2024-06-20 00:00:00,39.0330162,43.5,43.75,43,43.25,4930100,41.94033926,41.23733081,6607605,65.69567317,0.793177763,0.666036533,0.12714123,29.64790552
KCE,2024-06-21 00:00:00,39.25734329,43.75,44.25,42.75,43.25,16279800,42.1126879,41.33586686,6991205,67.0664212,0.838310014,0.70049123,0.137818784,30.45200956
KCE,2024-06-24 00:00:00,39.25734329,43.75,43.75,43.75,43.75,0,42.26862238,41.43053874,6761705,67.0664212,0.864116649,0.733216313,0.130900335,31.1986776
KCE,2024-06-25 00:00:00,39.25734329,43.75,43.75,43.75,43.75,0,42.40970597,41.52149801,6761705,67.0664212,0.874488039,0.761470658,0.113017381,31.89201221
KCE,2024-06-26 00:00:00,39.25734329,43.75,43.75,43.75,43.75,0,42.53735302,41.60889024,6591525,67.0664212,0.872648097,0.783706146,0.08894195,32.53582292
KCE,2024-06-27 00:00:00,37.91137314,42.25,42.5,41.75,42,2765900,42.50998606,41.6340318,6555290,50.71273256,0.741603719,0.775285661,-0.033681942,30.73597792
KCE,2024-06-28 00:00:00,37.68704605,42,42.75,41.25,42.5,14780700,42.46141596,41.6483835,7294325,48.58627073,0.610539278,0.742336384,-0.131797106,28.60258685
KCE,2024-07-01 00:00:00,37.23839569,41.5,42.75,41.5,41.75,4237000,42.36985254,41.64256454,7506175,44.56172172,0.46100971,0.686071049,-0.225061339,26.62158085
KCE,2024-07-02 00:00:00,37.01406479,41.25,42.5,41,41.75,6947700,42.26319991,41.62716985,7549950,42.65902627,0.318660223,0.612588884,-0.293928661,25.12873111
KCE,2024-07-03 00:00:00,37.46272278,41.75,42.25,41.5,41.5,5122000,42.21432373,41.63198672,7630205,47.48826184,0.243387431,0.538748593,-0.295361162,23.74251349
KCE,2024-07-04 00:00:00,39.0330162,43.5,44.25,41.75,42.25,14911800,42.33676909,41.70524214,7430380,60.14117544,0.321240515,0.495246978,-0.174006462,23.39436739
KCE,2024-07-05 00:00:00,41.27629089,46,46.5,43.75,44.25,28066800,42.68564823,41.87366402,8484020,70.92079296,0.57800586,0.511798754,0.066207106,24.34511162
KCE,2024-07-08 00:00:00,41.50061798,46.25,46.75,45.25,46.25,12621100,43.0251103,42.04528504,8866945,71.74375167,0.792531349,0.567945273,0.224586076,25.34382958
KCE,2024-07-09 00:00:00,41.50061798,46.25,46.25,46.25,46.25,0,43.33224265,42.21017582,8478980,71.74375167,0.951575178,0.644671254,0.306903924,26.27121055
KCE,2024-07-10 00:00:00,41.27629089,46,46.75,45.5,46,14382800,43.58631478,42.35879638,8324520,69.46381143,1.045394985,0.724816,0.320578984,26.32334568
KCE,2024-07-11 00:00:00,41.94927597,46.75,47.25,46,46.5,10281400,43.88761813,42.53100044,7862010,72.30705735,1.166816258,0.813216052,0.353600206,26.66125477
KCE,2024-07-12 00:00:00,41.94927597,46.75,46.75,46.75,46.75,0,44.16022593,42.6964514,7083025,72.30705735,1.248649834,0.900302808,0.348347026,26.9750275
KCE,2024-07-15 00:00:00,41.94927597,46.75,46.75,46.75,46.75,0,44.40687108,42.85541409,6766355,72.30705735,1.298534831,0.979949213,0.318585618,27.26638789
KCE,2024-07-16 00:00:00,41.94927597,46.75,47.5,46.5,46.75,9225300,44.63002622,43.00814295,7227620,72.30705735,1.322820401,1.04852345,0.27429695,28.00092558
KCE,2024-07-17 00:00:00,41.94927597,46.75,46.75,46.75,46.75,0,44.83192848,43.15488244,7227620,72.30705735,1.32677268,1.104173296,0.222599384,28.6829963
KCE,2024-07-18 00:00:00,40.37897873,45,45.75,44.5,45.25,10974800,44.84793529,43.22723999,7529855,54.99881009,1.175148139,1.118368265,0.056779874,26.89077094
KCE,2024-07-19 00:00:00,40.37897873,45,45.75,44.25,44.5,7359700,44.86241765,43.29675999,7083850,54.99881009,1.042961981,1.103287008,-0.060325027,25.01424762
KCE,2024-07-23 00:00:00,39.70600128,44.25,45.75,44,45.5,7085500,44.80409216,43.33414196,7438125,49.15095088,0.867682661,1.056166139,-0.188483477,23.39869807
KCE,2024-07-24 00:00:00,39.48167419,44,44.75,43.5,43.75,4746500,44.72751195,43.36025404,7675450,47.34389722,0.700524417,0.985037795,-0.284513377,22.32134086
KCE,2024-07-25 00:00:00,38.58436203,43,43.25,42.25,43,10001500,44.562987,43.34612643,8175525,40.87099547,0.481804717,0.884391179,-0.402586462,22.24012316
KCE,2024-07-26 00:00:00,39.48167419,44,44,42.75,43.25,7403300,44.50936919,43.37176853,8407395,48.45968464,0.384724557,0.784457855,-0.399733298,21.44494621
KCE,2024-07-30 00:00:00,39.48167419,44,44,44,44,0,44.46085784,43.39640506,7668360,48.45968464,0.304280276,0.688422339,-0.384142063,20.70656761
KCE,2024-07-31 00:00:00,39.93032455,44.5,45,44.25,44.75,7282500,44.46458567,43.43968329,7820635,52.02976058,0.277672589,0.606272389,-0.3285998,19.33831626
KCE,2024-08-01 00:00:00,40.37897873,45,45.75,44.75,45.25,7267600,44.51557751,43.50087218,7836630,55.35974166,0.29354779,0.543727469,-0.250179679,18.66037123
KCE,2024-08-02 00:00:00,40.37897873,45,45,45,45,0,44.56171298,43.55966151,7580530,55.35974166,0.302640352,0.495510046,-0.192869694,18.03085085
KCE,2024-08-05 00:00:00,37.23839569,41.5,42.5,41.25,42.5,9083200,44.27012127,43.47889047,7289100,35.40629954,0.027112982,0.401830633,-0.374717651,18.61509911
KCE,2024-08-06 00:00:00,35.89242935,40,42.5,39.75,42.25,12151700,43.86344305,43.34246339,6493345,30.35640801,-0.30872314,0.259719878,-0.568443018,19.81056578
KCE,2024-08-07 00:00:00,35.89242935,40,41,39.75,40.5,9846500,43.4954961,43.21138639,6354615,30.35640801,-0.568324396,0.094111024,-0.662435419,20.92064198
KCE,2024-08-08 00:00:00,35.89242935,40,40,40,40,0,43.16259171,43.08544967,6354615,30.35640801,-0.765239062,-0.077758994,-0.687480069,21.95142702
KCE,2024-08-09 00:00:00,34.54646301,38.5,40.5,37.75,40,12984800,42.71853535,42.90562812,6284715,25.76643712,-1.030454381,-0.268298071,-0.76215631,23.77843537
KCE,2024-08-13 00:00:00,34.7707901,38.75,39.5,38.25,38.5,5052100,42.34057961,42.74266231,6023250,27.72782772,-1.206558071,-0.455950071,-0.750608,25.47494313
KCE,2024-08-14 00:00:00,34.54646301,38.5,41.5,37.75,41,31535100,41.97481012,42.57628339,7600005,26.96067947,-1.350724118,-0.63490488,-0.715819238,25.33667443
KCE,2024-08-15 00:00:00,34.54646301,38.5,38.5,38.5,38.5,0,41.64387582,42.41642914,7600005,26.96067947,-1.448281857,-0.797580276,-0.650701581,25.20828207
KCE,2024-08-16 00:00:00,34.32213211,38.25,38.5,37.75,38,7707700,41.32064955,42.25303977,7524125,26.12248029,-1.528154367,-0.943695094,-0.584459273,25.44979899
KCE,2024-08-19 00:00:00,34.32213211,38.25,38.25,38.25,38.25,0,41.02820674,42.09605781,7524125,26.12248029,-1.573317679,-1.069619611,-0.503698068,25.6740647
KCE,2024-08-20 00:00:00,34.99511337,39,39.75,38.75,39,13052100,40.83504419,41.97464378,7627990,33.3337696,-1.530943435,-1.161884376,-0.369059059,24.66205586
KCE,2024-08-21 00:00:00,34.7707901,38.75,39.25,38.5,39,7036600,40.63646855,41.84818716,7611835,32.20529617,-1.500240611,-1.229555623,-0.270684988,23.8695505
KCE,2024-08-22 00:00:00,34.7707901,38.75,38.75,38.75,38.75,0,40.45680488,41.72668963,7257560,32.20529617,-1.459088934,-1.275462285,-0.183626649,23.13365267
KCE,2024-08-23 00:00:00,34.54646301,38.5,38.5,37.75,38,9644700,40.27044251,41.60015278,7502470,30.98861053,-1.430162817,-1.306402391,-0.123760425,23.05231851
KCE,2024-08-26 00:00:00,35.09337234,38.5,38.5,38.5,38.5,0,40.10182894,41.47857816,7002395,30.98861053,-1.391201753,-1.323362264,-0.067839489,22.97679394
KCE,2024-08-27 00:00:00,34.86548996,38.25,38.5,37.5,38.5,7006200,39.92546428,41.35196725,6982540,29.6878447,-1.364765571,-1.331642925,-0.033122646,23.4727458
KCE,2024-08-28 00:00:00,35.09337234,38.5,38.75,37.75,38.5,11642700,39.78970578,41.2401254,7564675,32.72880561,-1.30855756,-1.327025852,0.018468292,23.68619233
KCE,2024-08-29 00:00:00,34.40973663,37.75,38.25,37.75,38,5410200,39.59544808,41.10325774,7471060,28.71630654,-1.309436667,-1.323508015,0.014071348,23.88439269
KCE,2024-08-30 00:00:00,34.63761139,38,38.5,37.75,38,5624500,39.44350065,40.98156135,7388905,31.72123326,-1.275260051,-1.313858422,0.038598372,23.79786572
KCE,2024-09-02 00:00:00,34.63761139,38,38,38,38,0,39.30602439,40.86463738,7388905,31.72123326,-1.233950621,-1.297876862,0.063926241,23.71751924
KCE,2024-09-03 00:00:00,34.63761139,38,38,38,38,0,39.18164112,40.75229866,6934745,31.72123326,-1.187523569,-1.275806203,0.088282635,23.64291179
KCE,2024-09-04 00:00:00,34.63761139,38,38,38,38,0,39.06910387,40.64436538,6327160,31.72123326,-1.137616065,-1.248168176,0.110552111,23.57363345
KCE,2024-09-05 00:00:00,34.63761139,38,38.25,37.75,38,9219300,38.96728445,40.54066478,6295800,31.72123326,-1.085550459,-1.215644632,0.130094173,23.50930357
KCE,2024-09-06 00:00:00,34.18185806,37.5,38.25,37.25,38,14056500,38.82754308,40.42142302,6998625,28.26894745,-1.072273412,-1.186970388,0.114696976,23.89059787
KCE,2024-09-09 00:00:00,34.18185806,37.5,37.5,37.5,37.5,0,38.7011104,40.30685741,6349385,28.26894745,-1.049651527,-1.159506616,0.109855089,24.24465687
KCE,2024-09-10 00:00:00,34.86548996,38.25,38.75,37.75,38,16151500,38.65814751,40.22619634,6904355,39.68780023,-0.960136927,-1.119632678,0.159495751,22.84328014
KCE,2024-09-11 00:00:00,34.18185806,37.5,38.25,37.5,38.25,10678100,38.54784774,40.11928668,5861505,33.87963827,-0.938891735,-1.08348449,0.144592755,21.80710586
KCE,2024-09-12 00:00:00,34.40973663,37.75,38.5,37.75,38.25,7590900,38.47186225,40.02637347,6241050,37.17986649,-0.891604,-1.045108392,0.153504392,20.53368988
KCE,2024-09-13 00:00:00,34.40973663,37.75,38,37.5,38,3399400,38.40311346,39.93710392,6025635,37.17986649,-0.844394476,-1.004965608,0.160571133,19.635988
KCE,2024-09-16 00:00:00,34.40973663,37.75,37.75,37.75,37.75,0,38.34091218,39.85133514,6025635,37.17986649,-0.797784227,-0.963529332,0.165745105,18.80240769
KCE,2024-09-17 00:00:00,35.32125092,38.75,38.75,37.75,37.75,10746800,38.37987292,39.80814553,5910370,49.71805658,-0.672402589,-0.905303984,0.232901395,18.13584109
KCE,2024-09-18 00:00:00,35.32125092,38.75,38.75,38.75,38.75,0,38.41512312,39.76664963,5558540,49.71805658,-0.566506404,-0.837544468,0.271038064,17.51688638
KCE,2024-09-19 00:00:00,35.32125092,38.75,38.75,38.75,38.75,0,38.44701616,39.72678101,5558540,49.71805658,-0.477083394,-0.765452253,0.288368859,16.94214273
KCE,2024-09-20 00:00:00,35.32125092,38.75,38.75,38.75,38.75,0,38.47587176,39.68847588,5076305,49.71805658,-0.401585783,-0.692678959,0.291093176,16.40845219
KCE,2024-09-23 00:00:00,35.77700806,39.25,40,38.75,40,7984500,38.54959826,39.67128074,5475530,55.66859457,-0.297972717,-0.613737711,0.315764993,17.29375379
KCE,2024-09-24 00:00:00,36.46064758,40,40.5,39,39.25,8893200,38.68773176,39.68417169,5569880,62.78331455,-0.153569629,-0.521704094,0.368134465,18.54422314
KCE,2024-09-25 00:00:00,36.46064758,40,40.75,39.75,40.5,6103100,38.81270969,39.69655712,5292900,62.78331455,-0.038683225,-0.425099921,0.386416695,19.90745342
KCE,2024-09-26 00:00:00,35.77700806,39.25,40,38.75,40,9500700,38.85435638,39.67904507,5497425,52.9312389,-0.008060735,-0.341692084,0.333631348,19.62515806
KCE,2024-09-27 00:00:00,35.77700806,39.25,39.25,39.25,39.25,0,38.89203673,39.66221978,5216200,52.9312389,0.016023104,-0.270149046,0.28617215,19.36302665
KCE,2024-09-30 00:00:00,35.32125092,38.75,39,38.5,38.75,5153200,38.87850942,39.62644645,5473860,47.20405754,-0.00517643,-0.217154523,0.211978093,18.12175741
KCE,2024-10-01 00:00:00,36.46064758,40,40.25,38.75,39,13798000,38.98531805,39.64109561,6163760,59.11439354,0.077988338,-0.158125951,0.236114289,18.21390634
KCE,2024-10-02 00:00:00,35.77700806,39.25,39.75,38.75,39.5,9823300,39.01052585,39.62575853,6654925,51.59372747,0.082428105,-0.11001514,0.192443244,18.29947321
KCE,2024-10-03 00:00:00,35.09337234,38.5,39.25,38.5,39,4426300,38.96190434,39.58161114,6415275,45.37672678,0.025138143,-0.082984483,0.108122626,18.04110554
KCE,2024-10-04 00:00:00,35.77700806,39.25,39.25,38,38.5,10106100,38.98934202,39.56860678,6217755,51.65090746,0.03979543,-0.0584285,0.098223931,17.15732014
KCE,2024-10-07 00:00:00,35.77700806,39.25,39.5,39,39.5,4321200,39.01416659,39.55611239,6433815,51.65090746,0.050825551,-0.03657769,0.087403241,16.61026091
KCE,2024-10-08 00:00:00,35.54912567,39,39.25,38.5,39,6111700,39.01281739,39.53430406,5931825,49.45488582,0.038945155,-0.021473121,0.060418276,15.47325533
KCE,2024-10-09 00:00:00,35.32125092,38.75,39.75,38.5,39.25,6737300,38.98778717,39.50354704,5734785,47.28962979,0.009250313,-0.015328434,0.024578747,14.9828594
KCE,2024-10-10 00:00:00,35.32125092,38.75,39.5,38.75,38.75,10543800,38.96514077,39.47399618,5882430,47.28962979,-0.014120294,-0.015086806,0.000966513,14.52749175
KCE,2024-10-11 00:00:00,35.32125092,38.75,39,38.5,38.75,8605800,38.94465117,39.44560417,6142750,47.28962979,-0.032269683,-0.018523382,-0.013746301,13.76192578
KCE,2024-10-15 00:00:00,34.86548996,38.25,39,38,38.5,5012500,38.87849392,39.39871773,6393375,42.62760061,-0.086007584,-0.032020222,-0.053987362,13.15107948
KCE,2024-10-16 00:00:00,34.86548996,38.25,38.25,38.25,38.25,0,38.81863735,39.35366998,5856035,42.62760061,-0.127129785,-0.051042135,-0.07608765,12.58386505
KCE,2024-10-17 00:00:00,33.95397568,37.25,38,37,38,7616800,38.66924332,39.27117312,6236875,34.69411186,-0.23767134,-0.088367976,-0.149303365,13.41961182
KCE,2024-10-18 00:00:00,33.72609711,37,37.75,37,37.25,6944800,38.51026777,39.1821075,6584115,33.03864591,-0.341512487,-0.138996878,-0.202515609,14.19566239
KCE,2024-10-21 00:00:00,34.18185806,37.5,37.75,36.75,37,5071600,38.41405179,39.1161425,6837695,39.27911519,-0.37909159,-0.18701582,-0.19207577,15.15745475
KCE,2024-10-22 00:00:00,33.72609711,37,37.75,37,37.5,3103700,38.27938019,39.03315652,6593655,35.69647617,-0.444099816,-0.23843262,-0.205667196,16.05054765
KCE,2024-10-24 00:00:00,33.49821854,36.75,37.5,36.5,37,5649500,38.13372493,38.94362097,6431470,34.02538886,-0.50991424,-0.292728944,-0.217185296,17.36421096
KCE,2024-10-25 00:00:00,33.49821854,36.75,36.75,36.5,36.75,1134700,38.00194161,38.85759662,6183050,34.02538886,-0.555667258,-0.345316607,-0.210350652,18.58404119
KCE,2024-10-28 00:00:00,32.81457901,36,36.75,35.75,36.75,5707100,37.8112805,38.74553401,5993370,29.25961885,-0.64501031,-0.405255347,-0.239754963,20.37330421
KCE,2024-10-29 00:00:00,30.76366997,33.75,36,33.5,36,13600500,37.42449188,38.54963071,6673395,20.14406537,-0.887145062,-0.50163329,-0.385511772,23.28996605
KCE,2024-10-30 00:00:00,30.30790901,33.25,34.5,32.75,33.75,12545300,37.02692123,38.34180206,7043000,18.74639634,-1.106627901,-0.622632212,-0.483995689,26.27719263
KCE,2024-10-31 00:00:00,32.81457901,36,37,33,33,31167400,36.9291192,38.24996668,7911470,42.41273391,-1.046603027,-0.707426375,-0.339176652,25.92086086
KCE,2024-11-01 00:00:00,32.35882187,35.5,36,35,36,9453300,36.79301261,38.14212485,7892970,40.12440213,-1.027533932,-0.771447887,-0.256086045,25.58998135
KCE,2024-11-04 00:00:00,31.90306473,35,35.75,34.75,35.5,4917000,36.62224951,38.01890427,7917505,37.92103154,-1.040770009,-0.825312311,-0.215457698,25.45062975
KCE,2024-11-05 00:00:00,33.04245758,36.25,36.5,35,35.25,9000000,36.58679717,37.94953548,7862200,45.91689364,-0.939564428,-0.848162734,-0.091401693,24.54416588
KCE,2024-11-06 00:00:00,34.40973663,37.75,38.75,36.25,36.5,31801400,36.6975784,37.94171056,9236210,53.63448564,-0.729906899,-0.824511567,0.094604668,23.66238777
KCE,2024-11-07 00:00:00,32.58670044,35.75,37.5,35.25,37.5,23239300,36.60733283,37.85576112,10092590,44.51361193,-0.716871435,-0.802983541,0.086112106,22.07586242
KCE,2024-11-08 00:00:00,30.76366997,33.75,36,33.5,36,23787700,36.3352059,37.69475088,10945110,37.62336694,-0.85803315,-0.813993463,-0.044039687,21.50357022
KCE,2024-11-11 00:00:00,29.39639473,32.25,33.75,31.25,33.75,17073500,35.94613867,37.48123124,11271595,33.44232744,-1.078509898,-0.86689675,-0.211613148,22.0447985
KCE,2024-11-12 00:00:00,27.11760521,29.75,32.5,29.75,32,22751900,35.35603022,37.1780457,11978900,27.88110756,-1.43838758,-0.981194916,-0.457192664,23.11205315
KCE,2024-11-13 00:00:00,27.34548378,30,31.25,29,29,18924300,34.84593211,36.89655371,12674490,29.14992336,-1.684008127,-1.121757558,-0.562250569,24.35794382
KCE,2024-11-14 00:00:00,25.75032997,28.25,29.75,28,29.5,16154800,34.2177481,36.55747317,13482230,25.7365584,-1.996856042,-1.296777255,-0.700078787,25.83412429
KCE,2024-11-15 00:00:00,25.52245331,28,28.75,27.25,28.25,11181400,33.62558161,36.22188599,13660460,25.28112143,-2.239151633,-1.48525213,-0.753899502,27.42969867
KCE,2024-11-18 00:00:00,25.52245331,28,28.5,27.25,28.25,7275200,33.08981193,35.89945909,13676980,25.28112143,-2.403466963,-1.668895097,-0.734571866,28.91130345
KCE,2024-11-19 00:00:00,25.06669426,27.5,28.75,27.5,27.75,10237500,32.55744889,35.57006854,13935275,24.28433219,-2.544700148,-1.844056107,-0.700644041,30.05788605
KCE,2024-11-20 00:00:00,25.29457283,27.75,27.75,26.75,27.75,8278400,32.09959662,35.26339918,14194010,25.85840075,-2.606410477,-1.996526981,-0.609883496,31.37962336
KCE,2024-11-21 00:00:00,24.15517807,26.5,27.75,26.5,27.75,9014500,31.5663017,34.91973647,14362260,23.25517308,-2.724771441,-2.142175873,-0.582595568,32.69121483
KCE,2024-11-22 00:00:00,23.92729759,26.25,27.25,25.75,27,10999800,31.05998725,34.5797468,14855515,22.76162615,-2.806395884,-2.275019875,-0.531376008,34.15676556
KCE,2024-11-25 00:00:00,23.47153854,25.75,27.25,25.75,26.75,10716500,30.55427418,34.23348222,15105985,21.76664456,-2.878250978,-2.395666096,-0.482584882,35.5176341
KCE,2024-11-26 00:00:00,23.47153854,25.75,26.5,25.5,26,11210300,30.09672426,33.90079665,14986475,21.76664456,-2.901747124,-2.496882301,-0.404864822,36.86811445
KCE,2024-11-27 00:00:00,23.0157814,25.25,26.25,25.25,26,5262300,29.63513147,33.56154972,14622325,20.71638856,-2.926973482,-2.582900537,-0.344072944,38.21072008
KCE,2024-11-28 00:00:00,22.78790283,25,25.25,24.5,25.25,12652500,29.19369038,33.22580267,13696580,20.19178281,-2.933324919,-2.652985414,-0.280339505,39.71334486
KCE,2024-11-29 00:00:00,23.0157814,25.25,25.75,24.70000076,25.25,10020000,28.81810082,32.9130261,13724915,22.31046682,-2.884929892,-2.699374309,-0.185555582,40.48486851
KCE,2024-12-02 00:00:00,23.0157814,25.25,25.75,24.79999924,25.75,6816100,28.47828169,32.61251527,13819870,22.31046682,-2.814136866,-2.722326821,-0.091810045,41.20128333
KCE,2024-12-03 00:00:00,22.51445007,24.70000076,25.25,24.60000038,25,8900500,28.11844542,32.30222058,13814895,20.89514436,-2.770476892,-2.731956835,-0.038520057,41.95421479
KCE,2024-12-04 00:00:00,22.60560036,24.79999924,25.5,24.70000076,24.70000076,8136200,27.80240292,32.00801582,12631635,21.86566468,-2.696720887,-2.724909645,0.028188758,42.30309258
KCE,2024-12-06 00:00:00,22.51445007,24.70000076,24.79999924,24.29999924,24.79999924,10306800,27.50693605,31.721427,11985010,21.58053114,-2.616180068,-2.70316373,0.086983662,42.82734508
KCE,2024-12-09 00:00:00,21.60293388,23.70000076,24.60000038,23.60000038,24.5,12941900,27.14437078,31.40686126,11442720,18.92306139,-2.603036348,-2.683138254,0.080101905,43.63938544
KCE,2024-12-11 00:00:00,21.87638664,24,24.60000038,23.70000076,23.79999924,11230000,26.8449069,31.11639612,11150545,22.0252282,-2.539142767,-2.654339156,0.115196389,44.39342292
KCE,2024-12-12 00:00:00,21.69408226,23.79999924,24.5,23.60000038,24.20000076,12763400,26.55491569,30.82947859,10651120,21.43636405,-2.476102071,-2.618691739,0.142589668,45.14189018
KCE,2024-12-13 00:00:00,21.69408226,23.79999924,24,23.5,23.79999924,6806500,26.2925427,30.55381273,10045230,21.43636405,-2.398493524,-2.574652096,0.176158572,45.88733045
KCE,2024-12-16 00:00:00,20.78256798,22.79999924,23.79999924,22.70000076,23.70000076,14230500,25.95991951,30.24974162,9949015,18.55904491,-2.390127928,-2.537747263,0.147619335,46.95643401
KCE,2024-12-17 00:00:00,20.14450645,22.10000038,23.29999924,22.10000038,23,15940100,25.59230817,29.93014392,10186950,16.85369304,-2.412176125,-2.512633035,0.10045691,48.19395326
KCE,2024-12-18 00:00:00,19.7798996,21.70000076,22.39999962,21.29999924,22.39999962,29230700,25.22161222,29.60739321,11284725,15.95168211,-2.433869968,-2.496880422,0.063010453,49.62797527
KCE,2024-12-19 00:00:00,21.69408226,23.79999924,24.10000038,21.5,21.5,45238700,25.08622051,29.37965227,13034785,35.47621451,-2.255608914,-2.44862612,0.193017207,48.51323621
KCE,2024-12-20 00:00:00,21.32947731,23.39999962,24.10000038,23.29999924,23.79999924,18119300,24.92562804,29.14515609,13526830,33.8626092,-2.122149551,-2.383330806,0.261181256,47.47812138
KCE,2024-12-23 00:00:00,22.78790283,25,25.25,23.20000076,23.70000076,18099700,24.93271109,28.98260095,13981090,44.69803117,-1.865767973,-2.27981824,0.414050266,45.19880176
KCE,2024-12-24 00:00:00,22.69675255,24.89999962,25.25,24.60000038,25,8307500,24.92959571,28.82249893,13846475,44.21051325,-1.651614141,-2.15417742,0.502563279,43.08229069
KCE,2024-12-25 00:00:00,22.78790283,25,25.25,24.70000076,25,10409900,24.93630088,28.67259701,13831145,44.85820412,-1.457030748,-2.014748086,0.557717338,41.11695898
KCE,2024-12-26 00:00:00,22.60560036,24.79999924,25.25,24.10000038,25,18893500,24.92331977,28.52073043,14215305,43.76388015,-1.303929509,-1.87258437,0.568654861,39.78858468
KCE,2024-12-27 00:00:00,22.51445007,24.70000076,25.25,24.60000038,24.79999924,6461000,24.90205129,28.3708979,14275240,43.19646796,-1.177095887,-1.733486674,0.556390787,38.55509426
KCE,2024-12-30 00:00:00,22.3321476,24.5,25,24.39999962,24.70000076,10323000,24.86376069,28.21909798,14158765,42.02294314,-1.080265094,-1.602842358,0.522577264,37.58044009
KCE,2025-01-02 00:00:00,21.69408226,23.79999924,24.70000076,23.79999924,24.70000076,13061500,24.76245008,28.04579999,14310840,38.1195414,-1.047930316,-1.491859949,0.443929633,37.16152466
KCE,2025-01-03 00:00:00,21.69408226,23.79999924,24.89999962,23.79999924,23.89999962,14574800,24.67078809,27.879298,14698775,38.1195414,-1.010654575,-1.395618875,0.3849643,36.47607952
KCE,2025-01-06 00:00:00,21.87638664,24,24.60000038,23.79999924,24,13924800,24.60690351,27.72716867,14949990,39.96730799,-0.953978026,-1.307290705,0.353312678,35.83959475
KCE,2025-01-07 00:00:00,22.78790283,25,25.25,24.20000076,24.20000076,23786900,24.64434127,27.62022088,15732525,48.2826956,-0.818929699,-1.209618504,0.390688805,34.28126515
KCE,2025-01-08 00:00:00,21.69408226,23.79999924,24.70000076,23.79999924,24.70000076,24980800,24.56392775,27.47040826,16466225,40.95213149,-0.799516629,-1.127598129,0.3280815,33.23790891
KCE,2025-01-09 00:00:00,20.96487045,23,23.79999924,23,23.79999924,15183600,24.41498225,27.29509813,16578310,36.92697848,-0.839013262,-1.069881155,0.230867894,32.98062178
KCE,2025-01-10 00:00:00,20.41796112,22.39999962,23.29999924,22.39999962,23,9451200,24.22307914,27.10313349,16489370,34.21104655,-0.90825979,-1.037556882,0.129297092,33.19931274
KCE,2025-01-13 00:00:00,20.6002636,22.60000038,22.70000076,22.10000038,22.29999924,8017100,24.06850021,26.92654003,16252055,35.90333864,-0.936207753,-1.017287056,0.081079304,33.61588179
KCE,2025-01-14 00:00:00,20.05335617,22,22.89999962,22,22.89999962,7186300,23.87150019,26.73334238,16271045,33.14853151,-0.995298548,-1.012889355,0.017590806,33.68031092
KCE,2025-01-15 00:00:00,20.41796112,22.39999962,22.5,22,22.10000038,5724100,23.73135728,26.56340737,15845725,36.63890401,-0.998343521,-1.009980188,0.011636667,33.74013796
KCE,2025-01-16 00:00:00,20.41796112,22.39999962,22.70000076,22.10000038,22.70000076,5298000,23.60456131,26.40013648,15313620,36.63890401,-0.989352049,-1.00585456,0.016502511,33.44706144
KCE,2025-01-17 00:00:00,19.7798996,21.70000076,22.5,21.60000038,22.39999962,6557800,23.42317459,26.21581743,14179975,33.12840779,-1.026873146,-1.010058277,-0.016814868,33.62219278
KCE,2025-01-20 00:00:00,20.05335617,22,22.20000076,21.60000038,21.70000076,8274200,23.28763416,26.05049126,12331750,35.96033815,-1.020636195,-1.012173861,-0.008462334,33.78481473
KCE,2025-01-21 00:00:00,21.14717674,23.20000076,23.5,22.10000038,22.10000038,11324100,23.27928812,25.93870732,11991990,45.84045283,-0.908391957,-0.99141748,0.083025523,31.88206333
KCE,2025-01-22 00:00:00,20.87372017,22.89999962,23.5,22.79999924,23.39999962,6300000,23.2431654,25.81954231,11402005,44.0122976,-0.834030985,-0.959940181,0.125909196,30.11522274
KCE,2025-01-23 00:00:00,20.69141579,22.70000076,23.29999924,22.60000038,22.79999924,8294600,23.19143544,25.69720735,11401360,42.78720924,-0.782220663,-0.924396278,0.142175615,28.71584963
KCE,2025-01-24 00:00:00,21.05602264,23.10000038,23.20000076,22.79999924,22.89999962,6315600,23.18272734,25.59535609,11196645,46.02327018,-0.700805532,-0.879678128,0.178872596,27.41643174
KCE,2025-01-27 00:00:00,20.5091114,22.5,23.10000038,22.39999962,23,5164300,23.11770569,25.47396958,10510185,42.17020867,-0.67689564,-0.839121631,0.162225991,26.70713352
KCE,2025-01-28 00:00:00,20.69141579,22.70000076,23,22.10000038,22.39999962,4976200,23.07792426,25.36518649,10435945,43.85748095,-0.634494431,-0.798196191,0.16370176,26.3970101
KCE,2025-01-29 00:00:00,20.5091114,22.5,23.20000076,22.39999962,22.89999962,3961300,23.02288386,25.25282624,10117860,42.52142084,-0.609997881,-0.760556529,0.150558648,25.75308928
KCE,2025-01-30 00:00:00,20.23565865,22.20000076,22.70000076,22.10000038,22.5,4659100,22.94451404,25.13310759,9697740,40.52707376,-0.607785448,-0.730002313,0.122216864,25.51941873
KCE,2025-01-31 00:00:00,20.05335617,22,22.39999962,21.79999924,22.39999962,5889600,22.85456032,25.01024063,9263480,39.20683951,-0.615080207,-0.707017892,0.091937684,25.64756217
KCE,2025-02-03 00:00:00,19.14183807,21,21.70000076,20.79999924,21.70000076,10993200,22.67793553,24.85297629,9116900,33.35583313,-0.693558093,-0.704325932,0.010767839,26.71583144
KCE,2025-02-04 00:00:00,18.1391716,19.89999962,21.60000038,19.89999962,21.20000076,15527800,22.4133702,24.65874191,8703945,28.34487472,-0.834889139,-0.730438573,-0.104450565,28.3464618
KCE,2025-02-05 00:00:00,18.32147408,20.10000038,20.60000038,19.89999962,20,12978900,22.19304927,24.47996773,8103850,30.39239951,-0.920149707,-0.7683808,-0.151768907,29.86061856
KCE,2025-02-06 00:00:00,17.95686913,19.70000076,20.39999962,19.60000038,20.29999924,6494200,21.95561608,24.29251805,7669380,28.63033828,-1.008372063,-0.816379053,-0.19199301,31.46481974
KCE,2025-02-07 00:00:00,18.50377655,20.29999924,20.29999924,19.60000038,19.79999924,6322600,21.79793828,24.13594868,7512950,34.74207348,-1.018137597,-0.856730761,-0.161406835,32.95443513
KCE,2025-02-10 00:00:00,18.04801941,19.79999924,20.29999924,19.60000038,20.10000038,6650400,21.60765837,23.96591145,7444615,32.26262476,-1.054071988,-0.896199007,-0.157872981,34.33764942
KCE,2025-02-11 00:00:00,19.32414246,21.20000076,21.20000076,19.70000076,19.79999924,13787200,21.56883384,23.85744436,7774660,44.25825667,-0.958532464,-0.908665698,-0.049866765,33.76316318
KCE,2025-02-13 00:00:00,19.32414246,21.20000076,21.89999962,20.79999924,21.20000076,12564100,21.53370688,23.75323089,8116660,44.25825667,-0.872756113,-0.901483781,0.028727668,32.100339
KCE,2025-02-14 00:00:00,18.9595356,20.79999924,21.5,20.79999924,21.39999962,8319100,21.46382996,23.63741788,8267715,41.80509331,-0.827515434,-0.886690112,0.059174677,30.55628797
KCE,2025-02-17 00:00:00,19.32414246,21.20000076,21.20000076,19.60000038,19.70000076,9135900,21.43870337,23.5418329,8396620,45.0831928,-0.750731129,-0.859498315,0.108767186,30.39684432
KCE,2025-02-18 00:00:00,19.14183807,21,21.60000038,20.79999924,21.5,11370300,21.3969221,23.44215317,8551425,43.75601353,-0.697971622,-0.827192977,0.129221354,29.63680936
KCE,2025-02-19 00:00:00,19.32414246,21.20000076,21.89999962,21,21.20000076,12947600,21.37816769,23.35422563,8632600,45.4843211,-0.632727257,-0.788299833,0.155572576,28.4933766
KCE,2025-02-20 00:00:00,19.32414246,21.20000076,21.60000038,20.70000076,21,12993100,21.36119941,23.26974622,8967255,45.4843211,-0.574399309,-0.745519728,0.171120419,27.75381575
KCE,2025-02-21 00:00:00,18.68607903,20.5,21.20000076,20.5,21.10000038,5506100,21.27918042,23.16112872,8827830,40.44010753,-0.57799543,-0.712014868,0.134019438,27.27839947
KCE,2025-02-24 00:00:00,18.77723122,20.60000038,20.89999962,20.29999924,20.5,7873700,21.2144966,23.06069232,8905735,41.43924725,-0.566248823,-0.682861659,0.116612836,27.04807364
KCE,2025-02-25 00:00:00,18.68607903,20.5,21,19.60000038,19.60000038,13951500,21.14644931,22.96027301,9345095,40.70389908,-0.558569902,-0.658003308,0.099433406,27.5054113
KCE,2025-02-26 00:00:00,18.68607903,20.5,20.79999924,19.79999924,20.60000038,13826700,21.08488271,22.86379172,9787620,40.70389908,-0.546188184,-0.635640283,0.0894521,27.93008198
KCE,2025-02-27 00:00:00,17.95686913,19.70000076,20.79999924,19.60000038,20.39999962,8378600,20.95298919,22.73972148,10008485,34.94973399,-0.594080643,-0.627328355,0.033247712,28.5116361
KCE,2025-02-28 00:00:00,16.68074417,18.29999924,18.79999924,17,17,15581300,20.70032348,22.56561473,10554595,27.59722801,-0.736514109,-0.649165506,-0.087348603,30.6745947
KCE,2025-03-03 00:00:00,16.40728951,18,18.70000076,17.89999962,18.60000038,9381200,20.44314981,22.38657101,10729175,26.3194802,-0.863645521,-0.692061509,-0.171584012,32.68305627
KCE,2025-03-04 00:00:00,16.04268456,17.60000038,18.20000076,17.39999962,17.89999962,7592400,20.17237368,22.19886236,10559135,24.67878621,-0.98531659,-0.750712525,-0.234604065,34.76423746
KCE,2025-03-05 00:00:00,17.04535294,18.70000076,18.79999924,17.79999924,17.79999924,10260000,20.03214769,22.0616521,10295745,36.41716479,-0.981664929,-0.796903006,-0.184761923,35.69477488
KCE,2025-03-06 00:00:00,16.77189827,18.39999962,19.10000038,18.39999962,19.10000038,7442600,19.87670501,21.91805789,10018930,34.82321574,-0.991548592,-0.835832123,-0.155716469,36.08805692
KCE,2025-03-07 00:00:00,17.77456284,19.5,19.70000076,18.29999924,18.5,10467600,19.84082834,21.82323209,10217600,44.4278364,-0.900243185,-0.848714336,-0.051528849,35.56936659
KCE,2025-03-10 00:00:00,17.04535294,18.70000076,19.5,18.60000038,19.10000038,7068900,19.7321781,21.70075243,10254915,39.83070705,-0.882266031,-0.855424675,-0.026841357,35.08772558
KCE,2025-03-11 00:00:00,17.86571693,19.60000038,19.79999924,18.39999962,18.60000038,9962200,19.71958974,21.61837,10420505,46.5334307,-0.786332211,-0.841606182,0.055273971,34.19547536
KCE,2025-03-12 00:00:00,16.86304855,18.5,19.5,18.5,19.5,9243700,19.60343834,21.49608098,10193330,40.58291222,-0.789958654,-0.831276676,0.041318022,33.3669573
KCE,2025-03-13 00:00:00,17.2276535,18.89999962,19.20000076,18.60000038,18.79999924,6389100,19.53644418,21.39427386,9884580,43.41646456,-0.751888705,-0.815399082,0.063510377,32.5976191
KCE,2025-03-14 00:00:00,17.59225845,19.29999924,19.5,18.89999962,18.89999962,7350600,19.51392561,21.31214545,9836155,46.18050372,-0.681584488,-0.788636163,0.107051675,31.38443215
KCE,2025-03-17 00:00:00,17.2276535,18.89999962,19.60000038,18.89999962,19.60000038,6240500,19.45545647,21.21755149,9691385,43.87252689,-0.650644293,-0.761037789,0.110393496,30.09242627
KCE,2025-03-18 00:00:00,17.2276535,18.89999962,19.10000038,18.60000038,19.10000038,5540100,19.40255582,21.12666711,9399875,43.87252689,-0.61898865,-0.732627961,0.113639311,29.2692577
KCE,2025-03-19 00:00:00,17.31880569,19,19.39999962,18.89999962,18.89999962,8168900,19.36421717,21.0432684,9160940,44.67422659,-0.57915598,-0.701933565,0.122777585,27.98441855
KCE,2025-03-20 00:00:00,17.2276535,18.89999962,19.29999924,18.79999924,19,6879000,19.32000597,20.95921864,8855235,43.99744526,-0.549325218,-0.671411896,0.122086677,26.92813601
KCE,2025-03-21 00:00:00,17.40995789,19.10000038,19.10000038,18.79999924,19,6669000,19.29905306,20.88630812,8913380,45.76702223,-0.503738945,-0.637877306,0.13413836,25.94730222
KCE,2025-03-24 00:00:00,17.22174072,18.29999924,18.60000038,18.20000076,18.5,3910900,19.20390508,20.78488424,8715240,40.28380177,-0.526100345,-0.615521914,0.089421569,25.84618113
KCE,2025-03-25 00:00:00,16.93941879,18,18.39999962,18,18.39999962,3992100,19.08924745,20.6756731,8217270,38.42468122,-0.561556078,-0.604728746,0.043172669,25.99366081
KCE,2025-03-26 00:00:00,16.75120163,17.79999924,18.39999962,17.79999924,18.10000038,3989800,18.96646191,20.56290157,7725425,37.1923515,-0.598889763,-0.60356095,0.004671187,26.36748892
KCE,2025-03-27 00:00:00,16.18655777,17.20000076,17.60000038,17,17.5,8020900,18.79822751,20.43102311,7707540,33.70049705,-0.669177973,-0.616684354,-0.052493618,27.52708033
KCE,2025-03-28 00:00:00,15.81012344,16.79999924,17.29999924,16.79999924,17.20000076,2521200,18.60792006,20.28863002,7054535,31.57233184,-0.748530077,-0.643053499,-0.105476578,28.77862438
KCE,2025-03-31 00:00:00,14.77493763,15.69999981,16.60000038,14.80000019,14.89999962,10898000,18.33097527,20.10868373,7130375,26.59801201,-0.889919513,-0.692426702,-0.197492812,31.17578396
KCE,2025-04-01 00:00:00,15.05726147,16,16.29999924,15.80000019,16,8043400,18.10897763,19.94755888,7152925,29.84441945,-0.966621541,-0.74726567,-0.219355872,33.40171785
KCE,2025-04-02 00:00:00,15.15136909,16.10000038,16.29999924,15.89999962,16,7439600,17.91764646,19.79667423,7011905,30.94085028,-1.007722854,-0.799357106,-0.208365747,35.46865646
KCE,2025-04-03 00:00:00,15.24547672,16.20000076,16.39999962,15.69999981,15.69999981,10658100,17.75406116,19.65562822,7172680,32.08392929,-1.020463477,-0.843578381,-0.176885097,37.48967513
KCE,2025-04-04 00:00:00,14.49261379,15.39999962,15.89999962,15.39999962,15.89999962,7833000,17.52986482,19.48874082,7040950,28.07968237,-1.082633989,-0.891389502,-0.191244487,39.51533579
KCE,2025-04-08 00:00:00,14.11618233,15,15.10000038,13.69999981,14.19999981,13771700,17.28892531,19.31271177,7376090,26.31147901,-1.150914172,-0.943294436,-0.207619736,42.03046808
KCE,2025-04-09 00:00:00,14.11618233,15,15.19999981,14.60000038,15,6193500,17.07093243,19.14358582,7187655,26.31147901,-1.19129421,-0.992894391,-0.198399819,44.1637414
KCE,2025-04-10 00:00:00,15.05726147,16,16.89999962,16,16.39999962,21855900,16.96893886,19.02030794,7818265,37.68826647,-1.129582911,-1.020232095,-0.109350816,43.33581023
KCE,2025-04-11 00:00:00,15.05726147,16,16.20000076,15.60000038,15.60000038,5556800,16.87665897,18.90186449,7776650,37.68826647,-1.068360862,-1.029857848,-0.038503014,42.83090373
KCE,2025-04-16 00:00:00,15.81012344,16.79999924,16.79999924,16.10000038,16.29999924,8564500,16.86935804,18.8194384,7837345,45.49571911,-0.944402214,-1.012766721,0.068364508,41.57062507
KCE,2025-04-17 00:00:00,15.9983387,17,17.39999962,16.39999962,16.79999924,10284900,16.88180013,18.74808788,8039565,47.27435951,-0.82056672,-0.974326721,0.153760001,39.68039599
KCE,2025-04-18 00:00:00,16.37477112,17.39999962,17.60000038,16.89999962,16.89999962,8163000,16.93115247,18.69522167,8170710,50.73687782,-0.68228462,-0.915918301,0.233633681,37.69421682
KCE,2025-04-21 00:00:00,15.71601677,16.70000076,17.60000038,16.70000076,17.29999924,6145900,16.90913802,18.61697771,8069560,45.14907001,-0.622008984,-0.857136438,0.235127453,36.03474389
KCE,2025-04-22 00:00:00,15.90423012,16.89999962,16.89999962,16.5,16.70000076,4229600,16.90826769,18.54964524,7937090,46.9468789,-0.551741738,-0.796057498,0.24431576,34.68109351
KCE,2025-04-23 00:00:00,15.90423012,16.89999962,17.39999962,16.89999962,17.29999924,6774900,16.90748026,18.48495325,7942385,46.9468789,-0.490401396,-0.734926277,0.244524881,32.78655835
KCE,2025-04-24 00:00:00,15.9983387,17,17.39999962,16.79999924,17.10000038,14681100,16.91629166,18.42671979,8480895,47.93642723,-0.428776866,-0.673696395,0.244919529,31.13332635
KCE,2025-04-25 00:00:00,16.84531021,17.89999962,18.20000076,17.20000076,17.20000076,19492400,17.00997813,18.4060641,9255910,55.90749024,-0.303814351,-0.599719986,0.295905635,29.17767772
KCE,2025-04-28 00:00:00,16.56298828,17.60000038,18.29999924,17.60000038,18,8962400,17.06617073,18.37445376,9504540,52.99490337,-0.226378539,-0.525051697,0.298673158,27.47295368
KCE,2025-04-29 00:00:00,16.56298828,17.60000038,17.89999962,17.10000038,17.70000076,9706100,17.11701165,18.34408304,9588800,52.99490337,-0.163129642,-0.452667286,0.289537644,25.73406696
KCE,2025-04-30 00:00:00,16.37477112,17.39999962,17.70000076,17.20000076,17.60000038,6923300,17.14396288,18.30706016,9808905,50.9429211,-0.127671113,-0.387668051,0.259996938,24.11938644
KCE,2025-05-02 00:00:00,16.4688797,17.5,18,17.39999962,17.70000076,7272900,17.17787118,18.27541074,9627650,51.94484372,-0.090458034,-0.328226048,0.237768014,22.56221585
KCE,2025-05-06 00:00:00,15.90423012,16.89999962,17.5,16.79999924,17.39999962,7048000,17.15140722,18.22147305,9577880,45.88898787,-0.108134906,-0.284207819,0.176072914,21.53155395
KCE,2025-05-07 00:00:00,16.65709496,17.70000076,17.79999924,16.89999962,16.89999962,7271400,17.20365423,18.20102316,9569470,53.6482892,-0.056934245,-0.238753104,0.18181886,20.17182141
KCE,2025-05-08 00:00:00,16.4688797,17.5,17.89999962,17.39999962,17.60000038,9931400,17.23187763,18.17353205,9533135,51.65409502,-0.03212542,-0.197427568,0.165302147,18.77471046
KCE,2025-05-09 00:00:00,16.75120163,17.79999924,17.89999962,17.39999962,17.5,5866500,17.28598445,18.15888371,9434810,54.39263884,0.011609358,-0.155620183,0.16722954,17.47739315
KCE,2025-05-13 00:00:00,17.12763405,18.20000076,19.29999924,18,18.29999924,20990400,17.37303362,18.16049614,9795745,57.82316085,0.07765115,-0.108965916,0.186617066,17.8364673
KCE,2025-05-14 00:00:00,17.22174072,18.29999924,19,18,18.29999924,18787500,17.46131606,18.16596685,10425445,58.66032143,0.136485469,-0.059875639,0.196361108,18.16989329
KCE,2025-05-15 00:00:00,15.43369198,16.39999962,18.20000076,16.39999962,18.10000038,29791000,17.36023831,18.09671323,10822200,41.71716414,0.029458421,-0.042008827,0.071467248,17.3072846
KCE,2025-05-16 00:00:00,15.33958435,16.29999924,16.70000076,16.20000076,16.60000038,8427400,17.25926316,18.02625386,10965730,41.04520151,-0.062707626,-0.046148587,-0.016559039,16.71065445
KCE,2025-05-19 00:00:00,14.86904621,15.80000019,16.10000038,15.60000038,16,9427700,17.12028573,17.93894979,11008890,37.76936492,-0.174088839,-0.071736637,-0.102352202,16.73941565
KCE,2025-05-20 00:00:00,14.39850712,15.30000019,16.10000038,15.30000019,16,7634900,16.9469252,17.83546158,10876390,34.7800254,-0.299255443,-0.117240398,-0.182015045,17.03865324
KCE,2025-05-21 00:00:00,14.39850712,15.30000019,15.80000019,15.30000019,15.39999962,8530500,16.7900752,17.73603172,10894765,34.7800254,-0.393910128,-0.172574344,-0.221335784,17.31651671
KCE,2025-05-22 00:00:00,14.30439854,15.19999981,15.39999962,15.10000038,15.19999981,4829400,16.63863945,17.63657949,10828940,34.15302793,-0.471558016,-0.232371079,-0.239186937,17.76863866
KCE,2025-05-23 00:00:00,14.02207375,14.89999962,15.30000019,14.89999962,15.30000019,4990700,16.47305471,17.52926263,10866995,32.27334565,-0.550951014,-0.296087066,-0.254863948,18.38311591
KCE,2025-05-26 00:00:00,14.39850712,15.30000019,15.30000019,14.80000019,15.19999981,5208200,16.36133523,17.44184057,10788660,37.23362404,-0.574965984,-0.351862849,-0.223103135,19.05286588
KCE,2025-05-27 00:00:00,13.92796707,14.80000019,15.10000038,14.60000038,15.10000038,6283700,16.21263665,17.33823899,10368790,33.89213927,-0.627114852,-0.40691325,-0.220201602,19.87615592
KCE,2025-05-28 00:00:00,14.30439854,15.19999981,15.69999981,14.89999962,14.89999962,11861500,16.11619505,17.25438647,9987245,38.63661006,-0.628916818,-0.451313964,-0.177602855,19.59629901
KCE,2025-05-29 00:00:00,14.77493763,15.69999981,16.20000076,15.60000038,15.80000019,13710000,16.07655741,17.19343013,10224625,44.0427371,-0.583275432,-0.477706257,-0.105569175,18.58013754
KCE,2025-05-30 00:00:00,14.86904621,15.80000019,16,15.39999962,15.39999962,9288000,16.05021862,17.13878582,10203720,45.08478087,-0.532892259,-0.488743458,-0.044148801,17.89236388
KCE,2025-06-04 00:00:00,14.39850712,15.30000019,16,15.30000019,16,8441600,15.97876925,17.06667658,10279635,40.97600766,-0.527231457,-0.496441057,-0.030790399,17.38359722
KCE,2025-06-05 00:00:00,14.39850712,15.30000019,15.69999981,15.19999981,15.5,4593200,15.91412458,16.99739515,10145650,40.97600766,-0.51678802,-0.50051045,-0.01627757,17.04536397
KCE,2025-06-06 00:00:00,14.68083,15.60000038,15.60000038,15.10000038,15.30000019,6751500,15.88420799,16.94259536,10130825,44.49589074,-0.478784878,-0.496165336,0.017380457,16.86962507
KCE,2025-06-09 00:00:00,15.15136909,16.10000038,16.20000076,15.69999981,15.69999981,6738200,15.90475964,16.90955242,10104165,49.86244991,-0.40366806,-0.47766588,0.073997821,15.68083047
KCE,2025-06-10 00:00:00,15.33958435,16.29999924,16.70000076,16.10000038,16.20000076,10451100,15.94240151,16.88564837,10130150,51.86717279,-0.324261321,-0.446984968,0.122723648,15.26828892
KCE,2025-06-11 00:00:00,15.24547672,16.20000076,16.5,16.20000076,16.39999962,5822200,15.96693477,16.85876023,10127935,50.77401392,-0.266329864,-0.410853948,0.144524083,14.88521463
KCE,2025-06-12 00:00:00,15.33958435,16.29999924,16.70000076,16,16.20000076,7757200,15.9986552,16.83684803,9466275,51.86651702,-0.209929787,-0.370669115,0.160739329,14.52950278
KCE,2025-06-13 00:00:00,15.43369198,16.39999962,16.39999962,16,16.10000038,5221900,16.03687848,16.81971672,8787995,52.99011363,-0.155372091,-0.32760971,0.17223762,14.19919893
KCE,2025-06-16 00:00:00,15.71601677,16.70000076,16.89999962,16.10000038,16.39999962,8076400,16.10003298,16.81502198,7702265,56.28682851,-0.08692512,-0.279472792,0.192547672,14.66276267
KCE,2025-06-17 00:00:00,15.52780056,16.5,16.79999924,16.39999962,16.79999924,6388900,16.13812508,16.80266818,7600340,53.58872247,-0.048262453,-0.233230725,0.184968271,15.09321471
KCE,2025-06-18 00:00:00,16.18655777,17.20000076,17.39999962,16.5,16.60000038,13745600,16.23925609,16.81824985,7816235,60.69097418,0.038419326,-0.178900714,0.217320041,16.30185774
KCE,2025-06-19 00:00:00,15.52780056,16.5,17.10000038,16.39999962,16.89999962,9580400,16.26408885,16.80576946,7913510,52.10420151,0.050054057,-0.13310976,0.183163817,17.18853024
KCE,2025-06-20 00:00:00,15.15136909,16.10000038,16.79999924,15.89999962,16.60000038,14085800,16.24846137,16.77809224,8191275,47.93101116,0.026690369,-0.101149734,0.127840104,16.92147628
KCE,2025-06-23 00:00:00,15.05726147,16,16.39999962,15.80000019,15.89999962,6423100,16.22479839,16.74757882,8270960,46.91926078,0.000104083,-0.080898971,0.081003054,16.47165434
KCE,2025-06-24 00:00:00,15.52780056,16.5,16.5,16,16.20000076,11514700,16.25100806,16.73786985,8597160,52.33669859,0.019159226,-0.060887331,0.080046557,16.22073502
KCE,2025-06-25 00:00:00,16.18655777,17.20000076,17.39999962,16.29999924,16.39999962,12857900,16.34138832,16.75599263,8979645,58.69286475,0.089710647,-0.030767736,0.120478383,17.24386878
KCE,2025-06-26 00:00:00,17.50406647,18.60000038,19,17.39999962,17.39999962,35923500,16.55649423,16.82830666,10461635,67.90998294,0.255644514,0.026514714,0.2291298,19.5776806
KCE,2025-06-27 00:00:00,16.84531021,17.89999962,18.79999924,17.79999924,18.70000076,11716200,16.68444713,16.87033383,10454370,60.62577009,0.326895836,0.086590939,0.240304898,21.74479158
KCE,2025-06-30 00:00:00,17.12763405,18.20000076,18.29999924,17.60000038,18.10000038,12372100,16.82878557,16.92247763,10387475,62.48308362,0.402925928,0.149857937,0.253067992,23.34094174
KCE,2025-07-01 00:00:00,17.59817505,18.70000076,18.79999924,18.20000076,18.5,16859700,17.00699654,16.99218442,10766060,65.4115238,0.497787956,0.21944394,0.278344015,25.20135624
KCE,2025-07-02 00:00:00,19.00979233,20.20000076,20.29999924,18.60000038,18.70000076,36375100,17.31109218,17.11798114,12162735,72.37745074,0.686095379,0.312774228,0.373321151,27.77600092
KCE,2025-07-03 00:00:00,20.42140961,21.70000076,21.89999962,20.20000076,20.20000076,33052600,17.72908347,17.29766819,13585705,77.30063301,0.945469055,0.439313193,0.506155861,30.75380761
KCE,2025-07-04 00:00:00,20.42140961,21.70000076,22.10000038,21.20000076,21.70000076,31388200,18.10726607,17.47030868,14817540,77.30063301,1.137907472,0.579032049,0.558875423,33.57945333
KCE,2025-07-07 00:00:00,19.76265526,21,21.39999962,20.39999962,21.29999924,28348100,18.38276454,17.60872795,15898035,70.5000206,1.219870188,0.707199677,0.512670511,34.90403879
KCE,2025-07-08 00:00:00,19.76265526,21,21.39999962,20.10000038,20.29999924,37443400,18.63202506,17.74171901,17247650,70.5000206,1.270184337,0.819796609,0.450387728,35.68473772
KCE,2025-07-09 00:00:00,18.72746849,19.89999962,21,19.70000076,20.70000076,24466200,18.75278454,17.82635746,18179850,60.75832694,1.207379901,0.897313267,0.310066634,35.82589324
KCE,2025-07-11 00:00:00,19.00979233,20.20000076,20.29999924,19.70000076,20.20000076,11814700,18.89061466,17.91944151,18382725,62.28881573,1.168346546,0.951519923,0.216826623,35.95696623
KCE,2025-07-14 00:00:00,19.48033142,20.70000076,20.89999962,20,20.20000076,16178800,19.06293714,18.02848305,18930570,64.7559895,1.164336408,0.99408322,0.170253188,36.47423449
KCE,2025-07-15 00:00:00,20.04497719,21.29999924,21.5,20.79999924,21,16934800,19.27599068,18.15677781,19373490,67.50345111,1.195788896,1.034424355,0.161364541,37.30880806
KCE,2025-07-16 00:00:00,19.95087242,21.20000076,21.79999924,20.79999924,21.10000038,20897400,19.45922973,18.27611988,20098915,66.57198782,1.198826849,1.067304854,0.131521995,38.25004745
KCE,2025-07-17 00:00:00,20.51551628,21.79999924,22.20000076,21.29999924,21.29999924,25050400,19.68216016,18.41431123,20664155,69.30851131,1.235408293,1.100925542,0.134482751,39.33828139
KCE,2025-07-18 00:00:00,20.23319435,21.5,22.39999962,21.5,21.89999962,20203400,19.85528777,18.53531863,21195305,66.382365,1.226058679,1.125952169,0.10010651,40.45372585
KCE,2025-07-21 00:00:00,20.51551628,21.79999924,21.89999962,21.39999962,21.70000076,10636500,20.04049838,18.66334532,21022840,67.84437745,1.228692867,1.146500309,0.082192558,41.30440009
KCE,2025-07-22 00:00:00,19.66854668,20.89999962,21.70000076,20.89999962,21.60000038,15991500,20.12235564,18.75105726,21501260,59.4862774,1.14495965,1.146192177,-0.001232527,41.19527101
KCE,2025-07-23 00:00:00,20.60962486,21.89999962,22,21.20000076,21.20000076,18290800,20.29165507,18.87454519,21840065,64.69124955,1.146080809,1.146169904,-8.90944E-05,41.31191622
KCE,2025-07-24 00:00:00,20.60962486,21.89999962,22.89999962,21.89999962,22.29999924,27814500,20.44483074,18.99319046,22587895,64.69124955,1.13389846,1.143715615,-0.009817155,41.99473201
KCE,2025-07-25 00:00:00,21.17427254,22.5,22.79999924,21.89999962,21.89999962,21722600,20.64056115,19.13071241,21877850,67.58880771,1.159295243,1.146831541,0.012463703,42.62877524
KCE,2025-07-29 00:00:00,22.68000031,24.10000038,24.29999924,22.29999924,22.79999924,37449600,20.97003155,19.32558644,23164520,73.7703351,1.293617024,1.176188637,0.117428387,43.96777067
KCE,2025-07-30 00:00:00,24.23277855,25.75,25.75,23.70000076,24.20000076,34726400,21.42526664,19.57752423,24282235,78.35499323,1.515736713,1.244098252,0.271638461,45.71338234
KCE,2025-07-31 00:00:00,23.33875465,24.79999924,25.75,24.79999924,25.5,20236300,21.74666974,19.78232717,24451065,70.6934193,1.596705221,1.314619646,0.282085575,47.33430747
KCE,2025-08-01 00:00:00,22.77410698,24.20000076,26.25,24.20000076,26,26450700,21.98032032,19.95556927,23954845,66.28505178,1.594082889,1.370512295,0.223570595,47.87297787
KCE,2025-08-04 00:00:00,22.20946121,23.60000038,24.29999924,23.29999924,23.89999962,17065600,22.13457556,20.09848814,23155495,62.11374091,1.525998891,1.401609614,0.124389277,47.10231789
KCE,2025-08-05 00:00:00,23.05643272,24.5,24.70000076,23.60000038,23.89999962,16606200,22.35985408,20.27109645,22416395,65.60971507,1.527061267,1.426699945,0.100361323,46.62092944
KCE,2025-08-06 00:00:00,23.24464798,24.70000076,25.25,24.20000076,24.79999924,18630300,22.58272519,20.44477897,21930505,66.35275141,1.526445683,1.446649092,0.079796591,46.47912574
KCE,2025-08-07 00:00:00,22.58589172,24,24.70000076,23.89999962,24.60000038,16426400,22.71770375,20.5841994,20879655,61.35605191,1.452727478,1.44786477,0.004862709,45.93021187
KCE,2025-08-08 00:00:00,22.77410698,24.20000076,24.60000038,24.10000038,24.10000038,8272500,22.85887489,20.72599554,20069970,62.2311877,1.394370228,1.437165861,-0.042795633,45.42050614
KCE,2025-08-13 00:00:00,24.23277855,25.75,26,24.60000038,24.60000038,20747400,23.13422014,20.92301532,20516605,68.23500261,1.45640514,1.441013717,0.015391423,45.73139773
KCE,2025-08-14 00:00:00,24.70331764,26.25,27,24.39999962,25,32156000,23.43096108,21.13191668,21315465,69.89735041,1.528296821,1.458470338,0.069826483,46.45508274
KCE,2025-08-15 00:00:00,24.46805,26,26.5,25.25,26,8475000,23.67563145,21.32282191,20892475,67.9816849,1.547262704,1.476228811,0.071033893,47.12707597
KCE,2025-08-18 00:00:00,23.76223946,25.25,26.5,25.25,26.5,6595700,23.82557131,21.47682889,20177390,62.45187282,1.484660331,1.477915115,0.006745216,47.75106968
KCE,2025-08-19 00:00:00,24.70331764,26.25,26.75,25.25,25.25,6359500,24.05646928,21.66401207,19242845,66.37881806,1.498465762,1.482025244,0.016440517,48.44549572
KCE,2025-08-20 00:00:00,24.70331764,26.25,26.75,25.5,26.25,9597500,24.26537697,21.84385474,18712550,66.37881806,1.492205449,1.484061285,0.008144164,49.0903199
KCE,2025-08-21 00:00:00,25.17385864,26.75,27.25,25.75,26,10192600,24.50200774,22.03625259,18690355,68.3012379,1.510181496,1.489285327,0.020896168,49.92605694
KCE,2025-08-22 00:00:00,25.40912819,27,28.25,26.25,28,20567100,24.73991176,22.23090935,18919135,69.24804748,1.526998267,1.496827915,0.030170352,51.10498647
KCE,2025-08-25 00:00:00,24.9385891,26.5,27.5,26.25,27.5,6738200,24.90753921,22.39832467,18341505,65.06237779,1.482886071,1.494039546,-0.011153476,52.19970675
KCE,2025-08-26 00:00:00,25.51631737,26.5,27,25.75,25.75,7984000,25.05920214,22.55917468,17349980,65.06237779,1.431426247,1.481516886,-0.05009064,52.30091449
KCE,2025-08-27 00:00:00,24.79415703,25.75,26.5,25.5,26.5,7888100,25.12499242,22.68430509,16658255,58.87187513,1.314967111,1.448206931,-0.13323982,51.95808736
KCE,2025-08-28 00:00:00,24.79415703,25.75,26,25.25,26,5740200,25.18451695,22.80452842,15072785,58.87187513,1.208738818,1.400313309,-0.191574491,51.20663588
KCE,2025-08-29 00:00:00,24.55343819,25.5,26,25.25,25.5,5831900,25.21456295,22.91023319,13628060,56.78323217,1.091793702,1.338609387,-0.246815685,50.5088595
KCE,2025-09-01 00:00:00,24.79415703,25.75,26,25.25,26,4591200,25.26555696,23.02159659,12845805,58.37364336,1.007670962,1.272421702,-0.26475074,49.86092429
KCE,2025-09-02 00:00:00,25.27559662,26.25,26.25,25.5,26,3551400,25.35931344,23.14820064,11700840,61.4307658,0.970165442,1.21197045,-0.241805008,49.46355272
KCE,2025-09-03 00:00:00,25.03487778,26,26.5,25.75,26.25,4822100,25.42033121,23.26003591,11088665,59.09385859,0.90978174,1.151532708,-0.241750968,49.29336232
KCE,2025-09-04 00:00:00,25.03487778,26,26.5,25.5,26.25,5005500,25.47553776,23.36748549,10508630,59.09385859,0.852104688,1.091647104,-0.239542416,48.5988933
KCE,2025-09-05 00:00:00,25.51631737,26.5,26.75,25.75,26.25,8389500,25.57310559,23.49032919,9996590,62.41066093,0.83709156,1.040735995,-0.203644436,48.1790096
KCE,2025-09-08 00:00:00,24.55343819,25.5,26.5,25.25,26.5,12537000,25.56614315,23.56913981,9802120,53.13169781,0.736017552,0.979792307,-0.243774754,46.7601753
KCE,2025-09-09 00:00:00,24.79415703,25.75,26.5,25.25,25.5,9230100,25.58365333,23.65466374,9850000,54.93554395,0.668383871,0.917510619,-0.249126748,45.44268631
KCE,2025-09-10 00:00:00,24.55343819,25.5,26.25,25.25,26,5817700,25.57568635,23.72702987,9103515,52.74918866,0.587834589,0.851575413,-0.263740824,44.21930368
KCE,2025-09-11 00:00:00,24.55343819,25.5,26.25,25.5,25.5,6888400,25.56847812,23.79655811,7840135,52.74918866,0.518027208,0.784865772,-0.266838564,43.08330552
KCE,2025-09-12 00:00:00,25.03487778,26,26.5,25.5,25.5,7821000,25.60957544,23.8829676,7807435,56.74245721,0.497317411,0.7273561,-0.230038689,42.35392476
KCE,2025-09-15 00:00:00,25.03487778,26,26.25,25.75,26,3335100,25.64675873,23.96598847,7644405,56.74245721,0.475424352,0.676969751,-0.201545398,41.67664262
KCE,2025-09-16 00:00:00,24.79415703,25.75,26.5,25.5,26.25,5728000,25.65659124,24.03594971,7612830,54.09158771,0.432910709,0.628157942,-0.195247233,41.04773778
KCE,2025-09-17 00:00:00,24.55343819,25.5,26.25,25.5,25.75,5039900,25.64167778,24.09336345,7384950,51.50053281,0.374725824,0.577471519,-0.202745695,40.46375472
KCE,2025-09-18 00:00:00,24.31271744,25.25,26.25,25.25,25.75,9026900,25.60437514,24.13872174,7326665,48.97415378,0.304925976,0.52296241,-0.218036434,39.17394571
KCE,2025-09-19 00:00:00,24.07199669,25,25.75,25,25.25,8430100,25.5468156,24.17249736,6719815,46.51672682,0.226821526,0.463734233,-0.236912708,37.29262107
KCE,2025-09-22 00:00:00,23.68684578,24.60000038,25.25,24.5,25,15466700,25.45664272,24.18926219,7156240,42.81492537,0.131134918,0.39721437,-0.266079452,34.87373991
KCE,2025-09-23 00:00:00,23.49427032,24.39999962,25.5,24.29999924,24.79999924,15072300,25.35601005,24.1975264,7510655,41.05565062,0.038717886,0.325515073,-0.286797187,32.66996132
KCE,2025-09-24 00:00:00,23.49427032,24.39999962,24.70000076,24.10000038,24.39999962,10242600,25.26496143,24.20546652,7628380,41.05565062,-0.03412985,0.253586089,-0.287715939,30.4832857
KCE,2025-09-25 00:00:00,23.30169296,24.20000076,24.5,24.10000038,24.5,14636900,25.16353661,24.20525218,8073215,39.18815939,-0.106769667,0.181514937,-0.288284605,28.4528012
KCE,2025-09-26 00:00:00,22.43510246,23.29999924,24.20000076,23.20000076,24.20000076,20453700,24.98605686,24.16975207,8804305,32.10991965,-0.23425945,0.09836006,-0.33261951,28.20207053
KCE,2025-09-29 00:00:00,22.33881569,23.20000076,23.60000038,22.70000076,23.5,15767100,24.81595628,24.1317226,9363100,31.43062494,-0.339452071,0.010797634,-0.350249705,28.62682352
KCE,2025-09-30 00:00:00,21.95366096,22.79999924,23.5,22.70000076,23.29999924,10737100,24.62396037,24.07949816,9722385,28.80551436,-0.449908496,-0.081343592,-0.368564904,29.02123702
KCE,2025-10-01 00:00:00,21.85737419,22.70000076,23.29999924,22.5,23,11914400,24.44072612,24.02540022,10077000,28.17203964,-0.539298353,-0.172934544,-0.366363809,29.64070706
KCE,2025-10-02 00:00:00,22.43510246,23.29999924,23.79999924,23.29999924,23.29999924,18740800,24.33208547,23.99695312,10763765,37.10888787,-0.555324166,-0.249412469,-0.305911697,28.97083642
KCE,2025-10-03 00:00:00,22.14623642,23,23.70000076,22.89999962,23.39999962,17540500,24.20522018,23.95785692,11221315,34.7788612,-0.585483085,-0.316626592,-0.268856493,28.90891507
KCE,2025-10-06 00:00:00,22.14623642,23,23.10000038,22.20000076,23,12742800,24.09043731,23.92029391,11231605,34.7788612,-0.602439695,-0.373789213,-0.228650483,29.65437131
KCE,2025-10-07 00:00:00,22.14623642,23,23,23,23,0,23.98658614,23.88420395,10770100,34.7788612,-0.608859379,-0.420803246,-0.188056133,30.34658068
KCE,2025-10-08 00:00:00,24.07199669,25,25.5,24.79999924,25,11875000,24.08310174,23.92796066,11072965,57.17063456,-0.447406318,-0.42612386,-0.021282458,29.28087844
KCE,2025-10-09 00:00:00,25.03487778,26,26.5,25.25,25.25,25381200,24.26566348,24.0092171,11997605,63.85295892,-0.236041028,-0.388107294,0.152066266,29.1660449
KCE,2025-10-10 00:00:00,24.31271744,25.25,25.75,25.25,25.25,11048000,24.35940982,24.05787525,12158955,56.70688286,-0.127580574,-0.33600195,0.208421376,29.05941375
KCE,2025-10-14 00:00:00,23.30169296,24.20000076,25.5,24.20000076,25.5,12774500,24.344228,24.0634488,12630925,48.51998022,-0.124911149,-0.29378379,0.168872641,27.59337243
KCE,2025-10-15 00:00:00,25.03487778,26,26,24.39999962,24.70000076,16729200,24.50192057,24.13939199,13180985,59.35360727,0.022193453,-0.230588341,0.252781794,26.69842237
KCE,2025-10-16 00:00:00,25.03487778,26,27,25.75,26.25,17010500,24.6445948,24.21235701,13779515,59.35360727,0.137193429,-0.157031987,0.294225416,26.67588278
KCE,2025-10-17 00:00:00,24.55343819,25.5,27.25,25.25,26.25,20047700,24.72606197,24.26285281,14330555,55.58517102,0.185843627,-0.088456864,0.274300492,26.05054907
KCE,2025-10-20 00:00:00,24.31271744,25.25,26,25.25,26,5201700,24.77596083,24.30156447,14169135,53.74766675,0.201898984,-0.030385695,0.232284679,25.46988206
KCE,2025-10-21 00:00:00,24.79415703,25.75,26,25.5,25.75,6515000,24.86872646,24.35836586,13721550,56.82197139,0.252063164,0.026104077,0.225959087,24.93069126
KCE,2025-10-22 00:00:00,24.79415703,25.75,26.25,25,25.5,9536200,24.95265727,24.41293975,13444745,56.82197139,0.288493069,0.078581875,0.209911194,23.78002315
KCE,2025-10-24 00:00:00,24.79415703,25.75,26.5,25.5,26,8690200,25.02859468,24.46537348,13367125,56.82197139,0.313747347,0.12561497,0.188132378,22.97137131
KCE,2025-10-27 00:00:00,25.27559662,26.25,27.25,26,26.25,20620600,25.14491899,24.53535884,13666310,60.13171855,0.369844035,0.174460783,0.195383252,22.93440888
KCE,2025-10-28 00:00:00,24.79415703,25.75,26.75,25.75,26.75,8851500,25.20254576,24.58299182,13086200,55.54636979,0.369693644,0.213507355,0.156186289,22.55570978
KCE,2025-10-29 00:00:00,24.55343819,25.5,26,25.5,25.75,6032700,25.23087473,24.61895293,12599480,53.35556749,0.345419763,0.239889837,0.105529927,21.86228657
KCE,2025-10-30 00:00:00,25.03487778,26,27,25.25,25.5,16356800,25.30412476,24.67311164,12880465,57.00774914,0.362351398,0.264382149,0.097969249,22.14653719
KCE,2025-10-31 00:00:00,24.55343819,25.5,26,25.25,26,9470700,25.32277954,24.70553863,12758280,52.57459176,0.331601523,0.277826024,0.053775499,22.4104842
KCE,2025-11-03 00:00:00,25.03487778,26,26.25,25.75,26,6053900,25.38727673,24.75630182,12123935,56.23936848,0.343616846,0.290984188,0.052632658,22.87507339
KCE,2025-11-04 00:00:00,24.55343819,25.5,26.5,25.25,25.75,12482900,25.39801228,24.78546646,11871055,51.9187552,0.309228659,0.294633082,0.014595577,22.55198312
KCE,2025-11-05 00:00:00,24.31271744,25.25,25.75,24.5,24.79999924,11869000,25.38391587,24.80368346,11827365,49.85632203,0.258819354,0.287470337,-0.028650982,21.26382778
KCE,2025-11-06 00:00:00,25.03487778,26,26,25.5,25.75,8493400,25.44259055,24.85059783,12252035,55.55977426,0.276204436,0.285217157,-0.00901272,20.34233353
KCE,2025-11-07 00:00:00,23.68684578,24.60000038,25.75,24.5,25.5,16116200,25.36234387,24.84077048,12464095,45.22014609,0.174996717,0.263173069,-0.088176352,19.43617964
KCE,2025-11-10 00:00:00,23.10911751,24,25,24,25,16677500,25.23259683,24.80779909,12028910,41.64331801,0.045845377,0.21970753,-0.173862154,19.08107853
KCE,2025-11-11 00:00:00,22.7239666,23.60000038,24.89999962,23.5,24.29999924,13916100,25.07711146,24.76043443,12172315,39.40554429,-0.087772827,0.158211459,-0.245984286,19.20077726
KCE,2025-11-12 00:00:00,22.82025528,23.70000076,24.79999924,23.39999962,24.29999924,32952700,24.94595806,24.7188488,13181225,40.26970059,-0.183481955,0.089872776,-0.273354731,19.40020829
KCE,2025-11-13 00:00:00,21.47222137,22.29999924,23.5,22.10000038,23.29999924,25966600,24.69396198,24.62399195,13643095,33.14334777,-0.36805781,-0.001713341,-0.366344469,20.58400907
KCE,2025-11-14 00:00:00,21.18335915,22,22.5,21.70000076,21.79999924,9051900,24.43739417,24.52109031,13245165,31.84294332,-0.532405695,-0.107851812,-0.424553883,21.93962439
KCE,2025-11-17 00:00:00,21.18335915,22,22.10000038,21.39999962,21.89999962,7067000,24.20526139,24.42222402,12596130,31.84294332,-0.655100981,-0.217301646,-0.437799335,23.38540579
KCE,2025-11-18 00:00:00,20.79820633,21.60000038,22,21.5,21.70000076,7537400,23.9571413,24.31154859,12712915,30.02146997,-0.77567303,-0.328975922,-0.446697107,24.72791708
KCE,2025-11-19 00:00:00,20.60562897,21.39999962,21.70000076,21,21.60000038,8688200,23.71360399,24.1973702,12821575,29.12440593,-0.877253208,-0.43863138,-0.438621829,26.29361218
KCE,2025-11-20 00:00:00,21.08706856,21.89999962,22.29999924,21.79999924,22,13535000,23.54087977,24.10727723,13021515,34.40165301,-0.906955591,-0.532296222,-0.374659369,26.79657871
KCE,2025-11-21 00:00:00,20.41305542,21.20000076,21.70000076,21.10000038,21.60000038,8726200,23.31793891,23.99326639,13023315,30.92952322,-0.975731377,-0.620983253,-0.354748124,27.75112353
KCE,2025-11-24 00:00:00,20.70191765,21.5,21.60000038,21.10000038,21.39999962,6538100,23.14480187,23.89549124,12319190,34.00380074,-0.99456453,-0.695699508,-0.298865022,28.63748657
KCE,2025-11-25 00:00:00,20.50934029,21.29999924,21.79999924,21.20000076,21.79999924,7156500,22.96910638,23.79370724,12234440,32.95083738,-1.013940258,-0.759347658,-0.2545926,29.13205169
KCE,2025-11-26 00:00:00,20.41305542,21.20000076,21.60000038,21.10000038,21.5,7216100,22.80062013,23.69199326,12293610,32.41043524,-1.025542883,-0.812586703,-0.21295618,29.67119895
KCE,2025-11-27 00:00:00,20.22047806,21,21.5,21,21.29999924,5644500,22.6291325,23.58642489,11757995,31.3046214,-1.038900638,-0.85784949,-0.181051147,30.25484473
KCE,2025-11-28 00:00:00,20.0279026,20.79999924,21.29999924,20.79999924,21.10000038,4167000,22.45492933,23.4771533,11492810,30.19514279,-1.053481268,-0.896975846,-0.156505422,30.96563488
KCE,2025-12-01 00:00:00,21.08706856,21.89999962,22.10000038,20.89999962,21,9880100,22.40207888,23.41530414,11684120,42.30627909,-0.965150036,-0.910610684,-0.054539352,30.21606835
KCE,2025-12-02 00:00:00,20.79820633,21.60000038,21.89999962,21.20000076,21.70000076,5918800,22.32569046,23.34411575,11355915,40.25497158,-0.908877357,-0.910264018,0.001386661,29.52004228
KCE,2025-12-03 00:00:00,20.8944931,21.70000076,21.70000076,21.39999962,21.60000038,2282800,22.26610096,23.27964066,10876605,41.27708649,-0.846454261,-0.897502067,0.051047806,28.87373236
KCE,2025-12-04 00:00:00,20.50934029,21.29999924,21.70000076,21.20000076,21.70000076,3624400,22.17409127,23.20200766,10633155,38.44393096,-0.819810027,-0.881963659,0.062153631,28.51273106
KCE,2025-12-08 00:00:00,20.12418938,20.89999962,21.70000076,20.79999924,21.29999924,4538300,22.05274921,23.11173283,10054260,35.79786243,-0.821501153,-0.869871158,0.048370005,28.62989566
KCE,2025-12-09 00:00:00,20.22047806,21,21.39999962,20.79999924,21.10000038,5303300,21.95248738,23.02891978,9485550,36.96594966,-0.805487034,-0.856994333,0.051507299,28.73869135
KCE,2025-12-11 00:00:00,20.12418938,20.89999962,21.29999924,20.70000076,21.29999924,4202500,21.85225045,22.94543272,8999870,36.25557851,-0.791738259,-0.843943118,0.052204859,28.95714224
KCE,2025-12-12 00:00:00,19.73903656,20.5,21.20000076,20.39999962,20.89999962,8954700,21.72346469,22.84953339,7799970,33.48378666,-0.80385257,-0.835925009,0.032072439,29.5042648
KCE,2025-12-15 00:00:00,20.12418938,20.89999962,20.89999962,20.10000038,20.5,6033800,21.64503945,22.77308109,6803330,38.54363314,-0.772274324,-0.823194872,0.050920547,30.33249404
KCE,2025-12-16 00:00:00,19.64274979,20.39999962,20.79999924,20.39999962,20.70000076,2674100,21.52646423,22.68001907,6484440,34.96334553,-0.778618726,-0.814279643,0.035660916,31.10156406
KCE,2025-12-17 00:00:00,19.83532524,20.60000038,20.70000076,20.39999962,20.5,3537800,21.43822957,22.59844971,6307980,37.46559508,-0.758761787,-0.803176072,0.044414284,31.8157005
KCE,2025-12-18 00:00:00,19.73903656,20.5,20.70000076,20.10000038,20.5,7634800,21.34887438,22.51615756,6312850,36.70517356,-0.742534737,-0.791047805,0.048513068,32.82028896
KCE,2025-12-19 00:00:00,20.22047806,21,21.10000038,20.60000038,20.70000076,8070500,21.31564825,22.45670041,6281965,42.94106381,-0.681473261,-0.769132896,0.087659634,32.66552335
KCE,2025-12-22 00:00:00,20.60562897,21.39999962,21.79999924,21.20000076,21.20000076,8592000,21.32368171,22.41526116,6034815,47.40529359,-0.593958196,-0.734097956,0.14013976,30.98780289
KCE,2025-12-23 00:00:00,20.12418938,20.89999962,21.39999962,20.79999924,21.29999924,8695900,21.28333103,22.35583914,6033300,42.88823095,-0.558509547,-0.698980274,0.140470728,30.02585805
KCE,2025-12-24 00:00:00,20.0279026,20.79999924,20.89999962,20.39999962,20.89999962,10708400,21.23729943,22.29482581,6241815,42.02572748,-0.532348846,-0.665653988,0.133305143,29.66297863
KCE,2025-12-25 00:00:00,17.71699142,18.39999962,20.89999962,18.20000076,20.89999962,50133600,20.9670804,22.14208753,8390670,27.65256495,-0.697238877,-0.671970966,-0.025267911,31.19044041
KCE,2025-12-26 00:00:00,17.90956688,18.60000038,18.89999962,18.39999962,18.70000076,12085900,20.74164421,22.00318215,8634160,29.8070128,-0.802526005,-0.698081974,-0.104444031,32.60879778
KCE,2025-12-29 00:00:00,18.00585556,18.70000076,19,18.60000038,18.79999924,9931200,20.54720198,21.87364562,8848495,30.91479048,-0.867893086,-0.732044196,-0.13584889,33.73160354
KCE,2025-12-30 00:00:00,17.52441406,18.20000076,18.70000076,18.10000038,18.70000076,12726400,20.32365901,21.72958112,9276465,28.49344439,-0.949102132,-0.775455784,-0.173646348,35.10038378
THCOM,2023-02-08 00:00:00,15.48112488,16.20000076,16.60000038,16,16.10000038,11447700,16.05433783,15.62829257,14534225,64.52656782,0.192981137,0.257149382,-0.064168245,13.15076006
THCOM,2023-02-09 00:00:00,15.3855629,16.10000038,16.39999962,15.89999962,16.29999924,4234000,16.05868664,15.64679092,13134565,62.73088887,0.174589211,0.240637348,-0.066048137,12.36405938
THCOM,2023-02-10 00:00:00,15.57668686,16.29999924,16.70000076,16,16.10000038,14213700,16.08166879,15.67240693,12326480,64.83839733,0.174144287,0.227338736,-0.053194449,12.31588801
THCOM,2023-02-13 00:00:00,16.43675232,17.20000076,17.39999962,15.69999981,15.89999962,36536100,16.1881766,15.73231257,12687335,72.40158462,0.243606143,0.230592217,0.013013926,13.5136177
THCOM,2023-02-14 00:00:00,15.57668686,16.29999924,17.29999924,16,17.10000038,25652400,16.19882637,15.75457479,13363740,58.78451097,0.223456693,0.229165112,-0.00570842,14.62579526
THCOM,2023-02-15 00:00:00,15.09887505,15.80000019,16.5,15.60000038,16.39999962,16368100,16.16084293,15.75635618,13792215,52.83885561,0.165237608,0.216379611,-0.051142004,14.59392071
THCOM,2023-02-16 00:00:00,15.28999996,16,16.10000038,15.60000038,15.80000019,6511800,16.14552455,15.76591084,13483390,54.80785189,0.133695716,0.199842832,-0.066147117,14.56432292
THCOM,2023-02-17 00:00:00,14.90775013,15.60000038,16.10000038,15.30000019,16,8908800,16.09356987,15.75940455,13584020,50.28594271,0.075551008,0.174984467,-0.09943346,13.79249458
THCOM,2023-02-20 00:00:00,15.09887505,15.80000019,16,15.5,15.5,3561800,16.06561085,15.76099653,11875730,52.40057775,0.045089457,0.149005465,-0.103916008,13.07579685
THCOM,2023-02-21 00:00:00,15.67225075,16.39999962,16.5,15.80000019,15.89999962,10148500,16.0974574,15.78605548,10923780,58.15155301,0.068572933,0.132918959,-0.064346026,13.44116436
THCOM,2023-02-22 00:00:00,15.28999996,16,16.39999962,15.80000019,16.39999962,8186700,16.08817575,15.79444546,11077145,53.50995202,0.054281408,0.117191449,-0.062910041,13.7804342
THCOM,2023-02-23 00:00:00,15.28999996,16,16.10000038,15.89999962,16.10000038,2497300,16.07977806,15.80250642,10640570,53.50995202,0.042465752,0.102246309,-0.059780557,14.09547048
THCOM,2023-02-24 00:00:00,15.00331306,15.69999981,16,15.69999981,15.89999962,4292200,16.0436087,15.79848655,10624370,50.03602562,0.008792893,0.083555626,-0.074762733,13.79961297
THCOM,2023-02-27 00:00:00,15.09887505,15.80000019,15.89999962,15.60000038,15.69999981,3827800,16.02040789,15.79854591,10359400,51.17392196,-0.009711942,0.064902113,-0.074614055,13.24080633
THCOM,2023-02-28 00:00:00,15.00331306,15.69999981,15.89999962,15.5,15.89999962,15896600,15.98989283,15.79468136,10711515,49.94886569,-0.032076593,0.045506371,-0.077582965,12.43809911
THCOM,2023-03-01 00:00:00,14.90775013,15.60000038,15.89999962,15.5,15.69999981,2949200,15.95276022,15.78704681,10667215,48.69353208,-0.057210373,0.024963022,-0.082173396,11.69272812
THCOM,2023-03-02 00:00:00,13.56987476,14.19999981,15.60000038,14.19999981,15.60000038,22809900,15.78583066,15.72480967,10631150,35.31277349,-0.187931068,-0.017615796,-0.170315273,13.34569207
THCOM,2023-03-03 00:00:00,13.66543865,14.30000019,14.60000038,13.69999981,14.30000019,18964300,15.64432299,15.66893479,11382415,36.65183831,-0.280228664,-0.070138369,-0.210090295,15.48625625
THCOM,2023-03-07 00:00:00,14.33437538,15,15.19999981,14.30000019,14.30000019,14316400,15.5829589,15.64270206,11857115,45.20292646,-0.293507666,-0.114812229,-0.178695437,16.00036133
THCOM,2023-03-08 00:00:00,14.5255003,15.19999981,15.30000019,14.69999981,14.69999981,5897500,15.5464866,15.62534118,11861040,47.38810852,-0.284612225,-0.148772228,-0.135839997,16.25703311
THCOM,2023-03-09 00:00:00,14.23881245,14.89999962,15.19999981,14.60000038,15.19999981,8023300,15.48491641,15.59689642,11689820,44.52020803,-0.298331057,-0.178683994,-0.119647063,16.64703626
THCOM,2023-03-10 00:00:00,14.14325047,14.80000019,15,14.69999981,14.69999981,2096700,15.4196863,15.56564558,11582955,43.57358159,-0.313656808,-0.205678556,-0.107978251,17.00918205
THCOM,2023-03-13 00:00:00,12.8053751,13.39999962,14.69999981,13.30000019,14.60000038,22876500,15.22733519,15.48071829,12016095,32.99578351,-0.433770683,-0.251296982,-0.182473702,19.02349355
THCOM,2023-03-14 00:00:00,12.8053751,13.39999962,13.69999981,13.30000019,13.39999962,12068400,15.05330323,15.39912148,10792710,32.99578351,-0.522933741,-0.305624334,-0.217309407,20.89392566
THCOM,2023-03-15 00:00:00,13.092062,13.69999981,14,13.60000038,13.69999981,6583000,14.92441719,15.33248926,9839240,36.80815931,-0.562899839,-0.357079435,-0.205820404,21.91088763
THCOM,2023-03-16 00:00:00,12.70981312,13.30000019,13.60000038,12.89999962,13.60000038,13130100,14.76971081,15.2527838,9677340,34.02810036,-0.619706297,-0.409604807,-0.21010149,23.54328748
THCOM,2023-03-17 00:00:00,13.3787508,14,14.30000019,13.30000019,13.5,14068300,14.69640502,15.20365503,10055165,42.24855419,-0.601310161,-0.447945878,-0.153364283,23.6334158
THCOM,2023-03-20 00:00:00,13.18762589,13.80000019,14.19999981,13.60000038,13.89999962,9157800,14.61103313,15.14860974,10067615,40.6885514,-0.595999097,-0.477556522,-0.118442575,23.71710639
THCOM,2023-03-21 00:00:00,13.47431278,14.10000038,14.19999981,13.60000038,13.80000019,8419500,14.56236334,15.1074878,10310500,44.02717446,-0.561114355,-0.494268088,-0.066846267,23.79481907
THCOM,2023-03-22 00:00:00,13.28318691,13.89999962,14.19999981,13.80000019,14.19999981,3444800,14.49928108,15.06013533,9975315,42.31700712,-0.543343016,-0.504083074,-0.039259942,23.86698085
THCOM,2023-03-23 00:00:00,13.56987476,14.19999981,14.30000019,13.89999962,13.89999962,3715600,14.4707781,15.02640452,9751760,45.7227377,-0.49929602,-0.503125663,0.003829643,23.70390959
THCOM,2023-03-24 00:00:00,13.28318691,13.89999962,14.19999981,13.89999962,14.19999981,3477600,14.41641825,14.98223178,9800775,42.98930959,-0.483027922,-0.499106115,0.016078193,23.55248627
THCOM,2023-03-27 00:00:00,13.85656357,14.5,14.60000038,13.80000019,13.89999962,8742000,14.42437842,14.96332073,10023265,49.49275884,-0.41691439,-0.48266777,0.06575338,22.48326398
THCOM,2023-03-28 00:00:00,14.04768753,14.69999981,15,14.39999962,14.60000038,15609900,14.45062807,14.95299442,10612370,51.47965019,-0.344410477,-0.455016312,0.110605834,21.06510727
THCOM,2023-03-29 00:00:00,14.04768753,14.69999981,14.80000019,14.39999962,14.69999981,7192200,14.47437776,14.94307306,10177150,51.47965019,-0.283680512,-0.420749152,0.13706864,19.74824748
THCOM,2023-03-30 00:00:00,13.56987476,14.19999981,14.69999981,14.10000038,14.69999981,7033400,14.44824653,14.91393293,10381360,46.20908021,-0.272753268,-0.391149975,0.118396707,18.75403186
THCOM,2023-03-31 00:00:00,13.76099968,14.39999962,14.39999962,13.89999962,14.30000019,8757400,14.44365158,14.89377869,9678735,48.48120386,-0.245129337,-0.361945847,0.11681651,18.2066092
THCOM,2023-04-03 00:00:00,13.86000061,14,14.10000038,13.80000019,14,4442600,14.40139905,14.85872854,8952650,44.43828554,-0.252601961,-0.34007707,0.087475109,17.88374544
THCOM,2023-04-04 00:00:00,13.86000061,14,14.10000038,13.80000019,14,2303900,14.36317057,14.82505291,8352025,44.43828554,-0.255577926,-0.323177241,0.067599315,17.58394338
THCOM,2023-04-05 00:00:00,13.36499977,13.5,13.89999962,13.30000019,13.89999962,8217100,14.28096385,14.77309005,8468005,39.64542844,-0.294882993,-0.317518392,0.022635398,18.19839431
THCOM,2023-04-07 00:00:00,13.36499977,13.5,13.60000038,13.19999981,13.5,2925700,14.20658634,14.72316495,8213125,39.64542844,-0.322317072,-0.318478128,-0.003838944,18.92843671
THCOM,2023-04-10 00:00:00,13.66200066,13.80000019,14,13.5,13.60000038,4392700,14.16786385,14.68696241,8327925,43.85889034,-0.31620624,-0.31802375,0.00181751,18.54890805
THCOM,2023-04-11 00:00:00,14.05799961,14.19999981,14.19999981,13.69999981,13.69999981,3697800,14.17092442,14.66786584,7368990,48.97387375,-0.27590626,-0.309600252,0.033693992,17.72218489
THCOM,2023-04-12 00:00:00,14.05799961,14.19999981,14.39999962,13.89999962,14.19999981,4817100,14.1736935,14.64951815,7006425,48.97387375,-0.24118797,-0.295917796,0.054729826,16.50205603
THCOM,2023-04-17 00:00:00,13.86000061,14,14.30000019,13.80000019,14.10000038,5597000,14.15715126,14.62404685,6957125,46.51629349,-0.227192851,-0.282172807,0.054979956,15.58837374
THCOM,2023-04-18 00:00:00,13.76099968,13.89999962,14,13.80000019,14,2305400,14.13266063,14.59565284,6415890,45.29245016,-0.22161616,-0.270061477,0.048445317,14.73995448
THCOM,2023-04-19 00:00:00,13.36499977,13.5,13.89999962,13.39999962,13.89999962,6597600,14.07240724,14.55268607,6042355,40.68178743,-0.246630219,-0.265375226,0.018745007,14.81442481
THCOM,2023-04-20 00:00:00,12.27600002,12.39999962,13.60000038,11.89999962,13.5,44006300,13.91313032,14.46826699,7784780,31.25814694,-0.351166846,-0.28253355,-0.068633296,16.90555427
THCOM,2023-04-21 00:00:00,12.57299995,12.69999981,12.69999981,12.10000038,12.10000038,12005500,13.79759408,14.39892318,7964080,35.63707523,-0.405135221,-0.307053884,-0.098081337,18.84731735
THCOM,2023-04-24 00:00:00,12.07800007,12.19999981,12.69999981,12.19999981,12.69999981,4103100,13.64544225,14.31269089,7996995,31.98057184,-0.48268725,-0.342180557,-0.140506693,20.65038306
THCOM,2023-04-25 00:00:00,11.88000011,12,12.30000019,11.80000019,12.30000019,10977800,13.48873346,14.22199713,8360105,30.62690647,-0.553901078,-0.384524661,-0.169376417,22.72672595
THCOM,2023-04-26 00:00:00,11.97900009,12.10000038,12.19999981,11.89999962,12,4136300,13.35647317,14.13878157,8393040,32.17282145,-0.595405887,-0.426700906,-0.16870498,24.65475864
THCOM,2023-04-27 00:00:00,11.88000011,12,12.10000038,11.69999981,12.10000038,4163000,13.22728525,14.05490778,8164090,31.41882523,-0.629115885,-0.467183902,-0.161931983,26.64318665
THCOM,2023-04-28 00:00:00,11.88000011,12,12.19999981,12,12.19999981,3923900,13.11040094,13.97432316,7579790,31.41882523,-0.648357441,-0.50341861,-0.144938831,28.17538964
THCOM,2023-05-02 00:00:00,12.07800007,12.19999981,12.19999981,11.80000019,12.10000038,4103600,13.02369607,13.90474186,7425360,34.95467187,-0.640089644,-0.530752817,-0.109336827,29.81502289
THCOM,2023-05-03 00:00:00,12.57299995,12.69999981,12.69999981,11.80000019,12.10000038,6378600,12.99286785,13.85749707,7392620,42.88295798,-0.586431517,-0.541888557,-0.04454296,29.86878369
THCOM,2023-05-08 00:00:00,13.16700077,13.30000019,13.19999981,12.30000019,12.60000038,10339700,13.02211855,13.83563445,7471735,50.65557863,-0.489845415,-0.531479928,0.041634513,28.72681738
THCOM,2023-05-09 00:00:00,13.16700077,13.30000019,13.80000019,13,13.19999981,10530900,13.04858347,13.81462918,7776150,50.65557863,-0.408590259,-0.506901995,0.098311735,26.83639582
THCOM,2023-05-10 00:00:00,12.96900082,13.10000038,13.69999981,12.89999962,13.5,13797900,13.05348032,13.78660452,8350850,48.1238921,-0.356226914,-0.476766979,0.120540064,24.93924023
THCOM,2023-05-11 00:00:00,12.67199993,12.80000019,13.10000038,12.69999981,13.10000038,8140900,13.02933935,13.74791416,8347040,44.52887466,-0.335073574,-0.448428298,0.113354723,23.53892916
THCOM,2023-05-12 00:00:00,13.56299973,13.69999981,13.69999981,12.60000038,12.80000019,13377300,13.09321178,13.74603516,8869620,55.31384035,-0.242887101,-0.407320058,0.164432957,22.5359551
THCOM,2023-05-15 00:00:00,11.97900009,12.10000038,13.39999962,11.80000019,13.30000019,36089700,12.99862022,13.68148478,10454470,40.30938718,-0.29552857,-0.384961761,0.089433191,21.56327065
THCOM,2023-05-16 00:00:00,12.07800007,12.19999981,12.39999962,11.89999962,12.10000038,8975300,12.92256113,13.62338733,10718345,41.37966622,-0.325426876,-0.373054784,0.047627907,20.66006366
THCOM,2023-05-17 00:00:00,11.97900009,12.10000038,12.39999962,11.89999962,12.19999981,7434700,12.84422201,13.56364667,10849225,40.59577376,-0.353120069,-0.369067841,0.015947772,19.82137145
THCOM,2023-05-18 00:00:00,11.58300018,11.69999981,12.30000019,11.5,12.19999981,8067000,12.73524847,13.49056248,10972725,37.53289797,-0.402701733,-0.375794619,-0.026907113,19.66093929
THCOM,2023-05-19 00:00:00,10.89000034,11,11.80000019,10.89999962,11.69999981,15988000,12.56998671,13.39289336,11656855,32.86045391,-0.492799012,-0.399195498,-0.093603515,20.29559231
THCOM,2023-05-22 00:00:00,11.2859993,11.39999962,11.60000038,10.60000038,10.89999962,12133700,12.45855937,13.31474066,11933660,37.63793359,-0.525863305,-0.424529059,-0.101334245,21.22623949
THCOM,2023-05-23 00:00:00,11.48400021,11.60000038,11.60000038,11.10000038,11.30000019,4651500,12.37679185,13.24749595,9965920,39.93920725,-0.529821156,-0.445587479,-0.084233677,22.09041187
THCOM,2023-05-24 00:00:00,11.2859993,11.39999962,11.60000038,11.30000019,11.5,3157900,12.28376401,13.17504511,9523540,38.41267155,-0.542838665,-0.465037716,-0.077800949,22.89285765
THCOM,2023-05-25 00:00:00,11.18700027,11.30000019,11.39999962,11.10000038,11.39999962,2404400,12.19007222,13.10151394,9438605,37.63805767,-0.554828535,-0.48299588,-0.071832655,23.8891968
THCOM,2023-05-26 00:00:00,10.98900032,11.10000038,11.39999962,10.89999962,11.30000019,6947000,12.08625586,13.02302321,9237065,36.0713433,-0.573853877,-0.501167479,-0.072686397,25.05686017
THCOM,2023-05-29 00:00:00,11.18700027,11.30000019,11.60000038,11.19999981,11.30000019,4792000,12.01137436,12.95545368,9269850,38.81416876,-0.566265725,-0.514187128,-0.052078596,25.59300404
THCOM,2023-05-30 00:00:00,11.2859993,11.39999962,11.39999962,11.19999981,11.30000019,2882600,11.9531482,12.89445548,9205830,40.19578368,-0.545890258,-0.520527754,-0.025362504,26.09085192
THCOM,2023-05-31 00:00:00,11.48400021,11.60000038,11.80000019,11.19999981,11.30000019,7252000,11.91951507,12.84369254,9372235,42.96950065,-0.507751126,-0.517972429,0.010221303,25.48669779
THCOM,2023-06-01 00:00:00,11.0880003,11.19999981,11.69999981,11.19999981,11.60000038,2438900,11.85098981,12.779234,9289000,39.06690962,-0.503992579,-0.515176459,0.01118388,24.92569752
THCOM,2023-06-02 00:00:00,11.58300018,11.69999981,11.80000019,11.19999981,11.30000019,4962500,11.83660981,12.73691109,9218195,45.70504749,-0.455418303,-0.503224827,0.047806524,24.13906465
THCOM,2023-06-06 00:00:00,10.89000034,11,11.80000019,11,11.69999981,8163200,11.75693268,12.66879693,9109370,39.25706957,-0.468012023,-0.496182267,0.028170244,23.80072735
THCOM,2023-06-07 00:00:00,11.2859993,11.39999962,11.60000038,11,11.10000038,6240000,11.72293906,12.61904017,8894825,44.10933956,-0.440636626,-0.485073138,0.044436513,23.48655701
THCOM,2023-06-08 00:00:00,11.88000011,12,12,11.39999962,11.5,9980500,11.74932582,12.59476408,8703955,50.49720254,-0.366303886,-0.461319288,0.095015402,22.09589348
THCOM,2023-06-09 00:00:00,11.97900009,12.10000038,12.30000019,11.80000019,12,9875100,11.78272339,12.57536159,8790665,51.49229153,-0.295914344,-0.428238299,0.132323955,20.93101499
THCOM,2023-06-12 00:00:00,11.58300018,11.69999981,11.89999962,11.5,11.69999981,5536800,11.77484496,12.54103367,8398640,47.38881748,-0.269302476,-0.396451134,0.127148659,19.71890943
THCOM,2023-06-13 00:00:00,11.78100014,11.89999962,12,11.60000038,11.69999981,5695500,11.78676445,12.51589508,6878930,49.55349978,-0.229429347,-0.363046777,0.13361743,18.35558619
THCOM,2023-06-14 00:00:00,11.48400021,11.60000038,12,11.5,11.89999962,8579500,11.76897739,12.47997764,6859140,46.4652019,-0.2195067,-0.334338762,0.114832062,17.32625578
THCOM,2023-06-15 00:00:00,11.0880003,11.19999981,11.60000038,11.19999981,11.60000038,7795800,11.71478905,12.42978243,6877195,42.64861682,-0.241139923,-0.315698994,0.074559071,17.0375546
THCOM,2023-06-16 00:00:00,11.0880003,11.19999981,11.39999962,11,11.30000019,6479000,11.66576151,12.38155567,6797795,42.64861682,-0.255340996,-0.303627394,0.048286398,17.17364023
THCOM,2023-06-19 00:00:00,11.18700027,11.30000019,11.5,11.10000038,11.10000038,2435200,11.63092709,12.33914173,6120155,43.98269038,-0.255580085,-0.294017932,0.038437847,17.0116292
THCOM,2023-06-20 00:00:00,11.2859993,11.39999962,11.5,11.19999981,11.30000019,3825300,11.608934,12.30231262,5704735,45.35165873,-0.24487765,-0.284189876,0.039312226,16.86119038
THCOM,2023-06-21 00:00:00,11.0880003,11.19999981,11.5,11.10000038,11.39999962,5848600,11.56998789,12.25908467,5764590,43.08386988,-0.249656324,-0.277283165,0.027626842,16.95170501
THCOM,2023-06-22 00:00:00,11.0880003,11.19999981,11.5,11,11.10000038,7165400,11.53475093,12.21755193,5964965,43.08386988,-0.250555212,-0.271937575,0.021382363,17.2649351
THCOM,2023-06-23 00:00:00,11.18700027,11.30000019,11.30000019,11.10000038,11.19999981,2607500,11.51239372,12.18156951,5975120,44.68775108,-0.240426901,-0.26563544,0.025208539,17.55579161
THCOM,2023-06-26 00:00:00,9.899999619,10,11.19999981,9.949999809,11.19999981,21575700,11.36835622,12.09601776,6706555,32.04537647,-0.333455426,-0.279199437,-0.054255989,19.75460509
THCOM,2023-06-27 00:00:00,9.899999619,10,10.30000019,9.899999619,10,7327300,11.23803658,12.01382099,6833320,32.04537647,-0.402540961,-0.303867742,-0.098673219,21.85473129
THCOM,2023-06-28 00:00:00,10.1970005,10.30000019,10.60000038,10,10.39999962,12613300,11.14869978,11.94661233,7319855,36.82847164,-0.428148803,-0.328723954,-0.099424849,22.81687278
THCOM,2023-06-29 00:00:00,10.49400043,10.60000038,10.80000019,10.19999981,10.30000019,7563100,11.09644269,11.89380402,7335410,41.27953884,-0.4194011,-0.346859383,-0.072541717,23.10692223
THCOM,2023-06-30 00:00:00,10.89000034,11,11.19999981,10.80000019,11,10551800,11.08725768,11.85875288,7741055,46.67463663,-0.375859186,-0.352659344,-0.023199842,22.30221343
THCOM,2023-07-03 00:00:00,11.0880003,11.19999981,11.30000019,10.89999962,11.19999981,7003800,11.09799502,11.83291943,7843120,49.1884167,-0.321507454,-0.346428966,0.024921512,21.30796909
THCOM,2023-07-04 00:00:00,11.18700027,11.30000019,11.60000038,11.19999981,11.19999981,8632600,11.11723361,11.81202063,7866590,50.44626031,-0.267283047,-0.330599782,0.063316735,19.89032865
THCOM,2023-07-05 00:00:00,10.98900032,11.10000038,11.5,11,11.30000019,4692300,11.11559235,11.78409827,7789205,47.8927015,-0.237707977,-0.312021421,0.074313444,18.8088749
THCOM,2023-07-06 00:00:00,10.79099941,10.89999962,11.19999981,10.80000019,11.10000038,4408500,11.09505971,11.74942773,7510605,45.41687131,-0.22778218,-0.295173573,0.067391393,18.22544903
THCOM,2023-07-07 00:00:00,10.89000034,11,11.19999981,10.69999981,10.89999962,5079300,11.0860064,11.72003841,7270815,46.89509727,-0.209432512,-0.278025361,0.068592849,17.88940824
THCOM,2023-07-10 00:00:00,10.69200039,10.80000019,11.10000038,10.60000038,11,6415700,11.05876772,11.68395848,7314760,44.31045064,-0.208623697,-0.264145028,0.055521331,17.78457264
THCOM,2023-07-11 00:00:00,10.79099941,10.89999962,11.10000038,10.80000019,10.89999962,3372500,11.04364694,11.653215,7198610,45.91553868,-0.19763537,-0.250843096,0.053207727,17.68722531
THCOM,2023-07-12 00:00:00,10.98900032,11.10000038,11.39999962,10.69999981,10.80000019,13840200,11.04901394,11.63152031,7461645,49.07679497,-0.170819549,-0.234838387,0.064018838,16.72773219
THCOM,2023-07-13 00:00:00,11.48400021,11.60000038,11.69999981,11,11.19999981,8170400,11.10148884,11.63028423,7480375,56.00076746,-0.107977302,-0.20946617,0.101488868,15.9823619
THCOM,2023-07-14 00:00:00,11.78100014,11.89999962,12,11.5,11.60000038,13603200,11.17753748,11.6408613,7836585,59.55419841,-0.03357985,-0.174288906,0.140709056,15.94781387
THCOM,2023-07-17 00:00:00,12.375,12.5,12.69999981,11.80000019,12,20485900,11.30348629,11.67455302,8739120,65.54718788,0.072954707,-0.124840183,0.197794891,17.11076563
THCOM,2023-07-18 00:00:00,12.47400093,12.60000038,12.80000019,12.30000019,12.39999962,11335700,11.42696383,11.71084507,9114640,66.43973322,0.163567799,-0.067158587,0.230726385,18.33374173
THCOM,2023-07-19 00:00:00,12.27600002,12.39999962,12.80000019,12.19999981,12.60000038,10239600,11.5196339,11.73787074,9334190,62.9284388,0.216742464,-0.010378377,0.227120841,19.17355721
THCOM,2023-07-20 00:00:00,11.88000011,12,12.60000038,11.89999962,12.39999962,7252400,11.56538305,11.74815032,9338540,56.49740921,0.224024725,0.036502244,0.187522482,19.11114405
THCOM,2023-07-21 00:00:00,12.375,12.5,12.60000038,11.69999981,11.80000019,18008700,11.65439419,11.77763462,10108600,61.75836991,0.267063253,0.082614445,0.184448807,18.53690847
THCOM,2023-07-24 00:00:00,12.07800007,12.19999981,12.5,12.10000038,12.5,7898200,11.70635663,11.79419796,9424725,57.28220697,0.273807801,0.120853117,0.152954685,18.00368971
THCOM,2023-07-25 00:00:00,12.17700005,12.30000019,12.39999962,12.10000038,12.30000019,2606400,11.76289411,11.81403334,9188680,58.36545691,0.283948914,0.153472276,0.130476637,17.508558
THCOM,2023-07-26 00:00:00,12.86999989,13,13,12.19999981,12.30000019,17865200,11.88071372,11.86054184,9451275,65.04710978,0.344498785,0.191677578,0.152821207,18.23207787
THCOM,2023-07-27 00:00:00,12.96900082,13.10000038,13.19999981,12.60000038,12.89999962,18420400,11.99683626,11.90914806,9994140,65.88929803,0.395989469,0.232539956,0.163449513,19.22789332
THCOM,2023-07-31 00:00:00,13.06799984,13.19999981,13.19999981,12.89999962,13,3953600,12.11142327,11.95976969,9664230,66.75202201,0.439795635,0.273991092,0.165804543,20.1525791
THCOM,2023-08-02 00:00:00,12.17700005,12.30000019,13.19999981,12.19999981,12.89999962,27866000,12.12938297,11.97311207,10707340,53.61013799,0.397309948,0.298654863,0.098655085,19.09635712
THCOM,2023-08-03 00:00:00,11.58300018,11.69999981,12.39999962,11.39999962,12.10000038,24756800,12.08848934,11.96240178,11513550,46.97093035,0.311632414,0.301250373,0.010382041,18.85252331
THCOM,2023-08-04 00:00:00,11.88000011,12,12.10000038,11.60000038,11.69999981,9462600,12.08006178,11.96387622,11752065,50.28607202,0.264886413,0.293977581,-0.029091168,18.62610621
THCOM,2023-08-07 00:00:00,12.67199993,12.80000019,13,12.10000038,12.30000019,33454300,12.14862734,11.9966654,13204355,57.85282858,0.289061084,0.292994282,-0.003933197,17.88386959
THCOM,2023-08-08 00:00:00,12.86999989,13,13.19999981,12.5,12.69999981,24689500,12.22971045,12.03601185,14184865,59.51196669,0.320661611,0.298527748,0.022133863,17.50367607
THCOM,2023-08-09 00:00:00,13.26599979,13.39999962,13.39999962,12.60000038,12.80000019,23698600,12.34116657,12.08950157,15049010,62.67650991,0.373674397,0.313557078,0.060117319,17.45242418
THCOM,2023-08-10 00:00:00,13.4640007,13.60000038,13.69999981,13.19999981,13.30000019,14749600,12.4610555,12.14873682,15617865,64.18387917,0.426904709,0.336226604,0.090678106,17.83518601
THCOM,2023-08-11 00:00:00,12.86999989,13,13.5,12.89999962,13.5,14416000,12.51238355,12.18211969,15646655,56.77580585,0.415881081,0.352157499,0.063723582,17.55609014
THCOM,2023-08-15 00:00:00,12.96900082,13.10000038,13.19999981,12.89999962,12.89999962,5450100,12.56834706,12.21811501,15510640,57.65308122,0.410482188,0.363822437,0.046659751,17.29692968
THCOM,2023-08-16 00:00:00,13.36499977,13.5,13.5,12.89999962,13.10000038,14911900,12.65707591,12.26838501,15576075,61.05773422,0.433483228,0.377754595,0.055728633,17.53211245
THCOM,2023-08-17 00:00:00,13.56299973,13.69999981,14,13.39999962,13.60000038,17415700,12.75640199,12.32452676,15422565,62.67365902,0.462518407,0.394707358,0.067811049,18.44234375
THCOM,2023-08-18 00:00:00,13.36499977,13.5,13.89999962,13.5,13.69999981,9056000,12.82722085,12.37062375,15308580,59.99274228,0.464041501,0.408574186,0.055467314,19.28755853
THCOM,2023-08-21 00:00:00,13.56299973,13.69999981,14,13.39999962,13.60000038,9846800,12.91034266,12.42275615,15288940,61.75456639,0.475900986,0.422039546,0.05386144,20.07240083
THCOM,2023-08-22 00:00:00,13.86000061,14,14.39999962,13.5,14,23888800,13.01411955,12.48460885,16120760,64.29457181,0.503700872,0.438371811,0.06532906,21.34220992
THCOM,2023-08-23 00:00:00,14.05799961,14.19999981,14.5,13.89999962,14.10000038,11379200,13.12706052,12.55187908,15789285,65.9195699,0.535695629,0.457836575,0.077859054,22.64746701
THCOM,2023-08-24 00:00:00,14.15700054,14.30000019,14.60000038,14.19999981,14.19999981,15442700,13.23876906,12.62043285,16166510,66.73477307,0.562635191,0.478796298,0.083838893,23.9875641
THCOM,2023-08-25 00:00:00,14.25599957,14.39999962,14.5,14.19999981,14.30000019,4766400,13.34936245,12.69021978,16274510,67.57015712,0.585307051,0.500098449,0.085208603,25.23193998
THCOM,2023-08-28 00:00:00,14.45400047,14.60000038,14.80000019,14.30000019,14.39999962,8477800,13.46847082,12.76511314,15805140,69.23426618,0.612354216,0.522549602,0.089804613,26.77931476
THCOM,2023-08-29 00:00:00,14.05799961,14.19999981,14.60000038,14,14.60000038,12868400,13.53814025,12.8213832,15527540,62.34386786,0.594657741,0.53697123,0.057686511,27.2550114
THCOM,2023-08-30 00:00:00,14.25599957,14.39999962,14.60000038,14.19999981,14.30000019,8109500,13.6202221,12.88328973,15735335,64.2591877,0.589970655,0.547571115,0.04239954,27.6967297
THCOM,2023-08-31 00:00:00,14.25599957,14.39999962,14.60000038,14.19999981,14.60000038,6601700,13.69448662,12.94276855,14672120,64.2591877,0.579575125,0.553971917,0.025603208,28.1068967
THCOM,2023-09-01 00:00:00,14.15700054,14.30000019,14.69999981,14.30000019,14.30000019,7076300,13.75215458,12.99599332,13788095,62.41818661,0.556848472,0.554547228,0.002301244,28.6624203
THCOM,2023-09-04 00:00:00,13.66200066,13.80000019,14.39999962,13.69999981,14.39999962,11146600,13.75671131,13.027523,13872295,54.07598928,0.492810798,0.542199942,-0.049389144,27.31631463
THCOM,2023-09-05 00:00:00,14.5529995,14.69999981,14.89999962,13.80000019,13.89999962,21069800,13.84654831,13.09311033,13253070,63.52560958,0.508817596,0.535523473,-0.026705877,27.01246647
THCOM,2023-09-06 00:00:00,14.5529995,14.69999981,15,14.30000019,14.80000019,16233200,13.9278294,13.1561256,12830255,63.52560958,0.515560042,0.531530787,-0.015970744,26.89883896
THCOM,2023-09-07 00:00:00,14.85000038,15,15.10000038,14.5,14.5,10549400,14.02994089,13.2284344,12172795,66.21324069,0.538898897,0.533004409,0.005894488,26.96361924
THCOM,2023-09-08 00:00:00,15.04800034,15.19999981,15.5,15.10000038,15.10000038,16037300,14.14137507,13.30575069,12237180,67.91083075,0.566997428,0.539803013,0.027194415,27.64793214
THCOM,2023-09-11 00:00:00,14.85000038,15,15.30000019,14.89999962,15.30000019,9799700,14.22314887,13.37219184,12006365,64.42485456,0.566596036,0.545161617,0.021434419,27.68660261
THCOM,2023-09-12 00:00:00,14.85000038,15,15.30000019,15,15.19999981,3059500,14.29713469,13.43602745,11886835,64.42485456,0.55982462,0.548094218,0.011730402,27.7225109
THCOM,2023-09-13 00:00:00,14.5529995,14.69999981,15,14.60000038,15,6882400,14.3355028,13.485595,11485360,59.14340637,0.524207973,0.543316969,-0.019108996,26.61785678
THCOM,2023-09-14 00:00:00,15.04800034,15.19999981,15.30000019,14.5,14.80000019,11700400,14.41783585,13.55282656,11199595,64.38397257,0.530215353,0.540696646,-0.010481293,26.16385184
THCOM,2023-09-15 00:00:00,14.94900036,15.10000038,15.39999962,14.89999962,15.30000019,4378400,14.4828039,13.61350004,10965715,62.65307782,0.520902486,0.536737814,-0.015835327,25.92287877
THCOM,2023-09-18 00:00:00,14.75099945,14.89999962,15.10000038,14.89999962,15.10000038,2764700,14.52253683,13.66395101,10611610,59.22376036,0.491715394,0.52773333,-0.036017936,25.69911805
THCOM,2023-09-19 00:00:00,15.14700031,15.30000019,15.5,14.89999962,15,8507800,14.59658096,13.7281098,9842560,63.52394218,0.495153297,0.521217323,-0.026064026,26.19856928
THCOM,2023-09-20 00:00:00,14.75099945,14.89999962,15.30000019,14.69999981,15.30000019,9462500,14.62547797,13.77406626,9746725,57.04529727,0.46029516,0.509032891,-0.04873773,26.05015442
THCOM,2023-09-21 00:00:00,14.75099945,14.89999962,15.10000038,14.80000019,14.89999962,3290400,14.65162289,13.81822051,9139110,57.04529727,0.427739126,0.492774138,-0.065035012,25.91234063
THCOM,2023-09-22 00:00:00,14.85000038,15,15.19999981,14.80000019,14.80000019,3486000,14.68480166,13.8645648,9075090,58.27900367,0.405334979,0.475286306,-0.069951327,25.98004555
THCOM,2023-09-25 00:00:00,14.25599957,14.39999962,15,14.30000019,15,16742000,14.65767766,13.88556225,9488300,49.15645466,0.335299393,0.447288923,-0.11198953,24.56807505
THCOM,2023-09-26 00:00:00,13.76099968,13.89999962,14.5,13.89999962,14.30000019,12100000,14.58551784,13.88612842,9449880,43.10163769,0.236721092,0.405175357,-0.168454266,23.30246163
THCOM,2023-09-27 00:00:00,14.05799961,14.19999981,14.39999962,13.89999962,14,4917500,14.54880184,13.8984371,9290280,47.29630696,0.180721342,0.360284554,-0.179563212,22.12724917
THCOM,2023-09-28 00:00:00,13.86000061,14,14.39999962,14,14.10000038,6737200,14.496535,13.90241996,9297055,44.91881539,0.118832992,0.311994242,-0.19316125,21.03598046
THCOM,2023-09-29 00:00:00,13.95900059,14.10000038,14.19999981,13.89999962,14.10000038,3921800,14.4587698,13.91016821,9139330,46.37043487,0.076967984,0.26498899,-0.188021006,20.26870771
THCOM,2023-10-02 00:00:00,13.95900059,14.10000038,14.30000019,13.89999962,14.19999981,5051100,14.42460128,13.91761261,8834555,46.37043487,0.043290637,0.220649319,-0.177358683,19.25451453
THCOM,2023-10-03 00:00:00,13.56299973,13.69999981,14.19999981,13.60000038,14,6324400,14.35559162,13.90907878,8097285,41.31886646,-0.015496968,0.173420062,-0.18891703,19.05152382
THCOM,2023-10-04 00:00:00,13.76099968,13.89999962,13.80000019,12.89999962,13.5,23598300,14.3122019,13.90872273,8465540,44.57034504,-0.045424628,0.129651124,-0.175075752,20.15698396
THCOM,2023-10-05 00:00:00,13.56299973,13.69999981,13.89999962,13.60000038,13.89999962,4889500,14.25389694,13.90053752,8182545,42.0605294,-0.084308966,0.086859106,-0.171168072,20.87343413
THCOM,2023-10-06 00:00:00,13.16700077,13.30000019,14,13.30000019,13.80000019,7510300,14.16304963,13.87698703,7756195,37.51097505,-0.145721919,0.040342901,-0.18606482,22.00946437
THCOM,2023-10-09 00:00:00,13.4640007,13.60000038,13.60000038,13.10000038,13.30000019,4957600,14.10942589,13.86612481,7514090,42.53172849,-0.168245193,-0.001374718,-0.166870475,23.35099298
THCOM,2023-10-10 00:00:00,13.36499977,13.5,13.80000019,13.39999962,13.69999981,3558800,14.05138533,13.85176698,7539055,41.3394048,-0.191951546,-0.039490083,-0.152461463,23.95324734
THCOM,2023-10-11 00:00:00,14.45400047,14.60000038,14.60000038,13.39999962,13.60000038,10198400,14.10363439,13.88110946,7704855,55.96352006,-0.1205881,-0.055709687,-0.064878413,22.47861945
THCOM,2023-10-12 00:00:00,14.25599957,14.39999962,14.5,14.19999981,14.39999962,3995700,14.13185965,13.9014581,7319620,53.35884783,-0.079256822,-0.060419114,-0.018837708,21.10932212
THCOM,2023-10-16 00:00:00,13.4640007,13.60000038,14.30000019,13.30000019,14.19999981,18137600,14.08120638,13.88963623,8007580,44.44759225,-0.109789157,-0.070293122,-0.039496035,21.35668518
THCOM,2023-10-17 00:00:00,13.26599979,13.39999962,13.89999962,13.30000019,13.69999981,8165000,14.01632955,13.87043479,8277595,42.53507053,-0.148413821,-0.085917262,-0.062496559,21.58637945
THCOM,2023-10-18 00:00:00,13.36499977,13.5,13.60000038,13.19999981,13.30000019,4783600,13.96715531,13.85590794,8091385,43.83634288,-0.169006746,-0.102535159,-0.066471587,21.94814087
THCOM,2023-10-19 00:00:00,13.26599979,13.39999962,13.60000038,13.19999981,13.30000019,3838400,13.91314048,13.83802918,7810180,42.79277558,-0.191192039,-0.120266535,-0.070925504,22.28406218
THCOM,2023-10-20 00:00:00,12.27600002,12.39999962,13.39999962,12.39999962,13.39999962,14695900,13.76903182,13.78163586,8380455,34.06061583,-0.286166932,-0.153446614,-0.132720318,23.66280816
THCOM,2023-10-24 00:00:00,12.47400093,12.60000038,12.80000019,12.30000019,12.30000019,7308300,13.6576955,13.73529722,8571570,36.83669837,-0.341361823,-0.191029656,-0.150332167,25.05438842
THCOM,2023-10-25 00:00:00,12.86999989,13,13.30000019,12.80000019,12.80000019,8059800,13.59505783,13.70646203,8137460,42.08801879,-0.348806718,-0.222585069,-0.12622165,25.06222466
THCOM,2023-10-26 00:00:00,12.17700005,12.30000019,12.80000019,12.19999981,12.80000019,10314900,13.47171901,13.65130666,8048205,36.38676732,-0.406505049,-0.259369065,-0.147135984,25.81604008
THCOM,2023-10-27 00:00:00,12.57299995,12.69999981,12.80000019,12.19999981,12.5,6715400,13.39822194,13.61400051,8138100,41.28154191,-0.415168956,-0.290529043,-0.124639913,26.51601155
THCOM,2023-10-30 00:00:00,12.47400093,12.60000038,12.69999981,12.30000019,12.60000038,3809900,13.32220084,13.5742358,7991735,40.44370633,-0.42520281,-0.317463796,-0.107739013,27.16598505
THCOM,2023-10-31 00:00:00,12.375,12.5,12.69999981,12.30000019,12.69999981,2870600,13.243896,13.53210891,7939175,39.57863381,-0.436195713,-0.34121018,-0.094985534,27.76953188
THCOM,2023-11-01 00:00:00,12.47400093,12.60000038,12.89999962,12.5,12.5,4466300,13.18257261,13.49555563,7909935,40.93909558,-0.431860257,-0.359340195,-0.072520062,27.75915694
THCOM,2023-11-02 00:00:00,12.77099991,12.89999962,13.10000038,12.80000019,12.89999962,6849000,13.15566089,13.47220049,7936165,44.94409867,-0.399610485,-0.367394253,-0.032216232,27.20554445
THCOM,2023-11-03 00:00:00,12.67199993,12.80000019,13.10000038,12.80000019,13,6000300,13.12178845,13.4458397,7056265,43.8760469,-0.377766766,-0.369468756,-0.00829801,26.69147571
THCOM,2023-11-06 00:00:00,12.47400093,12.60000038,13,12.60000038,13,7277500,13.07209434,13.41266953,7175665,41.73963484,-0.372302108,-0.370035426,-0.002266682,26.58395248
THCOM,2023-11-07 00:00:00,12.27600002,12.39999962,12.69999981,12.39999962,12.5,3362400,13.00808532,13.37295698,6968270,39.65995491,-0.379732398,-0.37197482,-0.007757577,26.83233356
THCOM,2023-11-08 00:00:00,12.375,12.5,12.69999981,12.39999962,12.5,3461800,12.95969624,13.33872338,6893480,41.23651344,-0.373249177,-0.372229692,-0.001019485,27.06297314
THCOM,2023-11-09 00:00:00,11.97900009,12.10000038,12.5,12,12.5,14723500,12.87782045,13.290146,7451715,37.06484952,-0.39582498,-0.37694875,-0.018876231,27.93307314
THCOM,2023-11-10 00:00:00,11.58300018,11.69999981,12.19999981,11.60000038,12,7856900,12.76564705,13.22778733,7334640,33.42347995,-0.440910627,-0.389741125,-0.051169502,29.27864326
THCOM,2023-11-13 00:00:00,11.68200016,11.80000019,11.89999962,11.5,11.60000038,4565400,12.67368069,13.17179568,7363125,35.13906191,-0.463232279,-0.404439356,-0.058792923,30.65082102
THCOM,2023-11-14 00:00:00,11.58300018,11.69999981,11.89999962,11.60000038,11.89999962,2372000,12.58094917,13.11407819,6574845,34.19025593,-0.48341899,-0.420235283,-0.063183707,31.92498609
THCOM,2023-11-15 00:00:00,12.27600002,12.39999962,12.5,12,12,9757600,12.56371588,13.08607511,6654475,45.32024546,-0.437885301,-0.423765286,-0.014120014,31.16284363
THCOM,2023-11-16 00:00:00,12.17700005,12.30000019,12.39999962,12.10000038,12.19999981,3660800,12.5386001,13.05524864,6598335,44.17096579,-0.405197774,-0.420051784,0.01485401,30.45513991
THCOM,2023-11-17 00:00:00,12.77099991,12.89999962,13,12.10000038,12.19999981,12609500,12.5730191,13.04916045,7036890,52.03111983,-0.327107048,-0.401462837,0.074355789,28.280717
THCOM,2023-11-20 00:00:00,12.47400093,12.60000038,12.89999962,12.39999962,12.80000019,5831100,12.57558875,13.03154633,6593650,48.36461176,-0.286128702,-0.37839601,0.092267307,26.26161001
THCOM,2023-11-21 00:00:00,12.47400093,12.60000038,12.80000019,12.5,12.80000019,3921000,12.57791367,13.01462296,6424285,48.36461176,-0.250762435,-0.352869295,0.10210686,24.38672495
THCOM,2023-11-22 00:00:00,12.375,12.5,12.69999981,12.39999962,12.60000038,3557200,12.57049332,12.99444166,6199155,47.08199991,-0.228173368,-0.32793011,0.099756741,22.8955181
THCOM,2023-11-23 00:00:00,12.27600002,12.39999962,12.69999981,12.30000019,12.60000038,3499100,12.55425582,12.97113021,5858365,45.77469268,-0.215852353,-0.305514558,0.089662205,21.76272509
THCOM,2023-11-24 00:00:00,12.17700005,12.30000019,12.69999981,12.19999981,12.5,3545900,12.530041,12.94481139,5699890,44.44566891,-0.211716443,-0.286754935,0.075038492,20.96231167
THCOM,2023-11-27 00:00:00,11.97900009,12.10000038,12.19999981,11.89999962,12.10000038,4830300,12.48908475,12.91168154,5750910,41.82983473,-0.222017735,-0.273807495,0.05178976,20.91552007
THCOM,2023-11-28 00:00:00,12.47400093,12.60000038,12.60000038,12.19999981,12.19999981,4622300,12.49964814,12.89945875,5838495,49.78642528,-0.187672391,-0.256580474,0.068908083,19.70901132
THCOM,2023-11-29 00:00:00,12.375,12.5,12.89999962,12.5,12.69999981,5684800,12.49968165,12.8837937,5899420,48.36165705,-0.166602168,-0.238584813,0.071982645,18.74597579
THCOM,2023-11-30 00:00:00,12.17700005,12.30000019,12.5,12.19999981,12.5,4164600,12.48066437,12.86089984,5765200,45.5538274,-0.164149959,-0.223697842,0.059547883,17.69019814
THCOM,2023-12-01 00:00:00,11.97900009,12.10000038,12.39999962,12,12.30000019,4099300,12.44441066,12.83106065,5670150,42.87317843,-0.176312458,-0.214220765,0.037908307,17.15188568
THCOM,2023-12-04 00:00:00,12.07800007,12.19999981,12.5,12,12.39999962,3812200,12.42113343,12.80631316,5496885,44.62770604,-0.175855061,-0.206547625,0.030692564,16.38815619
THCOM,2023-12-06 00:00:00,12.375,12.5,12.69999981,12.30000019,12.30000019,9370800,12.42864454,12.79430088,5797305,49.62614125,-0.149561016,-0.195150303,0.045589287,15.2684351
THCOM,2023-12-07 00:00:00,12.17700005,12.30000019,12.5,12.19999981,12.39999962,5655800,12.41639269,12.77491654,5907005,46.60568088,-0.14321027,-0.184762296,0.041552026,14.37878205
THCOM,2023-12-08 00:00:00,12.07800007,12.19999981,12.39999962,12,12.30000019,7487200,12.39578385,12.75237079,5545190,45.12673162,-0.144579827,-0.176725802,0.032145976,14.03935758
THCOM,2023-12-12 00:00:00,11.97900009,12.10000038,12.30000019,12,12.19999981,4120700,12.36761399,12.72678763,5358380,43.63553383,-0.15198237,-0.171777116,0.019794746,13.72417771
THCOM,2023-12-13 00:00:00,11.68200016,11.80000019,12.10000038,11.69999981,12,3859400,12.31355554,12.69044303,5323080,39.42636095,-0.17998173,-0.173418039,-0.006563692,14.1332255
THCOM,2023-12-14 00:00:00,12.07800007,12.19999981,12.30000019,12,12,4707900,12.30274071,12.67120996,5439875,46.79566118,-0.167958676,-0.172326166,0.004367491,13.89537141
THCOM,2023-12-15 00:00:00,12.07800007,12.19999981,12.60000038,12.10000038,12.30000019,9111900,12.29295586,12.65273113,5407590,46.79566118,-0.156624844,-0.169185902,0.012561058,12.95983954
THCOM,2023-12-18 00:00:00,12.27600002,12.39999962,12.60000038,12.10000038,12.19999981,5793500,12.3031505,12.64282009,5514225,50.30175105,-0.130005763,-0.161349874,0.031344111,12.09113137
THCOM,2023-12-19 00:00:00,12.27600002,12.39999962,12.39999962,12.30000019,12.30000019,1212000,12.31237423,12.63329772,4944350,50.30175105,-0.10766881,-0.150613661,0.042944851,11.28447379
THCOM,2023-12-20 00:00:00,12.375,12.5,12.5,12.30000019,12.39999962,3454200,12.33024335,12.62807036,4825505,52.13099584,-0.080964115,-0.136683752,0.055719637,10.83140426
THCOM,2023-12-21 00:00:00,12.67199993,12.80000019,12.89999962,12.5,12.5,7667100,12.3749821,12.6348127,5012810,57.21835897,-0.035187326,-0.116384467,0.081197141,11.44608871
THCOM,2023-12-22 00:00:00,13.06799984,13.19999981,13.19999981,12.69999981,13,17111600,12.45355521,12.6569769,5690530,62.88256487,0.032987477,-0.086510078,0.119497555,12.64790066
THCOM,2023-12-25 00:00:00,12.96900082,13.10000038,13.30000019,13,13.19999981,6101500,12.51512142,12.67435037,5820650,60.71823548,0.078047695,-0.053598523,0.131646219,13.95791526
THCOM,2023-12-26 00:00:00,12.67199993,12.80000019,13.19999981,12.80000019,13.10000038,7391700,12.54225273,12.67927782,6012940,54.64207808,0.088530214,-0.025172776,0.11370299,14.46868758
THCOM,2023-12-27 00:00:00,13.16700077,13.30000019,13.5,12.69999981,12.89999962,17548000,12.61441915,12.70361987,6648825,61.54854328,0.135620162,0.006985812,0.12863435,15.55496858
THCOM,2023-12-28 00:00:00,13.06799984,13.19999981,13.39999962,13.19999981,13.30000019,4012300,12.67018874,12.72308575,6618325,59.59410345,0.162991228,0.038186895,0.124804333,16.56365807
THCOM,2024-01-03 00:00:00,13.36499977,13.5,13.60000038,13.30000019,13.39999962,4470700,12.74921838,12.75355298,6557620,63.3536841,0.206509986,0.071851513,0.134658472,17.88941424
THCOM,2024-01-04 00:00:00,13.06799984,13.19999981,13.5,13,13.39999962,8090300,12.79214995,12.7710607,6753905,57.58364818,0.214320849,0.10034538,0.113975468,18.04702276
THCOM,2024-01-05 00:00:00,12.57299995,12.69999981,13.19999981,12.69999981,13.19999981,12745600,12.78337374,12.76827399,7186220,49.4929958,0.178112028,0.11589871,0.062213318,17.27581967
THCOM,2024-01-08 00:00:00,12.57299995,12.69999981,12.80000019,12.5,12.69999981,5372100,12.77543337,12.76559658,7264215,49.4929958,0.147713527,0.122261673,0.025451854,16.07030086
THCOM,2024-01-09 00:00:00,12.375,12.5,12.89999962,12.5,12.89999962,6851600,12.74920162,12.75518102,7138255,46.46445024,0.106259292,0.119061197,-0.012801905,15.15915698
THCOM,2024-01-10 00:00:00,12.47400093,12.60000038,12.80000019,12.39999962,12.5,3710300,12.73499198,12.74909551,7040980,48.17214545,0.080547209,0.111358399,-0.03081119,14.12226916
THCOM,2024-01-11 00:00:00,12.375,12.5,12.69999981,12.39999962,12.69999981,3689600,12.71261179,12.73932706,6851100,46.57229133,0.051507259,0.099388171,-0.047880912,13.15944475
THCOM,2024-01-12 00:00:00,12.67199993,12.80000019,12.89999962,12.39999962,12.5,3340300,12.7209345,12.7417064,6812080,51.74944724,0.052099824,0.089930502,-0.037830678,12.7601119
THCOM,2024-01-15 00:00:00,12.47400093,12.60000038,12.89999962,12.60000038,12.80000019,2133000,12.70941696,12.7361493,6725760,48.38344634,0.036015953,0.079147592,-0.043131639,12.38930283
THCOM,2024-01-16 00:00:00,12.375,12.5,12.60000038,12.39999962,12.60000038,3619300,12.68947249,12.72688854,6671330,46.7462089,0.015026953,0.066323464,-0.051296511,11.62793376
THCOM,2024-01-17 00:00:00,11.97900009,12.10000038,12.5,12.10000038,12.5,6350700,12.63333229,12.70230469,6533270,40.79907415,-0.033497469,0.046359277,-0.079856747,11.78103627
THCOM,2024-01-18 00:00:00,11.97900009,12.10000038,12.30000019,12,12.19999981,3774200,12.58253877,12.67868491,6432305,40.79907415,-0.071133441,0.022860734,-0.093994175,12.18270773
THCOM,2024-01-19 00:00:00,12.07800007,12.19999981,12.30000019,12.10000038,12.19999981,2459600,12.54610649,12.65991295,6494685,42.90511079,-0.091832514,-7.79159E-05,-0.091754598,12.55568837
THCOM,2024-01-22 00:00:00,12.07800007,12.19999981,12.30000019,12,12.30000019,1744400,12.51314395,12.64187714,6409195,42.90511079,-0.107003212,-0.021462975,-0.085540237,13.17688072
THCOM,2024-01-23 00:00:00,11.78100014,11.89999962,12.19999981,11.89999962,12.19999981,6127600,12.45474925,12.6127839,6332220,38.17947005,-0.141601316,-0.045490643,-0.096110673,14.02242589
THCOM,2024-01-24 00:00:00,12.17700005,12.30000019,12.5,11.80000019,11.89999962,17721500,12.44001125,12.60051788,6362715,46.62141467,-0.135185525,-0.06342962,-0.071755905,13.6135958
THCOM,2024-01-25 00:00:00,12.07800007,12.19999981,12.30000019,12.10000038,12.19999981,4248500,12.41715301,12.58481128,6270065,44.96815684,-0.13659557,-0.07806281,-0.05853276,13.23396786
THCOM,2024-01-26 00:00:00,11.97900009,12.10000038,12.19999981,11.89999962,12.19999981,3048100,12.386948,12.56579909,6052885,43.31404662,-0.144120824,-0.091274413,-0.052846412,13.49516876
THCOM,2024-01-29 00:00:00,11.88000011,12,12.10000038,11.80000019,12.10000038,4104200,12.35009581,12.54361089,5380695,41.66358724,-0.156351515,-0.104289833,-0.052061682,14.02282348
THCOM,2024-01-30 00:00:00,11.88000011,12,12.10000038,11.80000019,12,5046500,12.31675335,12.52229282,5432405,41.66358724,-0.164152181,-0.116262303,-0.047889878,14.51278858
THCOM,2024-01-31 00:00:00,11.68200016,11.80000019,12.10000038,11.80000019,12,4452700,12.26753877,12.49396762,5431505,38.2802296,-0.184347534,-0.129879349,-0.054468185,14.96775618
THCOM,2024-02-01 00:00:00,11.68200016,11.80000019,12,11.69999981,11.80000019,2060700,12.22301128,12.46675321,5130025,38.2802296,-0.198069278,-0.143517335,-0.054551943,15.7100392
THCOM,2024-02-02 00:00:00,11.88000011,12,12.19999981,11.80000019,12,6173100,12.20177211,12.44844916,4801400,43.59269332,-0.190608331,-0.152935534,-0.037672797,15.426457
THCOM,2024-02-05 00:00:00,11.78100014,11.89999962,12,11.80000019,11.89999962,3360700,12.17303187,12.42694134,4700830,41.66176523,-0.190567924,-0.160462012,-0.030105912,15.16313067
THCOM,2024-02-06 00:00:00,12.07800007,12.19999981,12.30000019,11.89999962,12,9600600,12.17560025,12.41804167,4838280,48.96514438,-0.164432913,-0.161256192,-0.003176721,14.5102224
THCOM,2024-02-07 00:00:00,12.07800007,12.19999981,12.39999962,12.10000038,12.39999962,6293500,12.17792402,12.40949101,4967440,48.96514438,-0.142082885,-0.157421531,0.015338646,14.26631627
THCOM,2024-02-08 00:00:00,11.68200016,11.80000019,12.19999981,11.69999981,12.19999981,9029700,12.14193127,12.38558941,5234445,41.02349615,-0.154861802,-0.156909585,0.002047783,13.95190814
THCOM,2024-02-09 00:00:00,12.07800007,12.19999981,12.19999981,11.89999962,12,9177100,12.14746161,12.37831138,5526285,49.7929577,-0.131200167,-0.151767701,0.020567535,13.65995774
THCOM,2024-02-12 00:00:00,12.47400093,12.60000038,12.80000019,12.19999981,12.30000019,13310300,12.19056054,12.38700507,6085150,56.72301217,-0.079257812,-0.137265723,0.058007912,13.91881748
THCOM,2024-02-13 00:00:00,12.57299995,12.69999981,13,12.60000038,12.69999981,10179800,12.23907857,12.39927937,6413175,58.27362803,-0.029681849,-0.115748949,0.086067099,14.64058414
THCOM,2024-02-14 00:00:00,12.47400093,12.60000038,12.69999981,12.30000019,12.5,7387900,12.27345207,12.40715078,6465035,56.10861062,0.001520809,-0.092294997,0.093815806,14.2804234
THCOM,2024-02-15 00:00:00,12.375,12.5,12.80000019,12.5,12.60000038,6758600,12.29502806,12.41079193,6614255,53.95002245,0.017972766,-0.070241444,0.088214211,14.20478995
THCOM,2024-02-16 00:00:00,12.27600002,12.39999962,12.69999981,12.30000019,12.60000038,6690100,12.30502536,12.4103687,6825780,51.80374379,0.022680421,-0.051657071,0.074337492,13.49191144
THCOM,2024-02-19 00:00:00,12.47400093,12.60000038,12.80000019,12.39999962,12.5,6853700,12.33311822,12.41780524,7081245,55.6075491,0.042064764,-0.032912704,0.074977468,13.11066329
THCOM,2024-02-20 00:00:00,12.86999989,13,13.10000038,12.5,12.60000038,16841400,12.39663077,12.44063641,7616935,62.05733647,0.088681359,-0.008593892,0.09727525,13.52454389
THCOM,2024-02-21 00:00:00,13,13,13,12.69999981,12.89999962,9501100,12.4540945,12.46257223,7205915,62.05733647,0.124193718,0.01796363,0.106230088,13.90886158
THCOM,2024-02-22 00:00:00,12.89999962,12.89999962,13.19999981,12.60000038,13.10000038,9734500,12.49656166,12.47972625,7480215,59.54879825,0.14262424,0.042895752,0.099728488,14.74644602
THCOM,2024-02-23 00:00:00,12.80000019,12.80000019,13.10000038,12.80000019,12.89999962,4452300,12.52546056,12.49228601,7550425,57.06466217,0.147461598,0.063808921,0.083652677,15.52420299
THCOM,2024-02-27 00:00:00,12.60000038,12.60000038,12.89999962,12.60000038,12.89999962,6107500,12.53255959,12.4965101,7650590,52.36009615,0.133616676,0.077770472,0.055846204,15.45851254
THCOM,2024-02-28 00:00:00,11.80000019,11.80000019,12.60000038,11.69999981,12.60000038,24869800,12.46279203,12.46919599,8641755,38.63819378,0.057429139,0.073702206,-0.016273067,15.75454976
THCOM,2024-02-29 00:00:00,11.80000019,11.80000019,12,11.5,11.89999962,15554600,12.399669,12.44295302,9196850,38.63819378,-0.002916415,0.058378481,-0.061294896,16.41230057
THCOM,2024-03-01 00:00:00,12.10000038,12.10000038,12.30000019,11.69999981,11.89999962,15666100,12.37112913,12.42950389,9877120,44.91641863,-0.02623082,0.041456621,-0.067687441,16.15523533
THCOM,2024-03-04 00:00:00,12.30000019,12.30000019,12.60000038,12.19999981,12.39999962,26189100,12.36435495,12.42442532,10877920,48.68579149,-0.028243765,0.027516544,-0.055760309,15.15277717
THCOM,2024-03-05 00:00:00,12.19999981,12.19999981,12.5,12.19999981,12.39999962,6773100,12.34870208,12.41562432,11048540,46.95561187,-0.03747623,0.014517989,-0.051994219,14.22192317
THCOM,2024-03-06 00:00:00,12.39999962,12.39999962,12.60000038,12.19999981,12.19999981,8388300,12.35358756,12.41501158,10987925,50.72707536,-0.028328163,0.005948759,-0.034276922,13.31241139
THCOM,2024-03-07 00:00:00,12.5,12.5,12.60000038,12.39999962,12.5,3414700,12.3675316,12.41834446,10843985,52.5439252,-0.012860807,0.002186846,-0.015047653,12.46786473
THCOM,2024-03-08 00:00:00,12.89999962,12.89999962,13.10000038,12.39999962,12.60000038,16185700,12.41824284,12.4372329,11201785,59.04855429,0.031312855,0.008012047,0.023300807,12.88055776
THCOM,2024-03-11 00:00:00,12.89999962,12.89999962,13.10000038,12.80000019,12.89999962,6836900,12.46412444,12.45538061,11084775,59.04855429,0.065565008,0.019522639,0.046042368,13.26377271
THCOM,2024-03-12 00:00:00,12.89999962,12.89999962,12.89999962,12.89999962,12.89999962,0,12.50563636,12.47281665,10419260,59.04855429,0.09165356,0.033948824,0.057704737,13.61961517
THCOM,2024-03-13 00:00:00,13.80000019,13.80000019,14,13.60000038,13.69999981,12552500,12.6289091,12.52486307,10537895,70.43609192,0.182843742,0.063727807,0.119115935,15.81006699
THCOM,2024-03-14 00:00:00,13.69999981,13.69999981,13.89999962,13.5,13.69999981,13204300,12.73091774,12.57094686,10828715,68.16787848,0.244228113,0.099827868,0.144400245,17.53239206
THCOM,2024-03-15 00:00:00,13.69999981,13.69999981,13.69999981,13.69999981,13.69999981,0,12.82321127,12.61522345,10490785,68.16787848,0.289538055,0.137769906,0.151768149,19.13169391
THCOM,2024-03-18 00:00:00,13.5,13.5,13.80000019,13.5,13.80000019,7408200,12.88766734,12.64992057,10526690,63.43003296,0.305783318,0.171372588,0.13441073,19.96165892
THCOM,2024-03-19 00:00:00,13.60000038,13.60000038,13.69999981,13.5,13.60000038,4337200,12.95550858,12.6871786,10400865,64.74927924,0.323003616,0.201698794,0.121304822,20.73234071
THCOM,2024-03-20 00:00:00,13.60000038,13.60000038,13.60000038,13.60000038,13.60000038,0,13.01688876,12.72297553,9558795,64.74927924,0.332814349,0.227921905,0.104892445,21.4479738
THCOM,2024-03-21 00:00:00,13.5,13.5,13.80000019,13.19999981,13.30000019,11685600,13.06289935,12.75344708,9668020,62.14908716,0.328730827,0.248083689,0.080647138,20.79848179
THCOM,2024-03-22 00:00:00,13.5,13.5,13.5,13.5,13.5,0,13.10452798,12.78272366,9181295,62.14908716,0.321785266,0.262824005,0.058961261,20.19538208
THCOM,2024-03-25 00:00:00,13.39999962,13.39999962,13.69999981,13.30000019,13.5,7362700,13.13266814,12.80693056,9326815,59.38338866,0.30469928,0.27119906,0.03350022,19.63536091
THCOM,2024-03-26 00:00:00,13.39999962,13.39999962,13.39999962,13.39999962,13.39999962,0,13.15812828,12.83018817,9021440,59.38338866,0.287840467,0.274527341,0.013313126,19.11534125
THCOM,2024-03-27 00:00:00,14.30000019,14.30000019,14.5,14.10000038,14.19999981,8018000,13.26687799,12.88782786,8178850,72.2657809,0.34314668,0.288251209,0.054895471,20.77529443
THCOM,2024-03-28 00:00:00,14.30000019,14.30000019,14.30000019,14.30000019,14.30000019,0,13.36527058,12.94320717,7401120,72.2657809,0.382567255,0.307114418,0.075452837,22.31667952
THCOM,2024-03-29 00:00:00,14,14,14.19999981,13.89999962,14,2553100,13.425721,12.98465002,6745470,64.37276291,0.385160941,0.322723723,0.062437218,22.46531145
THCOM,2024-04-01 00:00:00,14,14,14.19999981,13.80000019,14,6746000,13.48041424,13.02446767,5773315,64.37276291,0.382803732,0.334739725,0.048064008,22.31147206
THCOM,2024-04-02 00:00:00,14.19999981,14.19999981,14.80000019,13.89999962,14,20972100,13.5489462,13.07056697,6483265,67.14711351,0.392548882,0.346301556,0.046247326,23.16517649
THCOM,2024-04-03 00:00:00,13.80000019,13.80000019,14.39999962,13.60000038,14.10000038,19589300,13.5728561,13.09917219,7043315,57.50258032,0.363801677,0.34980158,0.014000097,23.13169075
THCOM,2024-04-04 00:00:00,13.80000019,13.80000019,13.80000019,13.80000019,13.80000019,0,13.59448887,13.12665565,6872580,57.50258032,0.337133051,0.347267874,-0.010134824,23.10059685
THCOM,2024-04-05 00:00:00,14,14,14.10000038,13.89999962,13.89999962,3889600,13.63310898,13.16090444,6257775,60.770046,0.328351256,0.343484551,-0.015133295,23.57330948
THCOM,2024-04-09 00:00:00,14,14,14,14,14,0,13.66805098,13.19381015,5915930,60.770046,0.317729038,0.338333448,-0.02060441,24.01225692
THCOM,2024-04-10 00:00:00,14.5,14.5,14.69999981,14.30000019,14.30000019,11382200,13.74728422,13.24503328,6485040,67.92120329,0.345671984,0.339801155,0.005870828,25.41039968
THCOM,2024-04-11 00:00:00,14.30000019,14.30000019,14.60000038,14.10000038,14.60000038,6137300,13.79992384,13.28640453,6164280,62.97606635,0.347670922,0.341375109,0.006295814,26.12163643
THCOM,2024-04-17 00:00:00,14.30000019,14.30000019,14.30000019,14.30000019,14.30000019,0,13.84755016,13.32615338,5504065,62.97606635,0.345274981,0.342155083,0.003119897,26.78207056
THCOM,2024-04-18 00:00:00,14.30000019,14.30000019,14.30000019,14.30000019,14.30000019,0,13.89064064,13.36434345,5504065,62.97606635,0.339463061,0.341616679,-0.002153618,27.39533082
THCOM,2024-04-19 00:00:00,14.30000019,14.30000019,14.30000019,14.30000019,14.30000019,0,13.92962726,13.40103588,5133655,62.97606635,0.331041037,0.33950155,-0.008460513,27.96478678
THCOM,2024-04-22 00:00:00,12.5,12.5,12.80000019,12.39999962,12.80000019,22168900,13.79347228,13.36570114,6025240,33.47364504,0.177080279,0.307017296,-0.129937017,27.52553493
THCOM,2024-04-23 00:00:00,13,13,13.10000038,12.5,12.69999981,12115000,13.71790349,13.35135991,6630990,41.65074955,0.094323785,0.264478594,-0.170154809,26.53454617
THCOM,2024-04-24 00:00:00,13,13,13,13,13,0,13.64953173,13.33758109,6046710,41.65074955,0.028411161,0.217265107,-0.188853946,25.61434233
THCOM,2024-04-25 00:00:00,13,13,13.10000038,12.69999981,12.80000019,9148800,13.58767157,13.32434262,6504150,41.65074955,-0.023553558,0.169101374,-0.192654932,25.20466908
THCOM,2024-04-26 00:00:00,12.69999981,12.69999981,13,12.5,12.89999962,11209500,13.5031314,13.29985859,6696490,38.13783614,-0.087929879,0.117695124,-0.205625003,25.10598535
THCOM,2024-04-29 00:00:00,12.80000019,12.80000019,12.89999962,12.60000038,12.69999981,3663100,13.43616652,13.2802563,6879645,39.9557807,-0.129387879,0.068278523,-0.197666402,25.01435046
THCOM,2024-04-30 00:00:00,12.80000019,12.80000019,13.10000038,12.80000019,12.80000019,8333400,13.37557925,13.26142273,6895415,39.9557807,-0.160394713,0.022543876,-0.182938589,24.45157563
THCOM,2024-05-02 00:00:00,13.10000038,13.10000038,13.30000019,12.89999962,12.89999962,13762200,13.34933365,13.25509244,7583525,45.52555485,-0.158928317,-0.013750563,-0.145177754,23.46910412
THCOM,2024-05-03 00:00:00,13.10000038,13.10000038,13.10000038,12.80000019,13.10000038,8516000,13.32558762,13.2490104,7881670,45.52555485,-0.155968283,-0.042194107,-0.113774176,22.74017626
THCOM,2024-05-07 00:00:00,13.10000038,13.10000038,13.10000038,13.10000038,13.10000038,0,13.30410312,13.24316687,7544370,45.52555485,-0.151871751,-0.064129636,-0.087742115,22.06331468
THCOM,2024-05-08 00:00:00,13,13,13.19999981,12.89999962,13.10000038,6058100,13.27514092,13.23363091,6798670,43.83277859,-0.154908724,-0.082285453,-0.07262327,21.82207941
THCOM,2024-05-09 00:00:00,12.69999981,12.69999981,13.10000038,12.60000038,12.80000019,11802500,13.22036558,13.2127042,6409330,39.13189255,-0.179454416,-0.101719246,-0.07773517,22.13077803
THCOM,2024-05-10 00:00:00,12.69999981,12.69999981,12.89999962,12.60000038,12.69999981,5744000,13.17080693,13.19259815,6696530,39.13189255,-0.196640307,-0.120703458,-0.075936849,22.41742674
THCOM,2024-05-13 00:00:00,13,13,13,12.69999981,12.80000019,3349300,13.1545396,13.18504528,6669515,45.86517489,-0.183932482,-0.133349263,-0.050583219,22.3750653
THCOM,2024-05-14 00:00:00,12.80000019,12.80000019,13,12.69999981,13,3691200,13.12077395,13.16994547,6854075,42.49057442,-0.187834513,-0.144246313,-0.0435882,22.33572967
THCOM,2024-05-15 00:00:00,12.69999981,12.69999981,12.89999962,12.60000038,12.89999962,4964800,13.08070022,13.15151623,6533205,40.87132129,-0.196728334,-0.154742717,-0.041985617,22.51248949
THCOM,2024-05-16 00:00:00,12.69999981,12.69999981,12.69999981,12.69999981,12.69999981,0,13.04444304,13.1338097,6226340,40.87132129,-0.201454508,-0.164085075,-0.037369433,22.67662361
THCOM,2024-05-17 00:00:00,12.80000019,12.80000019,12.89999962,12.80000019,12.80000019,1882500,13.02116277,13.12071913,6320465,43.37401266,-0.194884336,-0.170244927,-0.024639409,22.10347049
THCOM,2024-05-20 00:00:00,12.80000019,12.80000019,12.80000019,12.80000019,12.80000019,0,13.00009966,13.10814192,6320465,43.37401266,-0.187515861,-0.173699114,-0.013816747,21.57125689
THCOM,2024-05-21 00:00:00,12.80000019,12.80000019,13,12.69999981,12.80000019,2915700,12.98104257,13.09605793,6466250,43.37401266,-0.179605906,-0.174880472,-0.004725433,20.37073167
THCOM,2024-05-23 00:00:00,12.69999981,12.69999981,12.80000019,12.60000038,12.69999981,3351900,12.95427659,13.08052624,5525400,41.19620089,-0.179339095,-0.175772197,-0.003566898,19.55785725
THCOM,2024-05-24 00:00:00,12.69999981,12.69999981,12.80000019,12.69999981,12.69999981,942300,12.93005976,13.06560363,4966765,41.19620089,-0.177086305,-0.176035019,-0.001051287,18.80304529
THCOM,2024-05-27 00:00:00,12.80000019,12.80000019,12.80000019,12.60000038,12.69999981,2016200,12.91767313,13.05518781,5067575,44.43202338,-0.165325983,-0.173893211,0.008567229,18.4203624
THCOM,2024-05-28 00:00:00,12.5,12.5,12.60000038,12.30000019,12.60000038,11763200,12.87789474,13.03341574,5198295,37.72521911,-0.178159637,-0.174746497,-0.003413141,18.90925419
THCOM,2024-05-29 00:00:00,12.5,12.5,12.69999981,12.39999962,12.5,6166300,12.84190476,13.01249748,4946135,37.72521911,-0.186184186,-0.177034034,-0.009150151,18.9451226
THCOM,2024-05-30 00:00:00,12.39999962,12.39999962,12.5,12.30000019,12.39999962,4536000,12.79981856,12.98847795,4989780,35.64518749,-0.198326706,-0.181292569,-0.017034137,19.25422561
THCOM,2024-05-31 00:00:00,12.39999962,12.39999962,12.39999962,12.39999962,12.39999962,0,12.76174056,12.96540037,4573110,35.64518749,-0.205579944,-0.186150044,-0.0194299,19.54124984
THCOM,2024-06-04 00:00:00,12.19999981,12.19999981,12.5,12.10000038,12.30000019,3344400,12.70824145,12.93538466,4052220,31.60343474,-0.224874289,-0.193894893,-0.030979396,20.59083931
THCOM,2024-06-05 00:00:00,12.19999981,12.19999981,12.19999981,12,12.10000038,5659900,12.65983748,12.90654604,3909415,31.60343474,-0.237428271,-0.202601568,-0.034826703,21.79464138
THCOM,2024-06-06 00:00:00,11.80000019,11.80000019,12.19999981,11.80000019,12.19999981,4758100,12.57794821,12.86315209,4147320,25.02236423,-0.276467078,-0.21737467,-0.059092408,23.33734871
THCOM,2024-06-07 00:00:00,11.80000019,11.80000019,11.80000019,11.80000019,11.80000019,0,12.50385793,12.82145986,3844415,25.02236423,-0.303902417,-0.23468022,-0.069222197,24.76986266
THCOM,2024-06-10 00:00:00,11.89999962,11.89999962,12,11.69999981,12,3312200,12.44634761,12.78532416,3419900,29.29151132,-0.313956902,-0.250535556,-0.063421346,25.08270134
THCOM,2024-06-11 00:00:00,12,12,12.30000019,11.89999962,11.89999962,3770900,12.40383831,12.75452713,3321245,33.37680832,-0.310279253,-0.262484295,-0.047794957,24.09767539
THCOM,2024-06-12 00:00:00,11.80000019,11.80000019,12.19999981,11.80000019,12.10000038,3247000,12.34632992,12.7170947,3316130,29.68301418,-0.319816359,-0.273950708,-0.045865651,23.48263313
THCOM,2024-06-13 00:00:00,11.80000019,11.80000019,12.10000038,11.80000019,11.89999962,4139500,12.29429852,12.68113021,3338545,29.68301418,-0.323643819,-0.28388933,-0.039754489,22.91152247
THCOM,2024-06-14 00:00:00,11.69999981,11.69999981,12,11.69999981,11.89999962,2744800,12.23769864,12.64265451,3227545,27.8929687,-0.330931532,-0.293297771,-0.037633761,22.69505779
THCOM,2024-06-17 00:00:00,11.69999981,11.69999981,11.69999981,11.69999981,11.69999981,0,12.18648923,12.60568766,3227545,27.8929687,-0.332869979,-0.301212212,-0.031657766,22.49405488
THCOM,2024-06-18 00:00:00,11.69999981,11.69999981,11.69999981,11.69999981,11.69999981,0,12.1401569,12.57017049,3133420,27.8929687,-0.330595315,-0.307088833,-0.023506482,22.30740932
THCOM,2024-06-19 00:00:00,11.69999981,11.69999981,11.69999981,11.69999981,11.69999981,0,12.09823718,12.53604615,3133420,27.8929687,-0.325045702,-0.310680207,-0.014365496,22.13409558
THCOM,2024-06-20 00:00:00,10.89999962,10.89999962,11.19999981,10.80000019,11,4746500,11.98411932,12.47188746,3224960,16.91602325,-0.38081117,-0.324706399,-0.056104771,24.1836893
THCOM,2024-06-21 00:00:00,11.30000019,11.30000019,11.39999962,10.89999962,10.89999962,6312200,11.91896511,12.4259311,3372975,31.4435116,-0.388253458,-0.337415811,-0.050837647,25.17525471
THCOM,2024-06-24 00:00:00,11.30000019,11.30000019,11.30000019,11.30000019,11.30000019,0,11.86001607,12.38177695,3325860,31.4435116,-0.389659769,-0.347864603,-0.041795166,26.09599403
THCOM,2024-06-25 00:00:00,11.30000019,11.30000019,11.30000019,11.30000019,11.30000019,0,11.80668123,12.33935433,3225050,31.4435116,-0.386321013,-0.355555885,-0.030765128,26.95096625
THCOM,2024-06-26 00:00:00,11.30000019,11.30000019,11.30000019,11.30000019,11.30000019,0,11.75842589,12.29859534,2636890,31.4435116,-0.379302659,-0.36030524,-0.01899742,27.74486903
THCOM,2024-06-27 00:00:00,11,11,11.30000019,11,11.19999981,2774900,11.68619485,12.24767003,2467320,26.72882546,-0.393413051,-0.366926802,-0.026486249,29.12718827
THCOM,2024-06-28 00:00:00,10.69999981,10.69999981,11.10000038,10.69999981,11.10000038,4936000,11.59227152,12.18697708,2487320,23.01282055,-0.423916501,-0.378324742,-0.045591759,30.92365916
THCOM,2024-07-01 00:00:00,10.80000019,10.80000019,11.10000038,10.69999981,10.89999962,3855900,11.5168171,12.13258583,2680115,26.67237997,-0.435007019,-0.389661197,-0.045345822,32.5918107
THCOM,2024-07-02 00:00:00,10.60000038,10.60000038,11,10.60000038,10.89999962,4386800,11.42950123,12.07248444,2732235,24.19522763,-0.454693228,-0.402667603,-0.052025625,34.30362872
THCOM,2024-07-03 00:00:00,10.5,10.5,10.69999981,10.39999962,10.60000038,6960000,11.3409773,12.01081839,2797240,23.0428776,-0.472912445,-0.416716572,-0.056195873,36.19407235
THCOM,2024-07-04 00:00:00,10.60000038,10.60000038,10.80000019,10.5,10.60000038,3749900,11.27040807,11.95549219,2746830,26.79749206,-0.473820206,-0.428137298,-0.045682907,37.37963781
THCOM,2024-07-05 00:00:00,10.60000038,10.60000038,10.80000019,10.39999962,10.60000038,4287800,11.20655972,11.90233565,2961220,26.79749206,-0.469131754,-0.43633619,-0.032795565,38.65157823
THCOM,2024-07-08 00:00:00,11,11,11.10000038,10.60000038,10.60000038,4959700,11.18688736,11.86694994,3043595,40.30770241,-0.428203434,-0.434709638,0.006506205,38.27176812
THCOM,2024-07-09 00:00:00,11,11,11,11,11,0,11.16908857,11.8329519,2855050,40.30770241,-0.391257274,-0.426019166,0.034761891,37.91908731
THCOM,2024-07-10 00:00:00,11,11,11.30000019,11,11.19999981,5936100,11.15298489,11.80028712,2989505,40.30770241,-0.357852081,-0.412385749,0.054533668,36.25458809
THCOM,2024-07-11 00:00:00,11.19999981,11.19999981,11.30000019,11,11.10000038,6734300,11.15746251,11.77674644,3119245,46.47655336,-0.311647434,-0.392238086,0.080590652,34.70898167
THCOM,2024-07-12 00:00:00,11.19999981,11.19999981,11.19999981,11.19999981,11.19999981,0,11.16151368,11.75412893,2982005,46.47655336,-0.271895674,-0.368169603,0.096273929,33.27377571
THCOM,2024-07-15 00:00:00,11.19999981,11.19999981,11.19999981,11.19999981,11.19999981,0,11.16517902,11.73239837,2982005,46.47655336,-0.237652607,-0.342066204,0.104413597,31.94108446
THCOM,2024-07-16 00:00:00,11.10000038,11.10000038,11.30000019,11.10000038,11.19999981,2228100,11.15897153,11.70759845,3093410,43.6589415,-0.216092863,-0.316871536,0.100778673,30.21880187
THCOM,2024-07-17 00:00:00,11.10000038,11.10000038,11.10000038,11.10000038,11.10000038,0,11.15335523,11.68377108,3093410,43.6589415,-0.196738729,-0.292844974,0.096106245,28.61953946
THCOM,2024-07-18 00:00:00,11.69999981,11.69999981,11.69999981,11.30000019,11.39999962,12458400,11.20541662,11.6844075,3479005,60.3751444,-0.131469995,-0.260569979,0.129099983,28.26360175
THCOM,2024-07-19 00:00:00,11.5,11.5,11.69999981,11.5,11.60000038,7897300,11.23347218,11.67717583,3558260,54.56375096,-0.09478969,-0.227413921,0.132624231,27.93308817
THCOM,2024-07-23 00:00:00,11.89999962,11.89999962,12.19999981,11.60000038,11.60000038,20350600,11.29695098,11.68591402,4575790,62.36596053,-0.033062533,-0.188543643,0.15548111,28.82609476
THCOM,2024-07-24 00:00:00,12.30000019,12.30000019,12.5,11.69999981,11.80000019,19987600,11.39247948,11.70999583,5575170,68.23936644,0.047584858,-0.141317943,0.188902801,30.18481817
THCOM,2024-07-25 00:00:00,12.10000038,12.10000038,12.30000019,12.10000038,12.10000038,9978000,11.45986242,11.72529013,6074070,62.94938303,0.094273458,-0.094199663,0.188473121,31.4464899
THCOM,2024-07-26 00:00:00,12.30000019,12.30000019,12.5,12,12.19999981,17336300,11.53987554,11.74782777,6802140,65.80419094,0.145732904,-0.046213149,0.191946054,32.94502566
THCOM,2024-07-30 00:00:00,12.30000019,12.30000019,12.30000019,12.30000019,12.30000019,0,11.61226837,11.76948159,6555340,65.80419094,0.184389361,-9.26473E-05,0.184482008,34.33652315
THCOM,2024-07-31 00:00:00,12.60000038,12.60000038,12.60000038,12.39999962,12.5,6721600,11.70633808,11.80205096,6698625,69.84609766,0.236506094,0.047227101,0.189278993,36.0787917
THCOM,2024-08-01 00:00:00,12.5,12.5,12.80000019,12.5,12.60000038,7432100,11.78192493,11.82942151,6850890,67.00312131,0.266665828,0.091114846,0.175550982,37.95264121
THCOM,2024-08-02 00:00:00,12.5,12.5,12.5,12.5,12.5,0,11.85031303,11.85571871,6502890,67.00312131,0.287256322,0.130343142,0.156913181,39.69264432
THCOM,2024-08-05 00:00:00,12.10000038,12.10000038,12.80000019,12,12.5,19197800,11.87409278,11.86529838,7275285,56.36081712,0.268206098,0.157915733,0.110290365,38.97619381
THCOM,2024-08-06 00:00:00,12.5,12.5,12.5,12.10000038,12.30000019,11283300,11.93370299,11.89018864,7625060,62.7350241,0.282133031,0.182759192,0.099373838,38.31091833
THCOM,2024-08-07 00:00:00,12.60000038,12.60000038,12.69999981,12.30000019,12.60000038,11858500,11.99715989,11.91802439,7970000,64.14504483,0.297806492,0.205768652,0.09203784,38.12198525
THCOM,2024-08-08 00:00:00,12.60000038,12.60000038,12.60000038,12.60000038,12.60000038,0,12.05457327,11.94476855,7970000,64.14504483,0.306692463,0.225953415,0.080739049,37.94654739
THCOM,2024-08-09 00:00:00,11.60000038,11.60000038,12.39999962,11.39999962,12.19999981,19836400,12.01128061,11.93124823,8665015,44.58151595,0.230387256,0.226840183,0.003547073,36.29938161
THCOM,2024-08-13 00:00:00,11.69999981,11.69999981,11.69999981,11.30000019,11.60000038,5225300,11.98163482,11.92217966,8589565,46.3438404,0.175955641,0.216663275,-0.040707634,34.96659374
THCOM,2024-08-14 00:00:00,11.80000019,11.80000019,11.89999962,11.39999962,11.60000038,7042700,11.96433628,11.91738831,8941700,48.1205459,0.139281834,0.201186986,-0.061905152,33.18152416
THCOM,2024-08-15 00:00:00,11.69999981,11.69999981,11.80000019,11.5,11.60000038,2514400,11.93916138,11.90886327,9067420,46.46365499,0.100984299,0.181146449,-0.08016215,31.52395954
THCOM,2024-08-16 00:00:00,11.60000038,11.60000038,11.80000019,11.60000038,11.80000019,3107100,11.90686033,11.896751,9111370,44.8023672,0.061851127,0.157287385,-0.095436258,29.9847924
THCOM,2024-08-19 00:00:00,11.60000038,11.60000038,11.60000038,11.60000038,11.60000038,0,11.87763558,11.88511372,9111370,44.8023672,0.030486378,0.131927183,-0.101440805,28.55556576
THCOM,2024-08-20 00:00:00,11.80000019,11.80000019,12.19999981,11.60000038,12,7696300,11.87024173,11.88177594,8873265,49.02955337,0.021519835,0.109845714,-0.088325879,27.43864025
THCOM,2024-08-21 00:00:00,12.10000038,12.10000038,12.10000038,11.69999981,11.80000019,8023900,11.89212351,11.89033376,8879595,54.64095619,0.038181164,0.095512804,-0.05733164,26.40149512
THCOM,2024-08-22 00:00:00,12.10000038,12.10000038,12.10000038,12.10000038,12.10000038,0,11.9119213,11.89855598,7862065,54.64095619,0.050799799,0.086570203,-0.035770404,25.43843179
THCOM,2024-08-23 00:00:00,12.30000019,12.30000019,12.5,11.89999962,12,18598800,11.9488812,11.91429889,7792625,58.19904382,0.07606168,0.084468498,-0.008406818,25.46305558
THCOM,2024-08-26 00:00:00,12.80000019,12.80000019,12.80000019,12.10000038,12.19999981,14518100,12.02994015,11.94903227,8019630,65.48775951,0.134872991,0.094549397,0.040323595,26.05103432
THCOM,2024-08-27 00:00:00,12.69999981,12.69999981,12.89999962,12.60000038,12.80000019,10032600,12.09375536,11.97848198,7654445,63.11731578,0.171435978,0.109926713,0.061509265,26.77156989
THCOM,2024-08-28 00:00:00,12.69999981,12.69999981,13.10000038,12.60000038,12.69999981,16096700,12.15149292,12.0067768,8459280,63.11731578,0.198128505,0.127567071,0.070561434,27.7761189
THCOM,2024-08-29 00:00:00,12.39999962,12.39999962,12.80000019,12.39999962,12.69999981,8074800,12.17516023,12.0221973,8526940,56.05751276,0.192851941,0.140624045,0.052227895,27.97063445
THCOM,2024-08-30 00:00:00,12.30000019,12.30000019,12.5,12.10000038,12.39999962,15248600,12.18704975,12.03309153,8917765,53.89358958,0.178542975,0.148207831,0.030335143,27.16330644
THCOM,2024-09-02 00:00:00,12.30000019,12.30000019,12.30000019,12.30000019,12.30000019,0,12.19780693,12.04355854,8917765,53.89358958,0.165297569,0.151625779,0.01367179,26.41364471
THCOM,2024-09-03 00:00:00,12.30000019,12.30000019,12.30000019,12.30000019,12.30000019,0,12.20753962,12.05361507,7957875,53.89358958,0.153036381,0.151907899,0.001128482,25.71753025
THCOM,2024-09-04 00:00:00,12.30000019,12.30000019,12.30000019,12.30000019,12.30000019,0,12.21634539,12.06327723,7393710,53.89358958,0.141686033,0.149863526,-0.008177493,25.07113825
THCOM,2024-09-05 00:00:00,13,13,13.19999981,12.5,12.60000038,26498400,12.29097916,12.10001146,8125705,66.18406237,0.187019095,0.15729464,0.029724455,26.25399023
THCOM,2024-09-06 00:00:00,13.30000019,13.30000019,13.30000019,13,13.10000038,20825500,12.3870764,12.14706984,9166980,69.88869501,0.244336818,0.174703075,0.069633743,27.49662694
THCOM,2024-09-09 00:00:00,13.30000019,13.30000019,13.30000019,13.30000019,13.30000019,0,12.47402153,12.1922828,8175160,69.88869501,0.286459402,0.197054341,0.089405061,28.65050388
THCOM,2024-09-10 00:00:00,13,13,13.30000019,12.89999962,13.10000038,9607800,12.52411472,12.22395798,8394285,62.00999157,0.292265292,0.216096531,0.076168761,28.30262206
THCOM,2024-09-11 00:00:00,12.69999981,12.69999981,13.10000038,12.60000038,13.10000038,10238600,12.54086568,12.24262629,8554080,55.29675224,0.269551769,0.226787578,0.04276419,27.0910516
THCOM,2024-09-12 00:00:00,12.80000019,12.80000019,13,12.69999981,12.80000019,5563700,12.56554515,12.26448409,8706545,56.96905961,0.256661697,0.232762402,0.023899295,25.96602189
THCOM,2024-09-13 00:00:00,12.69999981,12.69999981,13,12.60000038,12.89999962,8455500,12.57835036,12.28156314,8973965,54.76284521,0.235660479,0.233342018,0.002318462,24.62393024
THCOM,2024-09-16 00:00:00,12.69999981,12.69999981,12.69999981,12.69999981,12.69999981,0,12.58993602,12.29797242,8973965,54.76284521,0.216520944,0.229977803,-0.013456858,23.37770228
THCOM,2024-09-17 00:00:00,12.89999962,12.89999962,13.10000038,12.80000019,13,3642200,12.61946589,12.32158133,8771260,58.49142767,0.215012508,0.226984744,-0.011972236,23.20071947
THCOM,2024-09-18 00:00:00,12.89999962,12.89999962,12.89999962,12.89999962,12.89999962,0,12.64618339,12.3442644,8370065,58.49142767,0.2113804,0.223863875,-0.012483475,23.03637828
THCOM,2024-09-19 00:00:00,12.89999962,12.89999962,12.89999962,12.89999962,12.89999962,0,12.67035636,12.36605794,8370065,58.49142767,0.206125837,0.220316268,-0.01419043,22.88377575
THCOM,2024-09-20 00:00:00,12.89999962,12.89999962,12.89999962,12.89999962,12.89999962,0,12.69222715,12.38699683,7440125,58.49142767,0.199660003,0.216185015,-0.016525012,22.7420734
THCOM,2024-09-23 00:00:00,13.19999981,13.19999981,13.69999981,13.19999981,13.69999981,12203600,12.74058645,12.4188793,7324400,64.40988528,0.216250489,0.216198109,5.23796E-05,24.21816849
THCOM,2024-09-24 00:00:00,13.30000019,13.30000019,13.39999962,13.19999981,13.30000019,9746500,12.79386395,12.45343306,7310095,66.14283569,0.234761579,0.219910803,0.014850776,25.58882822
THCOM,2024-09-25 00:00:00,13.80000019,13.80000019,14.10000038,13.30000019,13.30000019,38449900,12.88968645,12.50623961,8427755,73.17577618,0.286475264,0.233223695,0.053251568,27.7672937
THCOM,2024-09-26 00:00:00,13.80000019,13.80000019,13.89999962,13.60000038,13.89999962,8140300,12.97638299,12.55697532,8431030,73.17577618,0.323727008,0.251324358,0.07240265,29.7901545
THCOM,2024-09-27 00:00:00,13.80000019,13.80000019,13.80000019,13.80000019,13.80000019,0,13.05482273,12.60572139,7668600,73.17577618,0.349223651,0.270904217,0.078319434,31.66852525
THCOM,2024-09-30 00:00:00,13.69999981,13.69999981,13.80000019,13.30000019,13.39999962,11050800,13.11626816,12.64863427,8221140,69.56608833,0.357242658,0.288171905,0.069070753,31.55542398
THCOM,2024-10-01 00:00:00,13.89999962,13.89999962,14.10000038,13.60000038,13.69999981,21337600,13.19090925,12.69770742,9288020,72.48903409,0.375408615,0.305619247,0.069789368,31.93571416
THCOM,2024-10-02 00:00:00,13.5,13.5,13.89999962,13.39999962,13.80000019,9959400,13.22034647,12.72916988,9785990,60.0641346,0.353454241,0.315186246,0.038267995,31.65117309
THCOM,2024-10-03 00:00:00,13,13,13.39999962,13,13.39999962,24791300,13.19936109,12.73979067,9700635,48.80342026,0.292339511,0.310616899,-0.018277388,30.26123556
THCOM,2024-10-04 00:00:00,13.30000019,13.30000019,13.30000019,12.69999981,13,13685200,13.20894577,12.76175967,9343620,54.33524099,0.265057736,0.301505066,-0.036447331,28.24547155
THCOM,2024-10-07 00:00:00,13.5,13.5,13.60000038,13.19999981,13.30000019,10095000,13.23666522,12.79071027,9848370,57.62264956,0.256616925,0.292527438,-0.035910513,26.99497349
THCOM,2024-10-08 00:00:00,13.19999981,13.19999981,13.5,13.10000038,13.39999962,7928900,13.23317327,12.80676084,9764425,51.6197009,0.223147705,0.278651491,-0.055503786,25.58946731
THCOM,2024-10-09 00:00:00,13.30000019,13.30000019,13.30000019,13,13.10000038,8088500,13.23953774,12.82610356,9656920,53.36375437,0.202359627,0.263393118,-0.061033492,24.03756526
THCOM,2024-10-10 00:00:00,14.60000038,14.60000038,14.80000019,13.30000019,13.5,98038400,13.36910561,12.89566814,14280655,69.00590944,0.287470297,0.268208554,0.019261743,24.94591822
THCOM,2024-10-11 00:00:00,15,15,15.30000019,14.5,14.69999981,65854100,13.52442889,12.97819096,17150585,72.10606595,0.382785233,0.29112389,0.091661343,26.28352956
THCOM,2024-10-15 00:00:00,16.5,16.5,16.5,14.80000019,15.10000038,58665000,13.80781661,13.11630112,20083835,80.13173217,0.572758072,0.347450726,0.225307346,28.41236166
THCOM,2024-10-16 00:00:00,16.5,16.5,16.5,16.5,16.5,0,14.06421503,13.24899519,19901725,80.13173217,0.715070033,0.420974588,0.294095445,30.38913432
THCOM,2024-10-17 00:00:00,16.89999962,16.89999962,17,16.29999924,16.29999924,20213300,14.33428975,13.39217183,20912390,81.7552152,0.850327864,0.506845243,0.343482621,32.52662303
THCOM,2024-10-18 00:00:00,15.30000019,15.30000019,17,15.10000038,16.89999962,73959700,14.42626218,13.46698863,24610375,60.47019558,0.81897347,0.569270888,0.249702582,32.23018342
THCOM,2024-10-21 00:00:00,15.5,15.5,15.80000019,15,15.30000019,43457700,14.52852292,13.54671457,26783260,61.80869303,0.801029432,0.615622597,0.185406835,31.79385479
THCOM,2024-10-22 00:00:00,15.5,15.5,15.5,15.5,15.5,0,14.62104455,13.623314,26173080,61.80869303,0.777842173,0.648066512,0.12977566,31.3886925
THCOM,2024-10-24 00:00:00,14.80000019,14.80000019,15.19999981,14.60000038,15,18985700,14.63808794,13.66945855,26635040,54.33991513,0.694970777,0.657447365,0.037523412,29.61673769
THCOM,2024-10-25 00:00:00,15,15,15.10000038,14.69999981,14.89999962,15155200,14.67255576,13.72163665,25470305,55.9767266,0.638077551,0.653573402,-0.015495851,27.97135107
THCOM,2024-10-28 00:00:00,14.80000019,14.80000019,15.10000038,14.60000038,15,14586500,14.68469332,13.76392542,25792615,53.8960547,0.570277147,0.636914151,-0.066637004,26.29447594
THCOM,2024-10-29 00:00:00,14.80000019,14.80000019,14.80000019,14.80000019,14.80000019,0,14.69567493,13.8045558,25792615,53.8960547,0.510658287,0.611662979,-0.101004691,24.73737759
THCOM,2024-10-30 00:00:00,14.19999981,14.19999981,14.60000038,14.10000038,14.39999962,15941800,14.64846777,13.82006341,26037165,47.72406937,0.410265609,0.571383505,-0.161117896,23.6727976
THCOM,2024-10-31 00:00:00,14.60000038,14.60000038,14.69999981,14.19999981,14.19999981,17091000,14.64385183,13.85064917,25824835,51.69551934,0.358843862,0.528875576,-0.170031714,22.52218094
THCOM,2024-11-01 00:00:00,14.39999962,14.39999962,14.60000038,14.30000019,14.5,8551500,14.62062781,13.87219233,25754440,49.66389313,0.298512303,0.482802921,-0.184290618,21.45375118
THCOM,2024-11-04 00:00:00,14.60000038,14.60000038,14.69999981,14.39999962,14.39999962,5829600,14.61866329,13.90073382,24806355,51.70776151,0.263796615,0.43900166,-0.175205045,20.28185659
THCOM,2024-11-05 00:00:00,15.10000038,15.10000038,15.10000038,14.60000038,14.60000038,12719100,14.66450492,13.94776388,24758050,56.4667774,0.273477525,0.405896833,-0.132419308,19.15970712
THCOM,2024-11-06 00:00:00,14.19999981,14.19999981,15.10000038,14.10000038,15,23097600,14.62026634,13.95765548,25408180,47.41011303,0.206150813,0.365947629,-0.159796816,18.28427999
THCOM,2024-11-07 00:00:00,14.5,14.5,14.60000038,14.19999981,14.30000019,15250700,14.6088124,13.9789239,25774270,50.27316679,0.174984306,0.327754964,-0.152770658,17.47138337
THCOM,2024-11-08 00:00:00,14.19999981,14.19999981,14.5,14.10000038,14.5,9001700,14.56987787,13.98759354,25819930,47.48894111,0.124640341,0.28713204,-0.162491699,16.8816108
THCOM,2024-11-11 00:00:00,13.69999981,13.69999981,14.10000038,13.5,14.10000038,18387300,14.48703234,13.97631536,21837375,43.19519118,0.043890621,0.238483756,-0.194593135,17.23027969
THCOM,2024-11-12 00:00:00,13.30000019,13.30000019,13.60000038,13.19999981,13.60000038,9763700,14.37398166,13.94979319,19032855,40.07359431,-0.051783809,0.180430243,-0.232214052,17.94115399
THCOM,2024-11-13 00:00:00,13.39999962,13.39999962,13.69999981,13.30000019,13.30000019,10817300,14.28122147,13.92823266,16640470,41.21729816,-0.118175117,0.120709171,-0.238884288,18.38083545
THCOM,2024-11-14 00:00:00,13.60000038,13.60000038,13.69999981,13.10000038,13.30000019,12387500,14.21634327,13.91536081,17259845,43.5382622,-0.152889897,0.065989357,-0.218879254,19.05837039
THCOM,2024-11-15 00:00:00,12.60000038,12.60000038,13.69999981,12.60000038,13.69999981,23492800,14.06240585,13.86377804,17423820,35.90475866,-0.258117831,0.00116792,-0.259285751,20.29518485
THCOM,2024-11-18 00:00:00,12.89999962,12.89999962,13,12.60000038,12.80000019,8172000,13.95170049,13.82598281,14134435,39.34076969,-0.313688293,-0.061803323,-0.25188497,21.44365543
THCOM,2024-11-19 00:00:00,13.19999981,13.19999981,13.39999962,13,13,9808700,13.88010995,13.80143446,12451985,42.65159431,-0.329719969,-0.115386652,-0.214333317,21.54931072
THCOM,2024-11-20 00:00:00,12.89999962,12.89999962,13.10000038,12.80000019,13.10000038,7384100,13.78676611,13.76608407,12821190,40.28374633,-0.362454546,-0.164800231,-0.197654315,21.92507104
THCOM,2024-11-21 00:00:00,13.10000038,13.10000038,13.19999981,12.80000019,12.80000019,9602500,13.72135985,13.73996314,12352030,42.57267337,-0.368016281,-0.205443441,-0.16257284,22.03452491
THCOM,2024-11-22 00:00:00,13.19999981,13.19999981,13.5,13,13.19999981,13777900,13.67170651,13.71878811,12283165,43.7339518,-0.360202686,-0.23639529,-0.123807396,21.44222076
THCOM,2024-11-25 00:00:00,13.39999962,13.39999962,13.39999962,13.19999981,13.30000019,3245400,13.64582967,13.7062866,11716110,46.08231747,-0.334021648,-0.255920561,-0.078101087,20.89222405
THCOM,2024-11-26 00:00:00,12.89999962,12.89999962,13.39999962,12.89999962,13.39999962,4323600,13.57479823,13.6746675,11932290,41.42720624,-0.349588965,-0.274654242,-0.074934723,20.89679129
THCOM,2024-11-27 00:00:00,13,13,13,12.69999981,12.80000019,6950300,13.52005554,13.64820995,11482715,42.67447523,-0.349824422,-0.289688278,-0.060136144,21.22083424
THCOM,2024-11-28 00:00:00,13.10000038,13.10000038,13.10000038,12.89999962,13,3557000,13.48005029,13.62671154,10806015,43.95961389,-0.338045056,-0.299359634,-0.038685422,21.25655474
THCOM,2024-11-29 00:00:00,12.89999962,12.89999962,13.10000038,12.80000019,13.10000038,4503100,13.42480737,13.59821303,10603595,41.9347729,-0.340918319,-0.307671371,-0.033246948,21.46243544
THCOM,2024-12-02 00:00:00,13.30000019,13.30000019,13.30000019,12.89999962,12.89999962,4466400,13.41292097,13.58651841,10535435,47.17544015,-0.307375465,-0.30761219,0.000236725,21.1004803
THCOM,2024-12-03 00:00:00,13.69999981,13.69999981,13.69999981,13.30000019,13.30000019,13436800,13.44026181,13.59096866,10571320,51.85500284,-0.245683795,-0.295226511,0.049542716,19.77964562
THCOM,2024-12-04 00:00:00,13.69999981,13.69999981,13.80000019,13.5,13.80000019,6231700,13.46499877,13.59524439,9728025,51.85500284,-0.19455005,-0.275091219,0.080541168,18.40696837
THCOM,2024-12-06 00:00:00,14.60000038,14.60000038,14.80000019,13.69999981,13.69999981,29550100,13.57309416,13.63464659,10442995,60.89476253,-0.080475987,-0.236168172,0.155692185,18.90590101
THCOM,2024-12-09 00:00:00,14.39999962,14.39999962,14.60000038,14.30000019,14.60000038,10258100,13.65184706,13.66466043,10505815,58.27615646,-0.006139093,-0.190162357,0.184023263,19.36919561
THCOM,2024-12-11 00:00:00,13.89999962,13.89999962,14.60000038,13.69999981,14.39999962,16041000,13.67548064,13.67388942,10388500,52.22932732,0.012285984,-0.149672688,0.161958673,18.47350916
THCOM,2024-12-12 00:00:00,13.80000019,13.80000019,14.10000038,13.60000038,14,8504300,13.68733964,13.67883494,10325530,51.0875946,0.018604413,-0.116017268,0.134621681,17.44429869
THCOM,2024-12-13 00:00:00,13.89999962,13.89999962,14,13.60000038,13.69999981,7592100,13.70759297,13.68750807,10164270,52.21258353,0.031319895,-0.086549835,0.117869731,16.48860326
THCOM,2024-12-16 00:00:00,13.80000019,13.80000019,13.89999962,13.60000038,13.80000019,5869000,13.71639366,13.69191952,9838345,50.95057299,0.032948083,-0.062650252,0.095598335,15.60117179
THCOM,2024-12-17 00:00:00,13.19999981,13.19999981,14,13.19999981,13.80000019,11491200,13.66721329,13.67262855,9238265,44.06801356,-0.014015026,-0.052923207,0.038908181,15.04758872
THCOM,2024-12-18 00:00:00,13.30000019,13.30000019,13.39999962,13,13.30000019,9175200,13.63224062,13.65801568,9288425,45.39202514,-0.042672531,-0.050873071,0.008200541,14.91579506
THCOM,2024-12-19 00:00:00,12.89999962,12.89999962,13.39999962,12.80000019,13.10000038,5755300,13.56250338,13.62828956,9085755,41.19168259,-0.096547573,-0.060007972,-0.036539601,15.15833766
THCOM,2024-12-20 00:00:00,12.60000038,12.60000038,13,12.60000038,12.89999962,9175300,13.47083643,13.58796449,9175315,38.32713692,-0.161588669,-0.080324111,-0.081264558,15.73137031
THCOM,2024-12-23 00:00:00,12.80000019,12.80000019,12.89999962,12.19999981,12.69999981,11069000,13.40694726,13.55706393,9248640,41.25988736,-0.194750927,-0.103209474,-0.091541452,16.88779983
THCOM,2024-12-24 00:00:00,13.30000019,13.30000019,13.30000019,12.80000019,12.80000019,5572300,13.39676183,13.546983,8838360,47.92674019,-0.178627328,-0.118293045,-0.060334283,16.93303479
THCOM,2024-12-25 00:00:00,13.30000019,13.30000019,13.39999962,13.19999981,13.30000019,3187800,13.38754643,13.5372974,8835480,47.92674019,-0.16395924,-0.127426284,-0.036532956,16.73538383
THCOM,2024-12-26 00:00:00,12.89999962,12.89999962,13.30000019,12.80000019,13.30000019,4052400,13.3411134,13.51230533,8821920,43.36067505,-0.182507545,-0.138442536,-0.044065009,17.22328538
THCOM,2024-12-27 00:00:00,13.10000038,13.10000038,13.30000019,12.89999962,13,4498800,13.31815026,13.49613651,8699345,46.12450433,-0.179005357,-0.1465551,-0.032450257,17.67633682
THCOM,2024-12-30 00:00:00,12.69999981,12.69999981,13.19999981,12.69999981,13.10000038,3186500,13.25927879,13.46491546,8680820,41.73781847,-0.206130409,-0.158470162,-0.047660247,18.42303685
THCOM,2025-01-02 00:00:00,12.60000038,12.60000038,12.89999962,12.60000038,12.69999981,4275900,13.19649037,13.43099722,8669460,40.69579864,-0.233010327,-0.173378195,-0.059632132,19.27631972
THCOM,2025-01-03 00:00:00,13,13,13,12.60000038,12.60000038,4598700,13.177777,13.41409537,8676075,46.4543971,-0.219505903,-0.182603737,-0.036902166,19.76639119
THCOM,2025-01-06 00:00:00,12.69999981,12.69999981,13,12.60000038,13,3305500,13.13227441,13.38609162,8169510,43.07598092,-0.230355661,-0.192154122,-0.038201539,20.22145754
THCOM,2025-01-07 00:00:00,13,13,13.10000038,12.69999981,12.69999981,3564000,13.11967685,13.37095077,8036125,47.21044307,-0.212299409,-0.196183179,-0.01611623,20.31714974
THCOM,2025-01-08 00:00:00,12.80000019,12.80000019,13.10000038,12.60000038,12.89999962,5729000,13.08923145,13.34856056,6845070,44.87064432,-0.211687806,-0.199284104,-0.012403702,20.61667441
THCOM,2025-01-09 00:00:00,12.30000019,12.30000019,12.80000019,12.30000019,12.80000019,7620400,13.01406657,13.30744054,6713185,39.58823904,-0.248682274,-0.209163738,-0.039518536,21.47888197
THCOM,2025-01-10 00:00:00,12.39999962,12.39999962,12.60000038,12.10000038,12.30000019,9140800,12.955584,13.27185462,6368175,41.08216269,-0.266855395,-0.22070207,-0.046153326,22.62643683
THCOM,2025-01-13 00:00:00,12.69999981,12.69999981,12.69999981,12.19999981,12.30000019,4218200,12.93124265,13.24942894,6153870,45.44110549,-0.254120869,-0.22738583,-0.02673504,23.32457789
THCOM,2025-01-14 00:00:00,12.30000019,12.30000019,12.80000019,12.30000019,12.80000019,6002900,12.87112432,13.21219644,6074410,41.07735806,-0.273156514,-0.236539967,-0.036616547,23.60668562
THCOM,2025-01-15 00:00:00,12.30000019,12.30000019,12.39999962,12.10000038,12.30000019,6640900,12.81673155,13.17642404,6113005,41.07735806,-0.284957586,-0.24622349,-0.038734095,24.2684997
THCOM,2025-01-16 00:00:00,12.30000019,12.30000019,12.5,12.19999981,12.39999962,5082900,12.76751904,13.14205448,5792590,41.07735806,-0.29095606,-0.255170004,-0.035786055,24.50532267
THCOM,2025-01-17 00:00:00,11.69999981,11.69999981,12.30000019,11.69999981,12.19999981,10252800,12.66585054,13.08550332,5846470,34.81395841,-0.340203259,-0.272176655,-0.068026603,25.63807522
THCOM,2025-01-20 00:00:00,11.80000019,11.80000019,12.10000038,11.69999981,11.80000019,6270500,12.5833886,13.03509143,5872230,36.55044337,-0.366933048,-0.291127934,-0.075805114,26.68991687
THCOM,2025-01-21 00:00:00,11.89999962,11.89999962,12.10000038,11.80000019,11.89999962,4709600,12.51830394,12.99057802,5648945,38.31990833,-0.375716455,-0.308045638,-0.067670817,27.66662698
THCOM,2025-01-22 00:00:00,11.89999962,11.89999962,12.19999981,11.89999962,11.89999962,4585100,12.45941781,12.94781024,5324750,38.31990833,-0.378316372,-0.322099785,-0.056216588,28.15025611
THCOM,2025-01-23 00:00:00,11.89999962,11.89999962,12.19999981,11.89999962,11.89999962,4951000,12.40613989,12.90671963,5293685,38.31990833,-0.376042047,-0.332888237,-0.04315381,28.5993403
THCOM,2025-01-24 00:00:00,12,12,12.10000038,11.89999962,12,2463400,12.3674599,12.871162,5257465,40.39600207,-0.361997551,-0.3387101,-0.023287451,29.01634704
THCOM,2025-01-27 00:00:00,11.69999981,11.69999981,12,11.69999981,12,3013600,12.30389227,12.82523407,5205525,36.43401101,-0.370800338,-0.345128148,-0.025672191,29.85035916
THCOM,2025-01-28 00:00:00,11.69999981,11.69999981,11.80000019,11.69999981,11.69999981,2762500,12.2463787,12.78110724,5118710,36.43401101,-0.373471465,-0.350796811,-0.022674654,30.62479899
THCOM,2025-01-29 00:00:00,11.69999981,11.69999981,11.89999962,11.69999981,11.69999981,1657600,12.19434262,12.73871087,5042265,36.43401101,-0.371308143,-0.354899077,-0.016409065,30.8170905
THCOM,2025-01-30 00:00:00,11.69999981,11.69999981,11.89999962,11.69999981,11.80000019,1126700,12.14726235,12.6979771,4884805,36.43401101,-0.3653818,-0.356995622,-0.008386178,30.99564691
THCOM,2025-01-31 00:00:00,11.39999962,11.39999962,11.80000019,11.39999962,11.69999981,5365200,12.07609447,12.64707602,4923130,32.18776924,-0.380506398,-0.361697777,-0.018808621,31.89620978
THCOM,2025-02-03 00:00:00,11.39999962,11.39999962,11.5,11.10000038,11.30000019,5635500,12.01170449,12.59817106,5039630,32.18776924,-0.388019899,-0.366962202,-0.021057698,33.30632416
THCOM,2025-02-04 00:00:00,11.30000019,11.30000019,11.60000038,11.30000019,11.5,2809500,11.94392312,12.5472624,5001905,30.80007172,-0.397461829,-0.373062127,-0.024399702,34.08875287
THCOM,2025-02-05 00:00:00,11.10000038,11.10000038,11.5,11,11.30000019,6756900,11.86354953,12.49050703,5053300,28.18304258,-0.416284273,-0.381706556,-0.034577717,35.35609765
THCOM,2025-02-06 00:00:00,10.60000038,10.60000038,11.10000038,10.5,11.10000038,8239600,11.74321152,12.41636951,5084260,22.9361472,-0.466173262,-0.398599897,-0.067573364,37.20732124
THCOM,2025-02-07 00:00:00,11,11,11,10.5,10.69999981,6977600,11.67242947,12.36082561,4976100,33.58821532,-0.468038759,-0.41248767,-0.055551089,38.92631458
THCOM,2025-02-10 00:00:00,10.69999981,10.69999981,10.89999962,10.69999981,10.80000019,3807000,11.57981712,12.29569519,4955540,30.21494139,-0.488098195,-0.427609775,-0.06048842,40.52252269
THCOM,2025-02-11 00:00:00,10.89999962,10.89999962,11,10.69999981,10.69999981,3913500,11.51507259,12.24096203,4851070,34.90829285,-0.482297504,-0.438547321,-0.043750184,41.46700972
THCOM,2025-02-13 00:00:00,11.19999981,11.19999981,11.39999962,10.89999962,11,6583100,11.48506566,12.20013998,4848180,41.28698504,-0.448324896,-0.440502836,-0.007822061,40.50555728
THCOM,2025-02-14 00:00:00,11.30000019,11.30000019,11.39999962,11.19999981,11.19999981,4381400,11.46744038,12.16484038,4813105,43.28220212,-0.408621827,-0.434126634,0.025504807,39.61278001
THCOM,2025-02-17 00:00:00,11.10000038,11.10000038,11.30000019,11.10000038,11.19999981,2407600,11.43244609,12.12308195,4420845,40.33031343,-0.388813175,-0.425063942,0.036250767,39.02182406
THCOM,2025-02-18 00:00:00,11.19999981,11.19999981,11.5,11.10000038,11.19999981,3775200,11.41030835,12.08688265,4296080,42.44396836,-0.360885494,-0.412228253,0.051342758,37.62250214
THCOM,2025-02-19 00:00:00,11.60000038,11.60000038,11.60000038,11.19999981,11.19999981,3332100,11.42837426,12.06778923,4227205,50.06377301,-0.3029833,-0.390379262,0.087395962,35.92603861
THCOM,2025-02-20 00:00:00,11.80000019,11.80000019,12,11.60000038,11.69999981,5952900,11.46376721,12.0572877,4295595,53.38666927,-0.238211131,-0.359945636,0.121734505,33.72755656
THCOM,2025-02-21 00:00:00,11.69999981,11.69999981,11.89999962,11.60000038,11.69999981,2245700,11.48626555,12.04327641,4160330,51.53994619,-0.192726287,-0.326501766,0.133775479,31.68610895
THCOM,2025-02-24 00:00:00,11.5,11.5,11.69999981,11.39999962,11.69999981,3411600,11.48757359,12.02197145,4207740,47.96625233,-0.170848103,-0.295371033,0.124522931,29.71834518
THCOM,2025-02-25 00:00:00,11.10000038,11.10000038,11.5,11.10000038,11.5,3838200,11.45066186,11.98581572,4248970,41.73358736,-0.18366889,-0.273030605,0.089361715,28.74591664
THCOM,2025-02-26 00:00:00,11.30000019,11.30000019,11.39999962,11.10000038,11.19999981,2097700,11.43631313,11.95892099,4215730,45.54372458,-0.175666173,-0.253557718,0.077891546,27.84294728
THCOM,2025-02-27 00:00:00,10.89999962,10.89999962,11.39999962,10.89999962,11.30000019,3348300,11.38523565,11.91739467,4300265,39.92108339,-0.199303221,-0.242706819,0.043403598,27.53196009
THCOM,2025-02-28 00:00:00,10.89999962,10.89999962,11.10000038,10.60000038,10.80000019,4597600,11.33902269,11.87749682,4473810,39.92108339,-0.215551015,-0.237275658,0.021724643,27.92352913
THCOM,2025-03-03 00:00:00,10.89999962,10.89999962,11.10000038,10.80000019,11,2206300,11.29721097,11.8391636,4315865,39.92108339,-0.225824346,-0.234985396,0.00916105,28.28712895
THCOM,2025-03-04 00:00:00,10.80000019,10.80000019,11.10000038,10.69999981,10.80000019,2094300,11.24985757,11.79841209,4138805,38.43932127,-0.239276917,-0.2358437,-0.003433217,28.8444555
THCOM,2025-03-05 00:00:00,11.19999981,11.19999981,11.19999981,10.80000019,10.89999962,2660100,11.24510921,11.77494494,4131335,46.9254436,-0.215181077,-0.231711175,0.016530098,28.90395067
THCOM,2025-03-06 00:00:00,10.89999962,10.89999962,11.19999981,10.69999981,11.19999981,2755900,11.21224163,11.74063336,3931285,42.22418831,-0.217782003,-0.228925341,0.011143338,29.20177262
THCOM,2025-03-07 00:00:00,10.89999962,10.89999962,11,10.80000019,10.89999962,2850200,11.18250429,11.70766733,3661815,42.22418831,-0.217337919,-0.226607857,0.009269937,29.47832158
THCOM,2025-03-10 00:00:00,10.69999981,10.69999981,10.89999962,10.69999981,10.80000019,1788200,11.13655149,11.66815096,3402345,39.18860167,-0.230467606,-0.227379806,-0.0030878,29.98866149
THCOM,2025-03-11 00:00:00,11,11,11.10000038,10.60000038,10.69999981,3363000,11.12354658,11.64194896,3380145,45.51602303,-0.214196347,-0.224743115,0.010546768,29.46204701
THCOM,2025-03-12 00:00:00,10.69999981,10.69999981,11,10.69999981,10.89999962,2650200,11.08320879,11.60500978,3316980,40.92969648,-0.222938865,-0.224382265,0.0014434,28.97304785
THCOM,2025-03-13 00:00:00,10.69999981,10.69999981,10.89999962,10.60000038,10.69999981,1055800,11.0467127,11.56951919,3040615,40.92969648,-0.227247802,-0.224955372,-0.00229243,28.82914664
THCOM,2025-03-14 00:00:00,10.80000019,10.80000019,10.80000019,10.60000038,10.69999981,1307000,11.02321627,11.53934198,2886895,43.14443833,-0.220056792,-0.223975656,0.003918864,28.6955241
THCOM,2025-03-17 00:00:00,11.10000038,11.10000038,11.19999981,10.80000019,10.80000019,6019100,11.03052904,11.52211289,3067470,49.28735634,-0.187983402,-0.216777205,0.028793803,26.6983489
THCOM,2025-03-18 00:00:00,11,11,11.19999981,10.89999962,11.10000038,2396500,11.02762152,11.50163788,2998535,47.44710846,-0.168689655,-0.207159695,0.03847004,24.84382907
THCOM,2025-03-19 00:00:00,11.10000038,11.10000038,11.30000019,10.89999962,10.89999962,3911300,11.03451474,11.48588739,3027495,49.47853634,-0.143673843,-0.194462525,0.050788681,23.42333071
THCOM,2025-03-20 00:00:00,10.80000019,10.80000019,11.19999981,10.80000019,11.10000038,3818200,11.01218002,11.45898985,2920760,43.98542793,-0.146368891,-0.184843798,0.038474907,21.82619392
THCOM,2025-03-21 00:00:00,10.89999962,10.89999962,10.89999962,10.60000038,10.89999962,4344200,11.00149617,11.43706867,3025685,46.13222518,-0.138835212,-0.175642081,0.036806869,21.12020903
THCOM,2025-03-24 00:00:00,10.80000019,10.80000019,11,10.80000019,10.80000019,2710100,10.98230608,11.41208559,2990610,44.30364443,-0.139327752,-0.168379215,0.029051463,20.01768684
THCOM,2025-03-25 00:00:00,10.69999981,10.69999981,10.89999962,10.69999981,10.80000019,1992100,10.95541977,11.38416066,2898305,42.48986722,-0.146103102,-0.163923993,0.01782089,19.37643882
THCOM,2025-03-26 00:00:00,10.69999981,10.69999981,10.89999962,10.69999981,10.80000019,1114700,10.93109406,11.35733082,2849155,42.48986722,-0.149746433,-0.161088481,0.011342048,18.78099424
THCOM,2025-03-27 00:00:00,10.69999981,10.69999981,10.89999962,10.60000038,10.69999981,1715800,10.90908508,11.33155313,2767530,42.48986722,-0.150894382,-0.159049661,0.008155279,18.6206702
THCOM,2025-03-28 00:00:00,10.39999962,10.39999962,10.69999981,10.39999962,10.69999981,2211100,10.86060075,11.29502162,2648205,36.83887432,-0.174005817,-0.162040892,-0.011964925,19.17196511
THCOM,2025-03-31 00:00:00,10.10000038,10.10000038,10.39999962,10,10,3525200,10.78816262,11.24815804,2714150,32.22360717,-0.214061658,-0.172445045,-0.041616613,20.74611636
THCOM,2025-04-01 00:00:00,10.10000038,10.10000038,10.30000019,10,10.19999981,2225900,10.72262336,11.20313225,2720730,32.22360717,-0.24300499,-0.186557034,-0.056447956,22.20782824
THCOM,2025-04-02 00:00:00,10,10,10.19999981,10,10.10000038,1441300,10.65380209,11.1559506,2659790,30.73501805,-0.270889341,-0.203423496,-0.067465845,23.56513213
THCOM,2025-04-03 00:00:00,9.800000191,9.800000191,10,9.75,10,3886200,10.57248762,11.10277607,2716305,27.95368871,-0.305603397,-0.223859476,-0.081743921,25.3971777
THCOM,2025-04-04 00:00:00,8.649999619,8.649999619,9.850000381,8.5,9.850000381,15922100,10.38939353,11.00658876,3369900,17.91482329,-0.421056297,-0.26329884,-0.157757457,28.63278647
THCOM,2025-04-08 00:00:00,7.349999905,7.349999905,8.100000381,7.349999905,8,11542800,10.09992747,10.86319312,3857630,12.46512875,-0.610416167,-0.332722306,-0.277693861,32.25543256
THCOM,2025-04-09 00:00:00,7.300000191,7.300000191,7.349999905,6.300000191,7.199999809,22899800,9.833267726,10.72346006,4834470,12.31002316,-0.755807311,-0.417339307,-0.338468004,35.95124762
THCOM,2025-04-10 00:00:00,8.050000191,8.050000191,8.350000381,7.599999905,7.800000191,17011900,9.663432723,10.6186185,5552555,26.98623157,-0.801275502,-0.494126546,-0.307148957,36.91851902
THCOM,2025-04-11 00:00:00,7.5,7.5,8,7.449999809,7.75,9494600,9.457391511,10.49631973,5974495,23.83573685,-0.871642044,-0.569629645,-0.302012399,37.92277025
THCOM,2025-04-16 00:00:00,8.100000381,8.100000381,8.149999619,7.449999809,7.5,12127300,9.328116166,10.40234642,6515510,33.02205909,-0.868976004,-0.629498917,-0.239477087,38.52430819
THCOM,2025-04-17 00:00:00,8.300000191,8.300000191,8.600000381,8.25,8.25,16774800,9.230200359,10.31990147,7053295,35.8016264,-0.841029966,-0.671805127,-0.169224839,38.13987615
THCOM,2025-04-18 00:00:00,8.5,8.5,8.5,8.25,8.300000191,6835600,9.160657467,10.24853279,7275250,38.5480393,-0.793596133,-0.696163328,-0.097432805,37.78290354
THCOM,2025-04-21 00:00:00,8.600000381,8.600000381,9.199999809,8.399999619,8.449999809,32597400,9.107261554,10.18388446,8709555,39.93174454,-0.739411805,-0.704813023,-0.034598782,36.12029704
THCOM,2025-04-22 00:00:00,8.800000191,8.800000191,8.800000191,8.449999809,8.5,9993800,9.077998567,10.12961449,9018335,42.7101653,-0.67257895,-0.698366209,0.025787259,34.57644815
THCOM,2025-04-23 00:00:00,8.5,8.5,9.050000191,8.5,8.899999619,13237200,9.022951085,10.06570804,9462985,39.74078342,-0.636483949,-0.685989757,0.049505808,32.69467525
THCOM,2025-04-24 00:00:00,9,9,9,8.449999809,8.550000191,18562700,9.020765267,10.02391557,10255615,46.42608964,-0.561064971,-0.6610048,0.099939829,31.02377825
THCOM,2025-04-25 00:00:00,9.199999809,9.199999809,9.25,8.800000191,8.949999809,15443800,9.037835224,9.991605144,10928200,48.86963807,-0.479627724,-0.624729385,0.14510166,29.01082144
THCOM,2025-04-28 00:00:00,8.949999809,8.949999809,9.300000191,8.949999809,9.199999809,7662800,9.029469946,9.950757876,11255605,46.04265582,-0.430300791,-0.585843666,0.155542875,27.04931506
THCOM,2025-04-29 00:00:00,9.199999809,9.199999809,9.25,8.949999809,9,7796200,9.045710885,9.921316383,11559625,49.20692313,-0.3668076,-0.542036453,0.175228852,25.22791628
THCOM,2025-04-30 00:00:00,9.100000381,9.100000381,9.199999809,9,9.149999619,9622100,9.050881314,9.889107912,11930175,47.99449443,-0.320859242,-0.497801011,0.176941769,23.53661741
THCOM,2025-05-02 00:00:00,9.050000191,9.050000191,9.350000381,9.050000191,9.149999619,11118200,9.050797397,9.856201727,12309825,47.36606554,-0.28519192,-0.455279192,0.170087273,22.07098387
THCOM,2025-05-06 00:00:00,8.75,8.75,9,8.699999809,8.949999809,7777400,9.022150026,9.812821267,12587400,43.67123326,-0.277929025,-0.419809159,0.141880134,21.02613512
THCOM,2025-05-07 00:00:00,9.25,9.25,9.350000381,8.850000381,8.850000381,15664800,9.043850023,9.790749845,13298575,50.58925576,-0.229185401,-0.381684407,0.152499007,19.74913653
THCOM,2025-05-08 00:00:00,9.149999619,9.149999619,9.350000381,9.100000381,9.300000191,6510700,9.053959509,9.765622385,13429800,49.28552635,-0.19636139,-0.344619804,0.148258414,18.56335212
THCOM,2025-05-09 00:00:00,9.100000381,9.100000381,9.25,9,9.25,4620300,9.058344354,9.739519561,12864710,48.61098282,-0.17239538,-0.310174919,0.137779539,17.2455784
THCOM,2025-05-13 00:00:00,9.149999619,9.149999619,9.25,9.100000381,9.25,5278700,9.067073427,9.716401132,12551505,49.35741631,-0.147665428,-0.277673021,0.130007593,16.02193138
THCOM,2025-05-14 00:00:00,9,9,9.199999809,9,9.199999809,3131500,9.060685481,9.68830697,11563090,47.14499488,-0.138573094,-0.249853035,0.111279941,15.13815754
THCOM,2025-05-15 00:00:00,8.699999809,8.699999809,9,8.699999809,9,4075100,9.026334465,9.649549827,10916250,42.99411197,-0.153801929,-0.230642814,0.076840885,15.02359334
THCOM,2025-05-16 00:00:00,8.949999809,8.949999809,9,8.75,8.850000381,2592600,9.019064498,9.622116493,10571150,47.16857283,-0.144037605,-0.213321772,0.069284168,14.91721231
THCOM,2025-05-19 00:00:00,8.800000191,8.800000191,8.949999809,8.800000191,8.949999809,2062600,8.99820123,9.589876638,10067915,45.03753987,-0.14671182,-0.199999782,0.053287962,14.81842992
THCOM,2025-05-20 00:00:00,8.899999619,8.899999619,9.050000191,8.800000191,8.850000381,4039800,8.988848696,9.562822637,9431165,46.76430166,-0.139157911,-0.187831408,0.048673497,14.39450606
THCOM,2025-05-21 00:00:00,8.75,8.75,9,8.75,8.850000381,2512800,8.966101201,9.530947239,9215025,44.50560307,-0.143619543,-0.178989035,0.035369492,14.14132023
THCOM,2025-05-22 00:00:00,8.300000191,8.300000191,8.75,8.199999809,8.699999809,5109800,8.90266301,9.482674806,7840645,38.4981481,-0.181375854,-0.179466398,-0.001909455,15.20273064
THCOM,2025-05-23 00:00:00,8.5,8.5,8.5,8.350000381,8.399999619,2007100,8.864314151,9.444138539,7441310,42.2304499,-0.192935647,-0.182160248,-0.010775399,16.18832602
THCOM,2025-05-26 00:00:00,8.350000381,8.350000381,8.5,8.300000191,8.449999809,1053900,8.815331888,9.401231161,6832145,40.25722039,-0.21175955,-0.188080108,-0.023679441,17.21009799
THCOM,2025-05-27 00:00:00,8.350000381,8.350000381,8.449999809,8.300000191,8.449999809,815400,8.771014601,9.360006424,5944780,40.25722039,-0.224094408,-0.195282968,-0.028811439,18.15888624
THCOM,2025-05-28 00:00:00,8.350000381,8.350000381,8.550000191,8.350000381,8.350000381,804200,8.730918009,9.320398344,5212800,40.25722039,-0.231204688,-0.202467312,-0.028737375,18.60666696
THCOM,2025-05-29 00:00:00,8.350000381,8.350000381,8.5,8.350000381,8.449999809,748200,8.69464014,9.282343522,4867070,40.25722039,-0.234140609,-0.208801971,-0.025338637,19.02246335
THCOM,2025-05-30 00:00:00,8.5,8.5,8.5,8.199999809,8.350000381,2316600,8.676102984,9.251663384,4593090,43.78990562,-0.221806781,-0.211402933,-0.010403848,19.81238343
THCOM,2025-06-04 00:00:00,8.5,8.5,8.5,8.300000191,8.300000191,1406900,8.659331271,9.222186388,4182330,43.78990562,-0.209615813,-0.211045509,0.001429696,20.54588064
THCOM,2025-06-05 00:00:00,8.449999809,8.449999809,8.5,8.350000381,8.5,932900,8.639394941,9.191904562,3673065,42.81125351,-0.20166432,-0.209169271,0.007504951,21.2269852
THCOM,2025-06-06 00:00:00,8.300000191,8.300000191,8.449999809,8.25,8.350000381,809300,8.607071632,9.15692792,3324660,39.92829577,-0.20510213,-0.208355843,0.003253713,22.15228738
THCOM,2025-06-09 00:00:00,8.350000381,8.350000381,8.5,8.300000191,8.350000381,1828900,8.582588655,9.125283703,2632865,41.34618654,-0.201469606,-0.206978596,0.00550899,22.71814048
THCOM,2025-06-10 00:00:00,8.300000191,8.300000191,8.399999619,8.25,8.300000191,1668800,8.555675468,9.092919643,2390770,40.32126262,-0.200316281,-0.205646133,0.005329852,23.40295809
THCOM,2025-06-11 00:00:00,8.449999809,8.449999809,8.550000191,8.300000191,8.350000381,3201100,8.54561112,9.067707101,2319810,44.74633555,-0.18516409,-0.201549724,0.016385634,23.1556281
THCOM,2025-06-12 00:00:00,8.350000381,8.350000381,8.5,8.350000381,8.5,1496000,8.526981526,9.039561739,2130675,42.48468624,-0.179159746,-0.197071728,0.017911983,22.92596454
THCOM,2025-06-13 00:00:00,7.699999809,7.699999809,8.25,7.5,8.199999809,10392700,8.448221362,8.987029899,2493735,31.38159873,-0.224265678,-0.202510518,-0.02175516,24.88863415
THCOM,2025-06-16 00:00:00,7.800000191,7.800000191,7.849999905,7.400000095,7.650000095,5255600,8.386486013,8.940479714,2552760,34.22943817,-0.249072111,-0.211822837,-0.037249274,26.87404298
THCOM,2025-06-17 00:00:00,7.849999905,7.849999905,8.100000381,7.699999809,7.800000191,3551600,8.335392098,8.8977158,2600710,35.66710595,-0.261680341,-0.221794338,-0.039886004,27.51600677
THCOM,2025-06-18 00:00:00,7.599999905,7.599999905,7.949999809,7.5,7.849999905,1761400,8.265354746,8.846824981,2585650,31.9111026,-0.288519492,-0.235139369,-0.053380123,28.50929304
THCOM,2025-06-19 00:00:00,7.199999809,7.199999809,7.550000191,7.199999809,7.550000191,3234400,8.163892371,8.782243601,2545380,27.01006057,-0.338168185,-0.255745132,-0.082423053,29.94561986
THCOM,2025-06-20 00:00:00,7.050000191,7.050000191,7.449999809,7.050000191,7.300000191,6679500,8.057807401,8.714312487,2753715,25.43262186,-0.385178746,-0.281631855,-0.103546891,31.50705491
THCOM,2025-06-23 00:00:00,6.849999905,6.849999905,7.150000095,6.699999809,6.949999809,4924000,7.942778116,8.64120219,2744425,23.46487041,-0.43357532,-0.312020548,-0.121554772,33.42125473
THCOM,2025-06-24 00:00:00,7.400000095,7.400000095,7.5,6.949999809,6.949999809,4340800,7.891084971,8.592527598,2861110,37.73265014,-0.422677175,-0.334151873,-0.088525302,33.7646222
THCOM,2025-06-25 00:00:00,7.650000095,7.650000095,7.75,7.300000191,7.349999905,2675100,7.868124507,8.555565735,2942170,42.93969715,-0.389378889,-0.345197276,-0.044181612,33.205837
THCOM,2025-06-26 00:00:00,7.650000095,7.650000095,7.849999905,7.550000191,7.650000095,1689500,7.847350753,8.520053357,2985875,42.93969715,-0.358853122,-0.347928446,-0.010924676,32.35521778
THCOM,2025-06-27 00:00:00,7.400000095,7.400000095,7.650000095,7.349999905,7.650000095,1604200,7.804745929,8.4761297,3025875,39.14340933,-0.350790448,-0.348500846,-0.002289602,31.97902307
THCOM,2025-06-30 00:00:00,7.400000095,7.400000095,7.599999905,7.349999905,7.400000095,1581600,7.766198707,8.433928539,3067545,39.14340933,-0.340475926,-0.346895862,0.006419936,31.62969941
THCOM,2025-07-01 00:00:00,7.449999809,7.449999809,7.550000191,7.199999809,7.5,2897100,7.736084526,8.395343098,3096570,40.36630319,-0.3245261,-0.34242191,0.01789581,31.61861412
THCOM,2025-07-02 00:00:00,7.349999905,7.349999905,7.550000191,7.300000191,7.449999809,1979400,7.699314562,8.354349248,3125195,38.69168597,-0.316308694,-0.337199267,0.020890572,31.60832063
THCOM,2025-07-03 00:00:00,7.5,7.5,7.599999905,7.349999905,7.349999905,2905000,7.680332223,8.320845356,3223800,42.542229,-0.294300079,-0.328619429,0.03431935,31.38533566
THCOM,2025-07-04 00:00:00,7.349999905,7.349999905,7.550000191,7.349999905,7.550000191,2631600,7.648872002,8.282772985,3314915,39.84707411,-0.285668834,-0.32002931,0.034360476,31.1782782
THCOM,2025-07-07 00:00:00,7.25,7.25,7.349999905,7.150000095,7.300000191,2208300,7.610884192,8.242272084,3333885,38.1135281,-0.283628178,-0.312749084,0.029120906,31.47319682
THCOM,2025-07-08 00:00:00,7.5,7.5,7.650000095,7.199999809,7.199999809,4753400,7.600323793,8.213163374,3488115,44.60220997,-0.258854124,-0.301970092,0.043115968,30.45680176
THCOM,2025-07-09 00:00:00,7.199999809,7.199999809,7.599999905,7.150000095,7.599999905,4609900,7.562197699,8.17343147,3558555,39.27993052,-0.260425986,-0.293661271,0.033235284,29.65133141
THCOM,2025-07-11 00:00:00,7.25,7.25,7.349999905,7.199999809,7.25,2931200,7.532464585,8.137218471,3630315,40.55315483,-0.254701066,-0.28586923,0.031168164,28.90339465
THCOM,2025-07-14 00:00:00,7.449999809,7.449999809,7.5,7.199999809,7.25,3020200,7.524610797,8.11026872,3261690,45.4779424,-0.231358753,-0.274967134,0.043608382,27.56796238
THCOM,2025-07-15 00:00:00,8,8,8.050000191,7.449999809,7.449999809,7283700,7.569885959,8.105944456,3363095,56.21930315,-0.16655939,-0.253285585,0.086726196,26.67369127
THCOM,2025-07-16 00:00:00,8,8,8.149999619,7.900000095,7.949999809,4900800,7.610849201,8.101789772,3430555,56.21930315,-0.113892545,-0.225406977,0.111514432,26.10388024
THCOM,2025-07-17 00:00:00,8.149999619,8.149999619,8.25,8,8,3302900,7.66219686,8.103680354,3507630,58.78741315,-0.059365645,-0.192198711,0.132833066,25.83147756
THCOM,2025-07-18 00:00:00,8.050000191,8.050000191,8.199999809,8.050000191,8.149999619,1273600,7.69913051,8.101575249,3409590,56.41170955,-0.023945771,-0.158548123,0.134602352,25.57853222
THCOM,2025-07-21 00:00:00,8.5,8.5,8.550000191,8.050000191,8.149999619,6266600,7.775403795,8.117199749,3388945,63.55014738,0.03997515,-0.118843468,0.158818619,26.18809382
THCOM,2025-07-22 00:00:00,8.100000381,8.100000381,8.550000191,8.050000191,8.550000191,4829000,7.806317756,8.116525264,3384195,54.93754282,0.057691285,-0.083536517,0.141227803,26.75411531
THCOM,2025-07-23 00:00:00,8.350000381,8.350000381,8.550000191,8.149999619,8.149999619,3955500,7.858097053,8.125681151,3364930,58.7044611,0.090857017,-0.04865781,0.139514828,27.2797067
THCOM,2025-07-24 00:00:00,8.399999619,8.399999619,8.600000381,8.350000381,8.350000381,5357300,7.909706822,8.136438738,3499040,59.43481415,0.119794701,-0.014967308,0.134762009,27.89212779
THCOM,2025-07-25 00:00:00,8.399999619,8.399999619,8.550000191,8.300000191,8.300000191,1580100,7.956401374,8.146774459,3493570,59.43481415,0.141101493,0.016246452,0.124855041,28.19227796
THCOM,2025-07-29 00:00:00,8.5,8.5,8.600000381,8.25,8.449999809,4138500,8.008172671,8.160626441,3620285,61.03337846,0.164164093,0.04582998,0.118334113,28.47098884
THCOM,2025-07-30 00:00:00,8.899999619,8.899999619,8.949999809,8.449999809,8.5,7847400,8.093108571,8.189621468,3933575,66.68818267,0.212271068,0.079118198,0.13315287,29.61955676
THCOM,2025-07-31 00:00:00,8.649999619,8.649999619,8.899999619,8.649999619,8.899999619,5805400,8.146145814,8.207675513,4078990,60.75395145,0.227599654,0.108814489,0.118785165,30.68608411
THCOM,2025-08-01 00:00:00,8.399999619,8.399999619,8.800000191,8.399999619,8.75,4685200,8.170322367,8.215217635,4214280,55.44105055,0.217072481,0.130466087,0.086606394,30.31438128
THCOM,2025-08-04 00:00:00,8.350000381,8.350000381,8.550000191,8.300000191,8.5,1921400,8.187434558,8.220503232,4165100,54.41612377,0.202362393,0.144845349,0.057517044,29.48728833
THCOM,2025-08-05 00:00:00,8.649999619,8.649999619,8.800000191,8.399999619,8.399999619,4088800,8.231488374,8.237346228,4237960,59.28028113,0.212462834,0.158368846,0.054093988,29.45332168
THCOM,2025-08-06 00:00:00,9.75,9.75,9.850000381,8.699999809,8.75,15960200,8.376108529,8.296665984,4925555,71.35158792,0.305704374,0.187835951,0.117868423,31.26677101
THCOM,2025-08-07 00:00:00,10.19999981,10.19999981,10.30000019,9.699999809,9.949999809,13292000,8.54981246,8.371306526,5352485,74.66094822,0.411170473,0.232502856,0.178667618,33.4144924
THCOM,2025-08-08 00:00:00,10,10,10.30000019,9.850000381,10.19999981,6746200,8.687925559,8.435176858,5459300,70.74923352,0.473160504,0.280634385,0.192526118,35.40880512
THCOM,2025-08-13 00:00:00,9.949999809,9.949999809,10.19999981,9.899999619,10.10000038,4573600,8.808123107,8.49458168,5541420,69.76513434,0.51234743,0.326976994,0.185370435,37.26066693
THCOM,2025-08-14 00:00:00,9.600000381,9.600000381,10.10000038,9.550000191,10.10000038,5944700,8.88353999,8.537931433,5687645,63.14403896,0.509290538,0.363439703,0.145850835,37.56787572
THCOM,2025-08-15 00:00:00,9.600000381,9.600000381,9.899999619,9.550000191,9.600000381,2776100,8.951774313,8.579581196,5462265,63.14403896,0.501091656,0.390970094,0.110121563,37.85314102
THCOM,2025-08-18 00:00:00,9.399999619,9.399999619,9.75,9.399999619,9.600000381,4492000,8.994462437,8.611754467,5441825,59.40752546,0.473003108,0.407376696,0.065626411,37.53742489
THCOM,2025-08-19 00:00:00,9.5,9.5,9.699999809,9.399999619,9.399999619,2034500,9.042608872,8.646587625,5378405,60.66099073,0.4535833,0.416618017,0.036965283,37.24425992
THCOM,2025-08-20 00:00:00,9.699999809,9.699999809,9.75,9.5,9.5,2460300,9.105217533,8.687897907,5437740,63.11422116,0.449153711,0.423125156,0.026028555,37.07528931
THCOM,2025-08-21 00:00:00,9.300000191,9.300000191,9.75,9.300000191,9.75,4498600,9.123768262,8.711901918,5349340,55.64074671,0.408655874,0.4202313,-0.011575426,36.09425363
THCOM,2025-08-22 00:00:00,9.449999809,9.449999809,9.550000191,9.199999809,9.350000381,3540700,9.154837933,8.740846933,5284925,57.66520151,0.384235533,0.413032146,-0.028796613,34.79535513
THCOM,2025-08-25 00:00:00,9.550000191,9.550000191,9.699999809,9.5,9.5,2680300,9.192472434,8.772578434,5221165,59.00832429,0.368701273,0.404165972,-0.035464698,33.97861814
THCOM,2025-08-26 00:00:00,9.800000191,9.800000191,10.10000038,9.5,9.550000191,8204400,9.25033222,8.812869483,5363520,62.23414739,0.372271853,0.397787148,-0.025515295,34.09698745
THCOM,2025-08-27 00:00:00,9.5,9.5,9.850000381,9.5,9.800000191,3909700,9.274110104,8.839815778,5480000,56.48931467,0.346895262,0.387608771,-0.040713508,34.20690181
THCOM,2025-08-28 00:00:00,9.550000191,9.550000191,9.649999619,9.5,9.550000191,2010300,9.30038535,8.867666147,5373590,57.19847222,0.327048715,0.37549676,-0.048448045,34.30896515
THCOM,2025-08-29 00:00:00,9.350000381,9.350000381,9.75,9.300000191,9.550000191,3128700,9.305110591,8.886581215,5137655,53.44610391,0.291817974,0.358761003,-0.066943028,33.52282762
THCOM,2025-09-01 00:00:00,9.5,9.5,9.75,9.350000381,9.399999619,2716300,9.323671487,8.910636854,4983200,55.78871106,0.272855762,0.341579955,-0.068724192,32.79284278
THCOM,2025-09-02 00:00:00,9.550000191,9.550000191,9.649999619,9.449999809,9.5,1701300,9.345226602,8.935709926,4834005,56.57316562,0.258878481,0.32503966,-0.066161179,32.11499971
THCOM,2025-09-03 00:00:00,9.699999809,9.699999809,9.899999619,9.550000191,9.550000191,2908000,9.379014527,8.965682078,4883335,58.92760658,0.256943218,0.311420371,-0.054477153,32.16658052
THCOM,2025-09-04 00:00:00,9.550000191,9.550000191,9.75,9.5,9.699999809,2282800,9.395298876,8.988596514,4793035,55.67681802,0.240533077,0.297242913,-0.056709835,31.96705746
THCOM,2025-09-05 00:00:00,9.600000381,9.600000381,9.699999809,9.550000191,9.649999619,1564300,9.414794257,9.012573136,4073240,56.53751575,0.228923631,0.283579056,-0.054655425,31.78178605
THCOM,2025-09-08 00:00:00,10.10000038,10.10000038,10.39999962,9.550000191,9.649999619,11767000,9.480051983,9.055217342,3996990,64.05455212,0.257105135,0.278284272,-0.021179137,33.11031775
THCOM,2025-09-09 00:00:00,10.69999981,10.69999981,10.69999981,10,10.19999981,11223700,9.59623749,9.119718615,4220865,70.62105102,0.324117889,0.287450995,0.036666894,34.77178498
THCOM,2025-09-10 00:00:00,10.60000038,10.60000038,10.69999981,10.5,10.69999981,4563400,9.691833956,9.17776888,4220355,68.37900703,0.364949946,0.302950786,0.061999161,36.31457597
THCOM,2025-09-11 00:00:00,10.60000038,10.60000038,10.89999962,10.39999962,10.60000038,6271900,9.778325997,9.233542665,4236715,68.37900703,0.392781901,0.320917009,0.071864892,38.01319591
THCOM,2025-09-12 00:00:00,10.5,10.5,10.69999981,10.30000019,10.60000038,3490100,9.847056854,9.283207658,4272415,65.95070393,0.402134177,0.337160442,0.064973735,39.08795248
THCOM,2025-09-15 00:00:00,10.39999962,10.39999962,10.60000038,10.19999981,10.5,4585300,9.89971807,9.327003421,4277080,63.52138385,0.396901495,0.349108653,0.047792842,39.59190958
THCOM,2025-09-16 00:00:00,10.69999981,10.69999981,10.80000019,10.39999962,10.39999962,5068900,9.975935378,9.380846417,4428800,67.4008833,0.412210361,0.361728995,0.050481367,40.40106976
THCOM,2025-09-17 00:00:00,10.5,10.5,10.69999981,10.5,10.69999981,2561900,10.02584629,9.424734793,4433880,62.61964208,0.403552532,0.370093702,0.03345883,41.15243278
THCOM,2025-09-18 00:00:00,10.89999962,10.89999962,11.10000038,10.60000038,10.80000019,13026100,10.10909899,9.482588315,4860255,67.5739579,0.424079245,0.380890811,0.043188434,42.44829501
THCOM,2025-09-19 00:00:00,10.69999981,10.69999981,10.89999962,10.60000038,10.80000019,4318900,10.16537526,9.530329943,4899165,63.07267633,0.419374214,0.388587491,0.030786723,43.65159565
THCOM,2025-09-22 00:00:00,10.10000038,10.10000038,10.69999981,10.10000038,10.69999981,4427200,10.15914908,9.55266996,4986510,51.90269029,0.363045542,0.383479101,-0.02043356,42.51258705
THCOM,2025-09-23 00:00:00,9.75,9.75,10.30000019,9.75,10.10000038,5547700,10.1201825,9.560408393,4853675,46.70643526,0.286855861,0.364154453,-0.077298592,40.26863735
THCOM,2025-09-24 00:00:00,9.850000381,9.850000381,9.949999809,9.649999619,9.75,3319800,10.09445087,9.571764941,4824180,48.29907207,0.231871317,0.337697826,-0.105826509,37.87964222
THCOM,2025-09-25 00:00:00,10,10,10.19999981,9.850000381,9.850000381,3779500,10.08545555,9.588558473,4912640,50.67995804,0.198115632,0.309781387,-0.111665755,36.28601375
THCOM,2025-09-26 00:00:00,9.850000381,9.850000381,10,9.850000381,10,1757500,10.06303125,9.598811097,4844080,48.28531906,0.15744536,0.279314182,-0.121868822,34.80621588
THCOM,2025-09-29 00:00:00,9.699999809,9.699999809,10.10000038,9.600000381,9.899999619,5268500,10.02845683,9.602779282,4971690,45.94728364,0.111821081,0.245815562,-0.133994481,32.62169646
THCOM,2025-09-30 00:00:00,9.399999619,9.399999619,9.699999809,9.399999619,9.699999809,4042700,9.968603759,9.594827138,5088760,41.60792687,0.050869609,0.206826371,-0.155956762,30.57049718
THCOM,2025-10-01 00:00:00,9.199999809,9.199999809,9.550000191,9.100000381,9.399999619,4878400,9.895403383,9.579343713,5187280,38.96586735,-0.013418504,0.162777396,-0.1761959,29.43375666
THCOM,2025-10-02 00:00:00,9.449999809,9.449999809,9.550000191,9.199999809,9.199999809,3813600,9.852983995,9.574271403,5263820,43.77218875,-0.043690747,0.121483767,-0.165174514,28.3782119
THCOM,2025-10-03 00:00:00,9.25,9.25,9.449999809,9.199999809,9.399999619,3506100,9.795556947,9.561554878,5360910,40.99116589,-0.082864816,0.080614051,-0.163478867,27.39806318
THCOM,2025-10-06 00:00:00,9.25,9.25,9.399999619,9.25,9.300000191,2134000,9.743599143,9.549337039,4879260,40.99116589,-0.112612423,0.041968756,-0.154581179,26.4879251
THCOM,2025-10-07 00:00:00,9.25,9.25,9.25,9.25,9.25,0,9.696589701,9.537598332,4318075,40.99116589,-0.13463562,0.006647881,-0.1412835,25.64279687
THCOM,2025-10-08 00:00:00,9.399999619,9.399999619,9.600000381,9.350000381,9.600000381,2103000,9.668343026,9.532202304,4195055,44.3057661,-0.13839017,-0.022359729,-0.116030441,24.06653706
THCOM,2025-10-09 00:00:00,9.649999619,9.649999619,9.75,9.399999619,9.399999619,4557700,9.666596035,9.536821807,4109345,49.40661431,-0.119811654,-0.041850114,-0.07796154,23.07376919
THCOM,2025-10-10 00:00:00,9.5,9.5,9.600000381,9.5,9.5,2185800,9.650729746,9.535377814,4044130,46.64614602,-0.115856243,-0.05665134,-0.059204903,22.15191331
THCOM,2025-10-14 00:00:00,9.199999809,9.199999809,9.699999809,9.199999809,9.5,3747600,9.607803085,9.522225736,4002245,41.63566693,-0.135368614,-0.072394795,-0.062973819,20.92049275
THCOM,2025-10-15 00:00:00,9.399999619,9.399999619,9.449999809,9.25,9.25,1665000,9.588012279,9.517432554,3832050,45.8143596,-0.133159022,-0.08454764,-0.048611381,19.7770308
THCOM,2025-10-16 00:00:00,9.600000381,9.600000381,9.800000191,9.350000381,9.399999619,5888400,9.589154003,9.520670508,3998375,49.69323682,-0.113955901,-0.090429292,-0.023526608,19.18453691
THCOM,2025-10-17 00:00:00,9.350000381,9.350000381,9.550000191,9.300000191,9.5,2591800,9.566377468,9.513977562,3476660,45.32549079,-0.117555098,-0.095854453,-0.021700644,18.4474202
THCOM,2025-10-20 00:00:00,9.300000191,9.300000191,9.5,9.300000191,9.449999809,2077300,9.541008203,9.505586293,3364580,44.48337053,-0.123023942,-0.101288351,-0.02173559,17.76295468
THCOM,2025-10-21 00:00:00,9.5,9.5,9.550000191,9.300000191,9.300000191,3581500,9.53710266,9.505367223,3322295,48.59732888,-0.109952265,-0.103021134,-0.006931131,17.29992139
THCOM,2025-10-22 00:00:00,9.649999619,9.649999619,9.75,9.350000381,9.550000191,4231400,9.547854751,9.511039081,3256480,51.50016372,-0.086492124,-0.099715332,0.013223208,17.51936779
THCOM,2025-10-24 00:00:00,9.699999809,9.699999809,9.899999619,9.5,9.699999809,4675300,9.562344757,9.518449306,3324255,52.46383078,-0.063137388,-0.092399743,0.029262355,18.15792108
THCOM,2025-10-27 00:00:00,9.850000381,9.850000381,10.19999981,9.75,9.800000191,13507500,9.589740531,9.531451309,3810655,55.33128278,-0.032154145,-0.080350624,0.048196478,19.49346763
THCOM,2025-10-28 00:00:00,9.699999809,9.699999809,9.850000381,9.649999619,9.800000191,4310300,9.600241414,9.538061054,3938295,51.95612987,-0.019478954,-0.06817629,0.048697336,20.26149283
THCOM,2025-10-29 00:00:00,9.550000191,9.550000191,9.75,9.5,9.649999619,2313000,9.595456536,9.538529255,3790520,48.75347449,-0.021292047,-0.058799441,0.037507394,20.30136383
THCOM,2025-10-30 00:00:00,9.75,9.75,9.800000191,9.5,9.600000381,1586800,9.610174961,9.546822226,3667725,52.92052828,-0.006515517,-0.048342656,0.041827139,20.4816012
THCOM,2025-10-31 00:00:00,9.550000191,9.550000191,9.75,9.5,9.75,1771000,9.604444031,9.546946852,3512355,48.65947664,-0.010818613,-0.040837848,0.030019235,20.64896446
THCOM,2025-11-03 00:00:00,9.449999809,9.449999809,9.699999809,9.449999809,9.600000381,1299700,9.589735057,9.543145007,3386660,46.63746201,-0.022043934,-0.037079065,0.015035131,20.55407731
THCOM,2025-11-04 00:00:00,9.300000191,9.300000191,9.449999809,9.25,9.449999809,2165400,9.56214126,9.533609916,3319625,43.70380529,-0.04255327,-0.038173906,-0.004379364,19.53317273
THCOM,2025-11-05 00:00:00,9.199999809,9.199999809,9.300000191,9.149999619,9.199999809,2206600,9.527651598,9.520527167,3323255,41.81535167,-0.066114139,-0.043761953,-0.022352186,18.16277908
THCOM,2025-11-06 00:00:00,9.449999809,9.449999809,9.550000191,9.300000191,9.300000191,1323200,9.52025619,9.517761388,3389415,47.87886043,-0.063877051,-0.047784972,-0.016092079,17.81781532
THCOM,2025-11-07 00:00:00,9.199999809,9.199999809,9.399999619,9.199999809,9.300000191,989900,9.489755582,9.50530015,3333760,43.04771228,-0.081339424,-0.054495863,-0.026843561,17.06723048
THCOM,2025-11-10 00:00:00,9.300000191,9.300000191,9.350000381,9.25,9.350000381,312800,9.47168364,9.497249171,3121515,45.42009974,-0.086116587,-0.060820007,-0.025296579,16.37025884
THCOM,2025-11-11 00:00:00,9.25,9.25,9.350000381,9.25,9.350000381,375000,9.450570912,9.487553125,3030975,44.42367699,-0.092866612,-0.067229328,-0.025637283,15.72307088
THCOM,2025-11-12 00:00:00,9.149999619,9.149999619,9.300000191,9.149999619,9.25,1237200,9.421945075,9.474315733,2905455,42.41932503,-0.105074022,-0.074798267,-0.030275755,14.64496125
THCOM,2025-11-13 00:00:00,9.149999619,9.149999619,9.25,9.100000381,9.199999809,1154100,9.396045508,9.461597454,2879910,42.41932503,-0.113440808,-0.082526775,-0.030914033,13.78704015
THCOM,2025-11-14 00:00:00,9,9,9.199999809,8.949999809,9.149999619,2307300,9.358326888,9.443495593,2700855,39.33212508,-0.130668991,-0.092155218,-0.038513772,13.6500109
THCOM,2025-11-17 00:00:00,9.149999619,9.149999619,9.199999809,8.949999809,9,699000,9.338486196,9.431985947,2606215,43.74146995,-0.130711968,-0.099866568,-0.0308454,13.52276945
THCOM,2025-11-18 00:00:00,9.100000381,9.100000381,9.25,9.100000381,9.100000381,617200,9.315773261,9.418966905,2533210,42.62927446,-0.133244587,-0.106542172,-0.026702415,13.12199912
THCOM,2025-11-19 00:00:00,9.199999809,9.199999809,9.199999809,9.100000381,9.100000381,392200,9.304747218,9.41037996,2373745,45.6080723,-0.125733214,-0.11038038,-0.015352834,12.74985523
THCOM,2025-11-20 00:00:00,9.149999619,9.149999619,9.350000381,9.149999619,9.25,952300,9.290009351,9.400168966,2209790,44.36763228,-0.122403997,-0.112785104,-0.009618894,12.11860546
THCOM,2025-11-21 00:00:00,8.699999809,8.699999809,9.149999619,8.699999809,9.149999619,3825400,9.233817966,9.372711352,2167295,35.11185018,-0.15429814,-0.121087711,-0.033210429,12.91410881
THCOM,2025-11-24 00:00:00,8.699999809,8.699999809,8.850000381,8.699999809,8.699999809,628300,9.182978142,9.346330507,1523335,35.11185018,-0.177528045,-0.132375778,-0.045152267,13.65279049
THCOM,2025-11-25 00:00:00,8.850000381,8.850000381,8.899999619,8.75,8.75,827000,9.151265974,9.326866581,1349170,39.95444038,-0.181739144,-0.142248451,-0.039490693,14.05176382
THCOM,2025-11-26 00:00:00,8.850000381,8.850000381,8.899999619,8.75,8.75,436900,9.122574013,9.308165946,1255365,39.95444038,-0.182967336,-0.150392228,-0.032575108,14.42223906
THCOM,2025-11-27 00:00:00,8.649999619,8.649999619,8.949999809,8.600000381,8.850000381,651900,9.077566928,9.282355501,1208620,35.82060355,-0.197798974,-0.159873577,-0.037925397,15.35379764
THCOM,2025-11-28 00:00:00,8.699999809,8.699999809,8.75,8.699999809,8.699999809,334500,9.041608155,9.259518023,1136795,37.55991149,-0.203176465,-0.168534155,-0.03464231,16.21881632
THCOM,2025-12-01 00:00:00,8.899999619,8.899999619,8.949999809,8.649999619,8.800000191,589700,9.028121627,9.245419262,1101295,44.0872254,-0.189119797,-0.172651283,-0.016468514,15.78321312
THCOM,2025-12-02 00:00:00,8.699999809,8.699999809,8.899999619,8.699999809,8.899999619,613600,8.99687193,9.224030264,1023705,39.62616858,-0.191905927,-0.176502212,-0.015403715,15.37872444
THCOM,2025-12-03 00:00:00,8.550000191,8.550000191,8.75,8.550000191,8.75,783100,8.954312717,9.197597712,952530,36.63228917,-0.203867612,-0.181975292,-0.02189232,15.68254651
THCOM,2025-12-04 00:00:00,8.149999619,8.149999619,8.649999619,8.149999619,8.600000381,1719600,8.87771147,9.156515434,972350,30.10113133,-0.242824902,-0.194145214,-0.048679688,17.30268606
THCOM,2025-12-08 00:00:00,7.699999809,7.699999809,8.25,7.699999809,8.149999619,3738000,8.765548454,9.099397174,1109755,24.75413104,-0.306477181,-0.216611608,-0.089865574,19.77655843
THCOM,2025-12-09 00:00:00,7.849999905,7.849999905,7.949999809,7.599999905,7.699999809,862800,8.678353354,9.050401203,1137255,29.26466242,-0.340888763,-0.241467039,-0.099421725,22.24558666
THCOM,2025-12-11 00:00:00,8,8,8,7.599999905,7.900000095,967400,8.613748273,9.009208999,1166875,33.55407741,-0.351998813,-0.263573394,-0.088425419,24.24888307
THCOM,2025-12-12 00:00:00,7.849999905,7.849999905,8,7.800000191,8,1587400,8.541010333,8.963749819,1184385,31.49715617,-0.368657705,-0.284590256,-0.084067449,26.10908689
THCOM,2025-12-15 00:00:00,8.550000191,8.550000191,8.550000191,7.75,7.849999905,3177200,8.54186651,8.947524343,1285540,47.63100449,-0.321667837,-0.292005772,-0.029662065,25.14344837
THCOM,2025-12-16 00:00:00,8.350000381,8.350000381,8.5,8.300000191,8.399999619,741600,8.523593545,8.924092031,1207255,44.41252407,-0.297141084,-0.293032834,-0.004108249,24.24678404
THCOM,2025-12-17 00:00:00,8.5,8.5,8.600000381,8.350000381,8.399999619,1175700,8.521346541,8.907460971,1231090,47.28929456,-0.262572962,-0.28694086,0.024367898,23.01013204
THCOM,2025-12-18 00:00:00,8.300000191,8.300000191,8.550000191,8.149999619,8.5,1222900,8.500265936,8.883638979,1261375,44.01825923,-0.248451792,-0.279243046,0.030791254,22.51090181
THCOM,2025-12-19 00:00:00,8.399999619,8.399999619,8.600000381,8.300000191,8.300000191,1865900,8.490716763,8.86467273,1335060,46.02846175,-0.226579675,-0.268710372,0.042130697,21.83505364
THCOM,2025-12-22 00:00:00,8.699999809,8.699999809,8.75,8.399999619,8.449999809,3089500,8.510648482,8.858214968,1441920,51.63891733,-0.182929658,-0.251554229,0.068624571,20.59030769
THCOM,2025-12-23 00:00:00,8.75,8.75,8.850000381,8.699999809,8.75,1077600,8.533443865,8.853971244,1304530,52.52471739,-0.142657639,-0.229774911,0.087117272,19.19261723
THCOM,2025-12-24 00:00:00,8.75,8.75,8.800000191,8.649999619,8.800000191,422300,8.554068258,8.84989394,1294230,52.52471739,-0.109479759,-0.205715881,0.096236122,17.94528286
THCOM,2025-12-25 00:00:00,8.649999619,8.649999619,8.800000191,8.600000381,8.800000191,734100,8.563204578,8.842054947,1289585,50.38413069,-0.090215299,-0.182615764,0.092400465,16.98713617
THCOM,2025-12-26 00:00:00,8.550000191,8.550000191,8.699999809,8.399999619,8.699999809,982500,8.561947018,8.83060182,1316865,48.26582154,-0.082071129,-0.162506837,0.080435708,16.84322794
THCOM,2025-12-29 00:00:00,8.449999809,8.449999809,8.550000191,8.449999809,8.449999809,321400,8.551285379,8.815676251,1300340,46.1751182,-0.082732325,-0.146551935,0.06381961,16.70959888
THCOM,2025-12-30 00:00:00,8.649999619,8.649999619,8.75,8.5,8.550000191,1028100,8.560686735,8.809179128,1335020,50.7682663,-0.066353136,-0.130512175,0.064159039,15.66111578
TRUE,2023-02-08 00:00:00,4.624209881,4.840000153,4.860000134,4.760000229,4.800000191,36134100,4.869938254,4.867117798,54820340,37.78096743,-0.001330817,0.003954963,-0.00528578,27.75998035
TRUE,2023-02-09 00:00:00,4.719751835,4.940000057,4.960000038,4.800000191,4.800000191,59225300,4.876610806,4.869975926,55013960,54.34554108,0.004490555,0.004062081,0.000428474,26.78336135
TRUE,2023-02-10 00:00:00,4.700643539,4.920000076,4.940000057,4.860000134,4.900000095,24072500,4.880743118,4.871937658,39124890,51.39826932,0.007404846,0.004730634,0.002674211,25.87650085
TRUE,2023-02-13 00:00:00,4.777076721,5,5,4.880000114,4.880000114,45483400,4.892100916,4.87695971,36269805,60.60219266,0.015985496,0.006981607,0.009003889,26.22536921
TRUE,2023-02-14 00:00:00,4.777076721,5,5.050000191,4.960000038,5,84667100,4.902377019,4.88178482,37812715,60.60219266,0.022526057,0.010090497,0.01243556,27.28292831
TRUE,2023-02-15 00:00:00,4.777076721,5,5.050000191,4.940000057,5,49405600,4.911674446,4.886420709,36084555,60.60219266,0.027393721,0.013551141,0.013842579,27.65992665
TRUE,2023-02-16 00:00:00,4.872618198,5.099999905,5.099999905,4.980000019,5,68941500,4.929610204,4.894796364,37498425,69.59236416,0.038872439,0.018615401,0.020257038,28.68049238
TRUE,2023-02-17 00:00:00,4.872618198,5.099999905,5.150000095,5.050000191,5.099999905,117155300,4.945837795,4.902843562,41674965,69.59236416,0.047422746,0.02437687,0.023045876,30.16870509
TRUE,2023-02-20 00:00:00,4.872618198,5.099999905,5.099999905,5.099999905,5.099999905,0,4.9605199,4.910575183,38752560,69.59236416,0.053581274,0.030217751,0.023363523,31.5506169
TRUE,2023-02-21 00:00:00,4.872618198,5.099999905,5.099999905,5.099999905,5.099999905,0,4.97380371,4.918003603,38108460,69.59236416,0.057795719,0.035733344,0.022062374,32.83382073
TRUE,2023-02-22 00:00:00,4.872618198,5.099999905,5.099999905,5.099999905,5.099999905,0,4.985822395,4.925140713,35955895,69.59236416,0.060438994,0.040674474,0.019764519,34.02536714
TRUE,2023-02-23 00:00:00,4.872618198,5.099999905,5.099999905,5.099999905,5.099999905,0,4.996696444,4.931997936,34540120,69.59236416,0.061821172,0.044903814,0.016917358,35.13180309
TRUE,2023-02-24 00:00:00,4.872618198,5.099999905,5.099999905,5.099999905,5.099999905,0,5.006534869,4.938586249,32855020,69.59236416,0.06219956,0.048362963,0.013836597,36.1592079
TRUE,2023-02-27 00:00:00,4.872618198,5.099999905,5.099999905,5.099999905,5.099999905,0,5.015436301,4.944916196,30568100,69.59236416,0.061787192,0.051047809,0.010739383,37.11322665
TRUE,2023-02-28 00:00:00,4.872618198,5.099999905,5.099999905,5.099999905,5.099999905,0,5.023489977,4.95099791,28714800,69.59236416,0.060759983,0.052990244,0.00776974,37.99910121
TRUE,2023-03-01 00:00:00,4.872618198,5.099999905,5.099999905,5.099999905,5.099999905,0,5.030776637,4.956841126,27933310,69.59236416,0.059262769,0.054244749,0.00501802,38.82169901
TRUE,2023-03-02 00:00:00,4.872618198,5.099999905,5.099999905,5.099999905,5.099999905,0,5.037369329,4.962455195,27440630,69.59236416,0.057414379,0.054878675,0.002535704,39.58553983
TRUE,2023-03-03 00:00:00,8.216571808,8.600000381,8.800000191,8.050000191,8.350000381,784877200,5.376667525,5.105104026,65905855,98.40351568,0.334514232,0.110805786,0.223708446,43.73108546
TRUE,2023-03-07 00:00:00,8.025488853,8.399999619,9,8.199999809,8.699999809,827033400,5.664603915,5.234315618,106067665,92.98194859,0.531848652,0.195014359,0.336834292,47.58944327
TRUE,2023-03-08 00:00:00,8.073259354,8.449999809,8.550000191,8.25,8.350000381,157405500,5.929879714,5.36042088,112720045,93.08452813,0.684383057,0.292888099,0.391494958,51.1722041
TRUE,2023-03-09 00:00:00,7.977718353,8.350000381,8.5,8.199999809,8.5,104054300,6.160367397,5.477659292,116116055,90.24353094,0.78811367,0.391933213,0.396180457,54.28704646
TRUE,2023-03-10 00:00:00,7.786633968,8.149999619,8.350000381,8.050000191,8.25,91504300,6.34985618,5.582456952,117730005,84.67708467,0.844448264,0.482436223,0.362012041,56.5359419
TRUE,2023-03-13 00:00:00,7.404469013,7.75,8.199999809,7.75,8.050000191,115672800,6.48320321,5.66745864,122310020,74.74668988,0.847052911,0.555359561,0.29169335,57.42212831
TRUE,2023-03-14 00:00:00,7.022302628,7.349999905,7.849999905,7.199999809,7.699999809,211635600,6.565755276,5.733440651,130617630,66.36511431,0.807531724,0.605793993,0.201737731,56.4141532
TRUE,2023-03-15 00:00:00,7.356697559,7.699999809,7.699999809,7.300000191,7.449999809,122199600,6.673778565,5.810560618,132494255,69.57946369,0.795285411,0.643692277,0.151593134,55.47817631
TRUE,2023-03-16 00:00:00,7.643322468,8,8,7.400000095,7.550000191,109909900,6.800085368,5.896420986,135519470,72.045467,0.800559279,0.675065677,0.125493602,54.96366053
TRUE,2023-03-17 00:00:00,7.834404945,8.199999809,8.199999809,7.849999905,8,114437700,6.933410553,5.98675741,137794280,73.58292831,0.811522445,0.702357031,0.109165414,54.70444803
TRUE,2023-03-20 00:00:00,7.643322468,8,8,8,8,10326500,7.034990501,6.0657081,132452840,69.4683653,0.7949093,0.720867485,0.074041815,54.4637507
TRUE,2023-03-21 00:00:00,7.977718353,8.350000381,8.350000381,8.100000381,8.100000381,99447900,7.160229537,6.155288189,137425235,72.37913318,0.800754766,0.736844941,0.063909825,54.61284495
TRUE,2023-03-22 00:00:00,7.834404945,8.199999809,8.350000381,8,8.350000381,123073000,7.259255277,6.235472959,143578885,69.32857796,0.78424328,0.746324609,0.037918671,54.39426065
TRUE,2023-03-23 00:00:00,8.073259354,8.449999809,8.449999809,8.100000381,8.199999809,93878400,7.372659518,6.322317149,148272805,71.48563207,0.782312704,0.753522228,0.028790476,54.30632082
TRUE,2023-03-24 00:00:00,8.168801308,8.550000191,8.550000191,8.399999619,8.5,73870400,7.484787201,6.409677268,151966325,72.32407892,0.779862139,0.75879021,0.021071929,54.34028639
TRUE,2023-03-27 00:00:00,8.121030807,8.5,8.600000381,8.399999619,8.550000191,44212000,7.581474135,6.491650709,154176925,71.19681133,0.765066243,0.760045417,0.005020827,54.43083501
TRUE,2023-03-28 00:00:00,8.216571808,8.600000381,8.600000381,8.449999809,8.5,53756100,7.678476634,6.574331088,156864730,72.13234457,0.752732552,0.758582844,-0.005850291,54.51491587
TRUE,2023-03-29 00:00:00,8.121030807,8.5,8.600000381,8.300000191,8.600000381,65817500,7.756716955,6.649847516,160155605,69.69452261,0.726514017,0.752169078,-0.025655062,53.92869442
TRUE,2023-03-30 00:00:00,7.882176399,8.25,8.5,8.199999809,8.449999809,85415100,7.803696292,6.712598594,164426360,63.88189179,0.677750047,0.737285272,-0.059535225,52.95436697
TRUE,2023-03-31 00:00:00,8.025488853,8.399999619,8.399999619,8.25,8.300000191,42881100,7.860487085,6.778771183,166570415,65.72877144,0.643786792,0.718585576,-0.074798784,52.04963433
TRUE,2023-04-03 00:00:00,7.977718353,8.350000381,8.399999619,8.300000191,8.399999619,14308100,7.907107399,6.840388014,128041960,64.54401927,0.60585226,0.696038913,-0.090186653,51.20952545
TRUE,2023-04-04 00:00:00,7.786633968,8.149999619,8.399999619,8.100000381,8.399999619,49743900,7.930239992,6.891745332,89177485,59.89346819,0.553272696,0.66748567,-0.114212973,49.49553503
TRUE,2023-04-05 00:00:00,7.786633968,8.149999619,8.25,8.050000191,8.149999619,37773600,7.95116948,6.941088637,83195890,59.89346819,0.505772779,0.635143092,-0.129370312,47.68155327
TRUE,2023-04-07 00:00:00,7.882176399,8.25,8.25,8.100000381,8.149999619,10761500,7.979629529,6.992418495,78531250,61.50198684,0.470771191,0.602268711,-0.131497521,45.99714163
TRUE,2023-04-10 00:00:00,7.786633968,8.149999619,8.300000191,8.100000381,8.199999809,32555400,7.995855252,7.037813833,75583805,58.95562047,0.430006142,0.567816198,-0.137810056,44.58270103
TRUE,2023-04-11 00:00:00,7.834404945,8.199999809,8.199999809,8.149999619,8.149999619,12780300,8.015297591,7.083389754,70439180,59.85070561,0.397155977,0.533684153,-0.136528176,43.2692919
TRUE,2023-04-12 00:00:00,7.834404945,8.199999809,8.199999809,8.050000191,8.149999619,35610500,8.032888278,7.127178383,61637925,59.85070561,0.366892675,0.500325858,-0.133433183,41.5072787
TRUE,2023-04-17 00:00:00,7.834404945,8.199999809,8.300000191,8.100000381,8.149999619,30569900,8.048803662,7.169249812,57056440,59.85070561,0.339000997,0.468060886,-0.129059889,40.22498239
TRUE,2023-04-18 00:00:00,7.738864422,8.100000381,8.25,8,8.149999619,51209100,8.05367954,7.205749834,54121400,56.75881664,0.305308121,0.435510333,-0.130202211,38.49142082
TRUE,2023-04-19 00:00:00,7.595551968,7.949999809,8.050000191,7.849999905,8,75762600,8.04380528,7.234936108,52187645,52.38703448,0.263465417,0.40110135,-0.137635933,36.13308748
TRUE,2023-04-20 00:00:00,7.643322468,8,8.050000191,7.900000095,7.900000095,29573300,8.039633349,7.264938613,53149985,53.66809247,0.231668835,0.367214847,-0.135546011,33.94320651
TRUE,2023-04-21 00:00:00,7.738864422,8.100000381,8.100000381,7.949999809,8.050000191,33234600,8.04538259,7.297686134,49839320,56.20598375,0.212094122,0.336190702,-0.12409658,32.13769593
TRUE,2023-04-24 00:00:00,7.595551968,7.949999809,8.050000191,7.900000095,8,22393800,8.036298516,7.323267062,44805360,51.63690176,0.182374923,0.305427546,-0.123052623,30.18884453
TRUE,2023-04-25 00:00:00,7.356697559,7.699999809,7.900000095,7.650000095,7.900000095,56761200,8.004270067,7.338040895,42949500,45.06200833,0.137069283,0.271755893,-0.13468661,28.87582607
TRUE,2023-04-26 00:00:00,7.500010014,7.849999905,7.949999809,7.650000095,7.699999809,32055400,7.989577671,7.358117719,40858750,49.23838963,0.111977189,0.239800152,-0.127822964,27.3923307
TRUE,2023-04-27 00:00:00,7.691093445,8.050000191,8.050000191,7.800000191,7.849999905,51598700,7.995332197,7.385250365,41228085,54.23405731,0.106996486,0.213239419,-0.106242934,25.50105966
TRUE,2023-04-28 00:00:00,7.595551968,7.949999809,8.100000381,7.849999905,8.100000381,39585700,7.991014826,7.407397402,40519565,51.50469797,0.093897654,0.189371066,-0.095473412,23.8635256
TRUE,2023-05-02 00:00:00,7.738864422,8.100000381,8.100000381,7.849999905,7.849999905,30951200,8.001394403,7.434558303,38776250,55.15072583,0.094530835,0.17040302,-0.075872185,22.34295825
TRUE,2023-05-03 00:00:00,7.643322468,8,8.100000381,7.900000095,8.050000191,40369000,8.001261603,7.456732487,36523945,52.32627784,0.085972404,0.153516897,-0.067544492,20.93100286
TRUE,2023-05-08 00:00:00,7.929947853,8.300000191,8.350000381,8,8,78055600,8.029712897,7.489801809,38282670,59.09441986,0.102218978,0.143257313,-0.041038335,20.85591451
TRUE,2023-05-09 00:00:00,7.786633968,8.149999619,8.350000381,8.100000381,8.25,37292500,8.041168775,7.515691919,39431890,54.89778403,0.101817028,0.134969256,-0.033152228,20.78618962
TRUE,2023-05-10 00:00:00,7.786633968,8.149999619,8.25,8.050000191,8.100000381,34223000,8.051533617,7.540566731,38655845,54.89778403,0.100341803,0.128043765,-0.027701963,20.38262549
TRUE,2023-05-11 00:00:00,7.356697559,7.699999809,8.050000191,7.650000095,8,148924400,8.018054207,7.546819009,44213385,44.02093994,0.062145082,0.114864029,-0.052718946,19.93635957
TRUE,2023-05-12 00:00:00,7.308927059,7.650000095,7.75,7.400000095,7.599999905,108007200,7.983001435,7.550865326,49075670,43.00147725,0.027522089,0.097395641,-0.069873551,20.4181208
TRUE,2023-05-15 00:00:00,6.735677719,7.050000191,7.650000095,6.949999809,7.650000095,179586600,7.894144173,7.531223556,56427230,33.09634275,-0.047781069,0.068360299,-0.116141368,22.02140055
TRUE,2023-05-16 00:00:00,6.878990173,7.199999809,7.300000191,7,7.050000191,92777000,7.828035186,7.518234389,60427065,37.00312889,-0.094268975,0.035834444,-0.130103419,23.51016031
TRUE,2023-05-17 00:00:00,6.640136242,6.949999809,7.25,6.900000095,7.199999809,109777300,7.744412769,7.49595068,64135405,33.49274173,-0.149559854,-0.001244415,-0.148315438,25.11224112
TRUE,2023-05-18 00:00:00,6.353512287,6.650000095,7.099999905,6.599999905,7.050000191,123439500,7.640182991,7.462776147,68778885,29.83503685,-0.215106133,-0.044016759,-0.171089374,27.17189795
TRUE,2023-05-19 00:00:00,6.066887379,6.349999905,6.650000095,6.300000191,6.650000095,168241400,7.517308411,7.419137863,74630500,26.69539773,-0.287940343,-0.092801476,-0.195138867,29.53699949
TRUE,2023-05-22 00:00:00,6.640136242,6.949999809,6.949999809,6.25,6.300000191,139302600,7.463279021,7.400740293,77807500,40.24030049,-0.293859571,-0.133013095,-0.160846476,30.25577579
TRUE,2023-05-23 00:00:00,6.544594765,6.849999905,7,6.75,6.900000095,80208600,7.404871486,7.37914263,80339265,38.94857765,-0.303125516,-0.167035579,-0.136089937,30.69748425
TRUE,2023-05-24 00:00:00,6.449053288,6.75,6.900000095,6.699999809,6.800000191,49605066,7.342502773,7.35447037,81157788.3,37.64713585,-0.314907938,-0.196610051,-0.118297887,31.21568794
TRUE,2023-05-25 00:00:00,6.353512287,6.650000095,6.75,6.550000191,6.75,67552700,7.276550137,7.326844085,83415733.3,36.33947106,-0.328527687,-0.222993578,-0.105534109,32.01330914
TRUE,2023-05-26 00:00:00,6.305740833,6.599999905,6.699999809,6.449999809,6.699999809,94004500,7.212116781,7.298340392,85277898.3,35.67227713,-0.339443144,-0.246283491,-0.093159652,32.95463381
TRUE,2023-05-29 00:00:00,6.544594765,6.849999905,6.900000095,6.599999905,6.699999809,70203600,7.17762946,7.280758412,87185308.3,41.4596544,-0.324183822,-0.261863557,-0.062320265,32.84306404
TRUE,2023-05-30 00:00:00,6.449053288,6.75,6.900000095,6.650000095,6.849999905,81722700,7.136902845,7.259944356,88691508.3,39.91283211,-0.316511311,-0.272793108,-0.043718203,32.73946353
TRUE,2023-05-31 00:00:00,6.544594765,6.849999905,6.949999809,6.550000191,6.650000095,67577600,7.109578755,7.243868103,90091103.3,42.23382104,-0.298915917,-0.27801767,-0.020898247,32.8992358
TRUE,2023-06-01 00:00:00,6.305740833,6.599999905,6.849999905,6.550000191,6.849999905,78309700,7.061047436,7.21861837,92459028.3,38.25541291,-0.301666923,-0.28274752,-0.018919403,33.04759577
TRUE,2023-06-02 00:00:00,6.305740833,6.599999905,6.699999809,6.5,6.650000095,44545300,7.017138147,7.194358823,92667843.3,38.25541291,-0.30038447,-0.28627491,-0.01410956,33.32190401
TRUE,2023-06-06 00:00:00,6.257970333,6.550000191,6.650000095,6.5,6.650000095,25754900,6.972648818,7.169089857,90052808.3,37.43741592,-0.299945095,-0.289008947,-0.010936148,33.57661881
TRUE,2023-06-07 00:00:00,6.544594765,6.849999905,6.849999905,6.550000191,6.599999905,74611000,6.960967969,7.156576525,91918733.3,45.0320423,-0.272251077,-0.285657373,0.013406296,32.63966726
TRUE,2023-06-08 00:00:00,6.640136242,6.949999809,6.949999809,6.699999809,6.800000191,60682900,6.959923383,7.148475477,93241728.3,47.32734705,-0.239473708,-0.27642064,0.036946932,31.24735678
TRUE,2023-06-09 00:00:00,6.735677719,7.050000191,7.050000191,6.849999905,6.949999809,71584800,6.968502126,7.144613701,89374748.3,49.59407349,-0.203087149,-0.261753942,0.058666793,29.45859394
TRUE,2023-06-12 00:00:00,6.544594765,6.849999905,7,6.75,7,58143100,6.9572162,7.133060219,86881543.3,45.3871867,-0.188219217,-0.247046997,0.05882778,28.21286646
TRUE,2023-06-13 00:00:00,6.544594765,6.849999905,7,6.849999905,6.900000095,31684400,6.947005125,7.121959815,79486433.3,45.3871867,-0.174425604,-0.232522718,0.058097115,27.0561195
TRUE,2023-06-14 00:00:00,6.544594765,6.849999905,6.900000095,6.75,6.849999905,55389100,6.937766532,7.11129472,77617038.3,45.3871867,-0.161630885,-0.218344352,0.056713466,26.40345936
TRUE,2023-06-15 00:00:00,6.401282787,6.699999809,6.849999905,6.650000095,6.800000191,35105200,6.915122082,7.095165508,73883433.3,42.04621412,-0.161730406,-0.207021563,0.045291157,26.19233789
TRUE,2023-06-16 00:00:00,6.305740833,6.599999905,6.849999905,6.650000095,6.75,51632000,6.885110446,7.075747249,70293058.3,39.93567499,-0.167942497,-0.199205749,0.031263253,25.99629652
TRUE,2023-06-19 00:00:00,6.353512287,6.650000095,6.75,6.550000191,6.599999905,35999400,6.862718984,7.059051282,63680958.3,41.5164037,-0.166907025,-0.192746005,0.025838979,26.21046867
TRUE,2023-06-20 00:00:00,6.401282787,6.699999809,6.849999905,6.650000095,6.699999809,28171400,6.84722192,7.044970832,58124398.3,43.12822924,-0.160205103,-0.186237824,0.026032721,25.74239405
TRUE,2023-06-21 00:00:00,6.257970333,6.550000191,6.75,6.550000191,6.699999809,42923600,6.818915089,7.025560219,56260148.3,39.60201597,-0.165094392,-0.182009138,0.016914746,25.72275625
TRUE,2023-06-22 00:00:00,5.73249197,6,6.599999905,5.949999809,6.599999905,220021300,6.740923176,6.985342171,64780960,29.93683146,-0.210918273,-0.187790965,-0.023127308,27.39994072
TRUE,2023-06-23 00:00:00,5.875804424,6.150000095,6.199999809,5.949999809,6.050000191,88574700,6.684644787,6.952583658,65832060,34.62313408,-0.232450727,-0.196722917,-0.03572781,28.95732629
TRUE,2023-06-26 00:00:00,5.875804424,6.150000095,6.300000191,6.099999905,6.150000095,39873700,6.633726245,6.921109793,63125520,34.62313408,-0.246671872,-0.206712708,-0.039959164,29.78547364
TRUE,2023-06-27 00:00:00,5.828033447,6.099999905,6.25,6,6.150000095,49227600,6.582895165,6.888909405,62076720,33.75042539,-0.258991339,-0.217168434,-0.041822905,30.80405583
TRUE,2023-06-28 00:00:00,5.923574448,6.199999809,6.25,6.050000191,6.050000191,62034000,6.546428941,6.861893343,61092285,37.16187342,-0.257714674,-0.225277682,-0.032436992,31.74988214
TRUE,2023-06-29 00:00:00,6.019116879,6.300000191,6.5,6.199999809,6.25,83541300,6.522959536,6.839858317,61890470,40.46348392,-0.24580028,-0.229382202,-0.016418079,31.13001587
TRUE,2023-06-30 00:00:00,6.257970333,6.550000191,6.849999905,6.449999809,6.449999809,149325300,6.525534836,6.828491332,65441250,47.84166579,-0.213721479,-0.226250057,0.012528579,28.97197769
TRUE,2023-07-03 00:00:00,6.210199356,6.5,6.599999905,6.400000095,6.550000191,41149100,6.523102947,6.815609319,65271440,46.59787207,-0.190141561,-0.219028358,0.028886797,27.15880176
TRUE,2023-07-04 00:00:00,6.353512287,6.650000095,6.800000191,6.449999809,6.5,56840600,6.53518839,6.809114839,66825725,50.73575725,-0.157534592,-0.206729605,0.049195013,25.73221036
TRUE,2023-07-05 00:00:00,6.353512287,6.650000095,6.75,6.550000191,6.599999905,44232600,6.546122838,6.802875046,65306805,50.73575725,-0.130192555,-0.191422195,0.06122964,24.40751835
TRUE,2023-07-06 00:00:00,6.210199356,6.5,6.599999905,6.449999809,6.550000191,45529000,6.541730187,6.790997593,64549110,46.55234378,-0.119252875,-0.176988331,0.057735456,22.74194588
TRUE,2023-07-07 00:00:00,6.162428856,6.449999809,6.5,6.349999905,6.400000095,42639800,6.53299396,6.777625131,63101860,45.21403981,-0.113311513,-0.164252967,0.050941454,21.45648936
TRUE,2023-07-10 00:00:00,6.210199356,6.5,6.550000191,6.349999905,6.400000095,24308600,6.529851678,6.766737871,61410135,46.85926538,-0.103376681,-0.15207771,0.048701029,20.03731787
TRUE,2023-07-11 00:00:00,6.257970333,6.550000191,6.650000095,6.5,6.5,28371900,6.531770584,6.758238354,61244510,48.52400237,-0.09042628,-0.139747424,0.049321144,18.93504199
TRUE,2023-07-12 00:00:00,6.210199356,6.5,6.650000095,6.400000095,6.599999905,45408100,6.528744814,6.74811136,60745460,46.940388,-0.083238074,-0.128445554,0.04520748,17.71392982
TRUE,2023-07-13 00:00:00,6.353512287,6.650000095,6.699999809,6.5,6.550000191,40137900,6.540292936,6.744263859,60997095,52.00127961,-0.064691888,-0.115694821,0.051002933,16.55083542
TRUE,2023-07-14 00:00:00,6.544594765,6.849999905,6.949999809,6.699999809,6.699999809,79909800,6.569788838,6.748410371,62410985,57.78318711,-0.033469769,-0.09924981,0.065780041,16.50871035
TRUE,2023-07-17 00:00:00,6.592366219,6.900000095,6.949999809,6.800000191,6.900000095,56134100,6.601237529,6.754355066,63417720,59.10933635,-0.004637955,-0.080327439,0.075689485,16.46959421
TRUE,2023-07-18 00:00:00,6.640136242,6.949999809,7.050000191,6.800000191,6.849999905,134517100,6.634452984,6.762027409,68735005,60.44735758,0.021992509,-0.05986345,0.081855959,16.81750351
TRUE,2023-07-19 00:00:00,6.735677719,7.050000191,7.099999905,6.900000095,7,60946600,6.674028909,6.773320459,69636155,63.05144255,0.050583444,-0.037774071,0.088357515,17.32775917
TRUE,2023-07-20 00:00:00,6.592366219,6.900000095,7.050000191,6.849999905,7,40100100,6.695549974,6.778288288,60640095,56.99029173,0.060441481,-0.018130961,0.078572441,17.49486987
TRUE,2023-07-21 00:00:00,6.687907219,7,7.099999905,6.800000191,6.900000095,26883900,6.724545215,6.786982865,57555555,59.76702967,0.075453422,0.000585916,0.074867506,17.65004409
TRUE,2023-07-24 00:00:00,6.592366219,6.900000095,7.050000191,6.849999905,7,40858400,6.741255203,6.791414913,57604790,55.88174337,0.078377846,0.016144302,0.062233544,17.79413444
TRUE,2023-07-25 00:00:00,6.496823788,6.800000191,6.900000095,6.75,6.849999905,50013800,6.746849964,6.791751591,57644100,52.22555075,0.071798666,0.027275175,0.044523491,17.24725103
TRUE,2023-07-26 00:00:00,6.640136242,6.949999809,6.949999809,6.800000191,6.849999905,15980600,6.766197568,6.797957403,55341430,56.79218926,0.077791601,0.03737846,0.040413141,17.00334579
TRUE,2023-07-27 00:00:00,6.878990173,7.199999809,7.300000191,6.900000095,7,99777600,6.807512068,6.813723772,56153245,63.11966315,0.101543426,0.050211453,0.051331973,18.23318939
TRUE,2023-07-31 00:00:00,6.92676115,7.25,7.300000191,7.150000095,7.199999809,13658500,6.849653775,6.830832644,49369905,64.24736047,0.122983836,0.06476593,0.058217906,19.37518701
TRUE,2023-08-02 00:00:00,6.831219673,7.150000095,7.25,7.099999905,7.150000095,31529400,6.878258187,6.843349014,48888920,60.27758349,0.130403151,0.077893374,0.052509777,20.07394627
TRUE,2023-08-03 00:00:00,6.592366219,6.900000095,7.150000095,6.849999905,7.150000095,84710300,6.880328845,6.845570625,50282405,51.68030504,0.11478691,0.085272081,0.029514829,19.16521528
TRUE,2023-08-04 00:00:00,6.544594765,6.849999905,6.949999809,6.75,6.900000095,60533600,6.877440374,6.845744322,51097455,50.14000314,0.097255231,0.087668711,0.00958652,17.80152579
TRUE,2023-08-07 00:00:00,6.592366219,6.900000095,7.050000191,6.800000191,6.849999905,31912400,6.879588919,6.847872,50416625,51.69059381,0.086399882,0.087414945,-0.001015063,17.02091827
TRUE,2023-08-08 00:00:00,6.353512287,6.650000095,6.900000095,6.599999905,6.900000095,76430500,6.857723317,6.840112317,52106160,44.2763076,0.056967346,0.081325425,-0.02435808,16.28998813
TRUE,2023-08-09 00:00:00,6.496823788,6.800000191,6.800000191,6.599999905,6.650000095,34407100,6.852225876,6.838539293,52611085,49.00281398,0.045224285,0.074105197,-0.028880912,15.6112673
TRUE,2023-08-10 00:00:00,6.496823788,6.800000191,6.849999905,6.650000095,6.75,46704000,6.847252001,6.837027955,53527690,49.00281398,0.035508505,0.066385859,-0.030877354,14.70843792
TRUE,2023-08-11 00:00:00,6.353512287,6.650000095,6.800000191,6.599999905,6.800000191,74356400,6.828466106,6.82969353,54975105,44.61405779,0.015525951,0.056213877,-0.040687926,14.12694215
TRUE,2023-08-15 00:00:00,6.353512287,6.650000095,6.75,6.599999905,6.650000095,28725900,6.811469343,6.822646728,54404505,44.61405779,-0.000306829,0.044909736,-0.045216565,13.58698179
TRUE,2023-08-16 00:00:00,6.353512287,6.650000095,6.699999809,6.550000191,6.599999905,41086200,6.796091319,6.815876272,52463325,44.61405779,-0.012707933,0.033386202,-0.046094135,13.36060799
TRUE,2023-08-17 00:00:00,6.449053288,6.75,6.849999905,6.599999905,6.650000095,65085500,6.79170167,6.813292889,52910895,48.4577278,-0.014301877,0.023848586,-0.038150463,12.58883037
TRUE,2023-08-18 00:00:00,6.496823788,6.800000191,6.849999905,6.699999809,6.75,37672500,6.792492005,6.812771607,48068665,50.31439427,-0.01139909,0.016799051,-0.028198141,11.87217973
TRUE,2023-08-21 00:00:00,6.592366219,6.900000095,6.900000095,6.699999809,6.849999905,39065100,6.802730871,6.816192332,46974590,53.89174582,-0.001017722,0.013235696,-0.014253419,11.50913347
TRUE,2023-08-22 00:00:00,6.735677719,7.050000191,7.050000191,6.800000191,6.949999809,90342600,6.82628033,6.825361267,49486715,58.69574038,0.019093246,0.014407206,0.004686039,11.99155853
TRUE,2023-08-23 00:00:00,6.592366219,6.900000095,7.050000191,6.849999905,7,87169800,6.83330126,6.82828828,52501010,52.77425547,0.022666295,0.016059024,0.006607271,12.43952466
TRUE,2023-08-24 00:00:00,6.640136242,6.949999809,7,6.849999905,6.900000095,51422500,6.844415407,6.833061281,53029215,54.42474883,0.029195969,0.018686413,0.010509556,12.85549321
TRUE,2023-08-25 00:00:00,6.687907219,7,7,6.949999809,6.949999809,30208900,6.859232988,6.839607898,52038970,56.07787916,0.037967712,0.022542673,0.015425039,13.24174973
TRUE,2023-08-28 00:00:00,6.640136242,6.949999809,7.050000191,6.900000095,7,39496100,6.867877447,6.843936992,53214745,53.96967573,0.040418861,0.02611791,0.01430095,13.90577642
TRUE,2023-08-29 00:00:00,6.592366219,6.900000095,7,6.849999905,6.949999809,32565900,6.870936747,6.846135545,49854160,51.86969565,0.037890081,0.028472345,0.009417736,14.05565751
TRUE,2023-08-30 00:00:00,6.687907219,7,7.050000191,6.900000095,6.949999809,30517500,6.883228485,6.852169445,50697110,55.59145795,0.043454248,0.031468725,0.011985523,14.52065016
TRUE,2023-08-31 00:00:00,6.592366219,6.900000095,7,6.900000095,7,28421300,6.884825781,6.854045157,50541705,51.31795462,0.039341233,0.033043227,0.006298006,14.95242904
TRUE,2023-09-01 00:00:00,6.544594765,6.849999905,6.949999809,6.849999905,6.900000095,22977700,6.881509031,6.85388652,47455075,49.27815647,0.031681833,0.032770948,-0.001089115,14.84311654
TRUE,2023-09-04 00:00:00,6.449053288,6.75,6.900000095,6.699999809,6.900000095,27318400,6.868984362,6.849812539,45794315,45.39208656,0.017342631,0.029685285,-0.012342653,14.12583159
TRUE,2023-09-05 00:00:00,6.401282787,6.699999809,6.800000191,6.650000095,6.699999809,20848700,6.852890595,6.84393753,45241130,43.5431061,0.001921958,0.024132619,-0.022210661,13.83058057
TRUE,2023-09-06 00:00:00,6.401282787,6.699999809,6.849999905,6.650000095,6.800000191,36982300,6.838329568,6.838292913,43268720,43.5431061,-0.010181669,0.017269762,-0.02745143,13.12063506
TRUE,2023-09-07 00:00:00,6.496823788,6.800000191,6.849999905,6.699999809,6.75,28395700,6.834679151,6.836791238,42968150,48.41681608,-0.011571298,0.01150155,-0.023072848,12.46139994
TRUE,2023-09-08 00:00:00,6.735677719,7.050000191,7.050000191,6.849999905,6.900000095,63231200,6.855185916,6.845152373,43794510,58.14466032,0.007414847,0.010684209,-0.003269362,12.81205967
TRUE,2023-09-11 00:00:00,6.687907219,7,7.099999905,7,7.050000191,39218900,6.868977734,6.851224829,42037635,55.87509306,0.018216914,0.01219075,0.006026164,13.44589096
TRUE,2023-09-12 00:00:00,6.783448696,7.099999905,7.099999905,7,7.050000191,46973200,6.890979845,6.860980715,42950000,59.29702946,0.034449671,0.016642534,0.017807137,14.03444859
TRUE,2023-09-13 00:00:00,6.735677719,7.050000191,7.099999905,6.949999809,7.099999905,46027200,6.90612464,6.868393243,43197050,56.92015196,0.042786474,0.021871322,0.020915151,14.08460264
TRUE,2023-09-14 00:00:00,6.92676115,7.25,7.300000191,7,7.050000191,103605400,6.938874674,6.883358214,45123045,63.26349806,0.064784962,0.03045405,0.034330912,15.33357522
TRUE,2023-09-15 00:00:00,7.022302628,7.349999905,7.449999809,7.25,7.349999905,154622500,6.978029458,6.901657888,50970545,65.96223163,0.089259155,0.042215071,0.047044084,17.16556766
TRUE,2023-09-18 00:00:00,7.213386059,7.550000191,7.599999905,7.25,7.300000191,126018900,7.032502861,6.927083076,55318235,70.6121538,0.123371333,0.058446324,0.06492501,19.41053532
TRUE,2023-09-19 00:00:00,7.308927059,7.650000095,7.699999809,7.449999809,7.550000191,100254100,7.091312122,6.955432763,55813810,72.625785,0.156668658,0.07809079,0.078577868,21.80639493
TRUE,2023-09-20 00:00:00,7.213386059,7.550000191,7.650000095,7.449999809,7.599999905,77935300,7.1349967,6.978749133,55352085,67.63500546,0.172993707,0.097071374,0.075922334,24.03112171
TRUE,2023-09-21 00:00:00,7.308927059,7.650000095,7.75,7.5,7.5,131721500,7.184044642,7.0050727,59367035,69.86514164,0.19178975,0.116015049,0.075774701,26.39774148
TRUE,2023-09-22 00:00:00,7.261156559,7.599999905,7.699999809,7.550000191,7.599999905,61507400,7.223659429,7.028403179,60931960,67.36565322,0.200341738,0.132880387,0.067461351,28.59531698
TRUE,2023-09-25 00:00:00,7.165614605,7.5,7.699999809,7.5,7.650000095,44988700,7.249977579,7.046897172,61206590,62.54613453,0.196781715,0.145660653,0.051121063,30.08198364
TRUE,2023-09-26 00:00:00,6.974532127,7.300000191,7.650000095,7.050000191,7.449999809,224155600,7.254741637,7.05682278,70786075,54.19510724,0.175795597,0.151687641,0.024107955,28.00974919
TRUE,2023-09-27 00:00:00,6.974532127,7.300000191,7.400000095,7.199999809,7.349999905,52007100,7.259051975,7.066359149,71860555,54.19510724,0.157350112,0.152820135,0.004529977,26.08553149
TRUE,2023-09-28 00:00:00,6.687907219,7,7.300000191,7,7.25,131195100,7.234380359,7.06375683,76999245,43.97975112,0.117173719,0.145690852,-0.028517133,25.17764394
TRUE,2023-09-29 00:00:00,6.783448696,7.099999905,7.150000095,7.050000191,7.050000191,48149500,7.22158222,7.065178127,78257835,47.53006459,0.092338375,0.135020357,-0.042681982,24.33460549
TRUE,2023-10-02 00:00:00,6.687907219,7,7.150000095,7,7.150000095,29909800,7.200479152,7.062622122,78387405,44.4933665,0.063850995,0.120786484,-0.056935489,23.79799544
TRUE,2023-10-03 00:00:00,6.544594765,6.849999905,6.949999809,6.800000191,6.900000095,69088700,7.167100176,7.054283996,80799405,40.33092601,0.028838357,0.102396859,-0.073558502,24.16908976
TRUE,2023-10-04 00:00:00,6.592366219,6.900000095,7,6.650000095,6.75,80243600,7.141662073,7.048233647,82962470,42.26967499,0.005066779,0.082930843,-0.077864064,25.04975792
TRUE,2023-10-05 00:00:00,6.640136242,6.949999809,7,6.849999905,7,30344400,7.123408524,7.044381339,83059905,44.22140785,-0.009626836,0.064419307,-0.074046143,25.86752121
TRUE,2023-10-06 00:00:00,6.544594765,6.849999905,7,6.800000191,7,28902700,7.097369608,7.036758538,81343480,41.21989631,-0.029006421,0.045734162,-0.074740582,26.80493351
TRUE,2023-10-09 00:00:00,6.496823788,6.800000191,6.900000095,6.75,6.800000191,39069600,7.069048711,7.027473897,81336015,39.76652136,-0.047847879,0.027017753,-0.074865633,27.85214668
TRUE,2023-10-10 00:00:00,6.544594765,6.849999905,6.949999809,6.800000191,6.849999905,23873000,7.04818692,7.020514133,80181005,41.96999602,-0.05807585,0.009999033,-0.068074883,28.4016432
TRUE,2023-10-11 00:00:00,6.783448696,7.099999905,7.050000191,6.900000095,6.900000095,71486800,7.05312149,7.023631222,81453985,51.51974916,-0.045484364,-0.001097647,-0.044386718,28.11128227
TRUE,2023-10-12 00:00:00,6.783448696,7.099999905,7.099999905,7,7.099999905,25408700,7.057586101,7.026626072,77544150,51.51974916,-0.0351009,-0.007898297,-0.027202602,27.463074
TRUE,2023-10-16 00:00:00,6.592366219,6.900000095,7.099999905,6.800000191,7,37458500,7.04257791,7.021660347,71685950,44.69539899,-0.042520097,-0.014822657,-0.02769744,27.75836419
TRUE,2023-10-17 00:00:00,6.544594765,6.849999905,7,6.849999905,6.900000095,9776400,7.024237147,7.014928565,65873825,43.15632746,-0.051836918,-0.022225509,-0.029611409,28.03256223
TRUE,2023-10-18 00:00:00,6.544594765,6.849999905,6.949999809,6.75,6.849999905,21160400,7.007643124,7.008460775,61919140,43.15632746,-0.058545688,-0.029489545,-0.029056143,28.69044847
TRUE,2023-10-19 00:00:00,6.496823788,6.800000191,6.849999905,6.699999809,6.75,21783900,6.987867607,7.00028585,59111570,41.49903479,-0.067123241,-0.037016284,-0.030106956,29.49209077
TRUE,2023-10-20 00:00:00,6.257970333,6.550000191,6.75,6.449999809,6.699999809,72547500,6.946165948,6.982627589,56152870,34.38818974,-0.093021628,-0.048217353,-0.044804275,31.03654775
TRUE,2023-10-24 00:00:00,6.257970333,6.550000191,6.599999905,6.400000095,6.550000191,29261300,6.908435876,6.965661808,54540565,34.38818974,-0.112252312,-0.061024345,-0.051227967,32.60547379
TRUE,2023-10-25 00:00:00,6.305740833,6.599999905,6.699999809,6.550000191,6.599999905,29503300,6.879061022,6.951322126,53766295,36.89623499,-0.122051277,-0.073229731,-0.048821546,33.22345962
TRUE,2023-10-26 00:00:00,6.066887379,6.349999905,6.599999905,6.25,6.550000191,51198600,6.828674249,6.927740862,45118445,30.598184,-0.148280651,-0.088239915,-0.060040736,34.63108145
TRUE,2023-10-27 00:00:00,6.210199356,6.5,6.5,6.300000191,6.400000095,20532900,6.797371939,6.910966711,43544735,37.49251823,-0.155175103,-0.101626953,-0.05354815,35.93815886
TRUE,2023-10-30 00:00:00,6.257970333,6.550000191,6.550000191,6.349999905,6.400000095,29773000,6.773812725,6.896811161,38473630,39.64480897,-0.154819743,-0.112265511,-0.042554232,36.74781897
TRUE,2023-10-31 00:00:00,5.780262947,6.050000191,6.050000191,5.75,6,192915100,6.704878198,6.863602888,45711910,28.92070823,-0.192663039,-0.128345017,-0.064318023,38.71768976
TRUE,2023-11-01 00:00:00,5.780262947,6.050000191,6.25,6.050000191,6.050000191,63584900,6.642508864,6.8316969,47395665,28.92070823,-0.220116755,-0.146699364,-0.073417391,39.32589905
TRUE,2023-11-02 00:00:00,5.875804424,6.150000095,6.199999809,6.099999905,6.150000095,16053800,6.595603267,6.804963692,44743920,33.11721431,-0.231140423,-0.163587576,-0.067552847,39.89066481
TRUE,2023-11-03 00:00:00,5.875804424,6.150000095,6.25,6.150000095,6.199999809,17881500,6.55316487,6.779278845,41625815,33.11721431,-0.237143121,-0.178298685,-0.058844436,40.10719378
TRUE,2023-11-06 00:00:00,5.923574448,6.199999809,6.349999905,6.150000095,6.25,31382700,6.519530102,6.75656202,41677730,35.33121015,-0.235155023,-0.189669953,-0.04548507,39.70269879
TRUE,2023-11-07 00:00:00,5.780262947,6.050000191,6.25,6,6.150000095,28455000,6.474812968,6.728853713,41655345,31.9176989,-0.242883348,-0.200312632,-0.042570717,39.73654912
TRUE,2023-11-08 00:00:00,5.541409492,5.800000191,6.050000191,5.550000191,6,234970800,6.410545084,6.692428084,51450405,27.20077712,-0.266113423,-0.21347279,-0.052640633,40.70924354
TRUE,2023-11-09 00:00:00,5.541409492,5.800000191,5.849999905,5.699999809,5.849999905,39076700,6.352397951,6.657430912,52210590,27.20077712,-0.281280992,-0.22703443,-0.054246561,41.61245979
TRUE,2023-11-10 00:00:00,5.493638039,5.75,5.849999905,5.650000095,5.650000095,22739000,6.295026718,6.621845386,49773200,26.29926467,-0.293947553,-0.240417055,-0.053530498,42.54312507
TRUE,2023-11-13 00:00:00,5.589179516,5.849999905,5.900000095,5.699999809,5.75,195142900,6.252643212,6.591576936,58259910,31.20980796,-0.292544466,-0.250842537,-0.041701929,43.08845246
TRUE,2023-11-14 00:00:00,5.541409492,5.800000191,5.900000095,5.699999809,5.900000095,220001200,6.209534353,6.560534711,67387045,30.12888823,-0.292099923,-0.259094014,-0.033005909,43.59482789
TRUE,2023-11-15 00:00:00,5.684720516,5.949999809,6,5.800000191,5.900000095,41824600,6.184816777,6.536592165,68989455,37.16031806,-0.276457079,-0.262566627,-0.013890452,43.39185367
TRUE,2023-11-16 00:00:00,5.73249197,6,6,5.849999905,5.900000095,231245000,6.167215179,6.515549335,79493685,39.35127508,-0.257062162,-0.261465734,0.004403572,43.2033776
TRUE,2023-11-17 00:00:00,5.828033447,6.099999905,6.099999905,5.900000095,5.949999809,29885900,6.160813725,6.499253279,79898785,43.58758005,-0.230960031,-0.255364593,0.024404563,42.34627375
TRUE,2023-11-20 00:00:00,5.73249197,6,6.150000095,5.949999809,6.099999905,42144100,6.145498132,6.479674719,78378615,40.53817954,-0.21585482,-0.247462639,0.031607819,41.22009454
TRUE,2023-11-21 00:00:00,5.73249197,6,6.050000191,5.900000095,6.050000191,24669200,6.131641167,6.460863946,78149010,40.53817954,-0.201560369,-0.238282185,0.036721816,40.36612454
TRUE,2023-11-22 00:00:00,5.73249197,6,6.050000191,5.900000095,5.949999809,14056100,6.119103913,6.44279085,77376650,40.53817954,-0.188064029,-0.228238554,0.040174525,39.57315239
TRUE,2023-11-23 00:00:00,5.684720516,5.949999809,6.050000191,5.949999809,6.050000191,6244500,6.10299876,6.423465711,75128945,38.84122296,-0.179335413,-0.218457925,0.039122513,38.83682111
TRUE,2023-11-24 00:00:00,5.636950493,5.900000095,6,5.849999905,6,19058200,6.083665554,6.402937648,75055210,37.16577765,-0.174441626,-0.209654666,0.03521304,38.57596993
TRUE,2023-11-27 00:00:00,5.73249197,6,6,5.849999905,5.849999905,17543400,6.075697406,6.387136171,74443730,42.50731986,-0.160642323,-0.199852197,0.039209874,38.33375097
TRUE,2023-11-28 00:00:00,5.780262947,6.050000191,6.050000191,5.900000095,6,22009300,6.073250052,6.373915153,65898440,45.02384648,-0.144011603,-0.188684078,0.044672475,37.66187025
TRUE,2023-11-29 00:00:00,5.684720516,5.949999809,6.050000191,5.900000095,6.050000191,27260400,6.061511934,6.357291022,64082215,41.14485203,-0.137317917,-0.178410846,0.041092929,37.03798102
TRUE,2023-11-30 00:00:00,5.350326061,5.599999905,5.900000095,5.550000191,5.900000095,104653000,6.017558407,6.327593331,68512175,31.05895806,-0.15842892,-0.174414461,0.015985541,37.84528738
TRUE,2023-12-01 00:00:00,5.302555084,5.550000191,5.699999809,5.449999809,5.650000095,55371400,5.973029053,6.297099482,70386670,29.93022022,-0.177152002,-0.174961969,-0.002190033,38.88100597
TRUE,2023-12-04 00:00:00,5.350326061,5.599999905,5.699999809,5.5,5.650000095,38289700,5.937502468,6.269762244,70732020,32.5692768,-0.185813677,-0.177132311,-0.008681366,39.84274466
TRUE,2023-12-06 00:00:00,5.302555084,5.550000191,5.599999905,5.449999809,5.5,54433500,5.900597489,6.241536281,72030945,31.29974543,-0.194470936,-0.180600036,-0.0138709,40.88223354
TRUE,2023-12-07 00:00:00,5.063701153,5.300000191,5.550000191,5.300000191,5.5,104695000,5.843397746,6.204613297,65517155,25.86990229,-0.218980515,-0.188276132,-0.030704384,42.24499363
TRUE,2023-12-08 00:00:00,4.920388699,5.150000095,5.349999905,5,5.349999905,209673100,5.777359875,6.163255916,74046975,23.26233247,-0.247653492,-0.200151604,-0.047501889,44.10566974
TRUE,2023-12-12 00:00:00,4.872618198,5.099999905,5.199999809,5.050000191,5.150000095,59824900,5.712849401,6.121559602,75901270,22.45002076,-0.271284433,-0.21437817,-0.056906263,45.83344042
TRUE,2023-12-13 00:00:00,4.824847698,5.050000191,5.150000095,5,5.099999905,69793300,5.649720905,6.079537665,69633790,21.63637657,-0.290695723,-0.22964168,-0.061054043,47.52538676
TRUE,2023-12-14 00:00:00,5.015930653,5.25,5.25,5.050000191,5.099999905,98150700,5.611652247,6.047006776,63541265,32.2185607,-0.286636826,-0.241040709,-0.045596117,48.16538276
TRUE,2023-12-15 00:00:00,4.968159676,5.199999809,5.300000191,5.050000191,5.25,134021000,5.572447253,6.013790816,68151085,31.08828514,-0.284178882,-0.249668344,-0.034510538,48.31525581
TRUE,2023-12-18 00:00:00,4.920388699,5.150000095,5.25,5.050000191,5.150000095,70389100,5.532214191,5.97991667,60108290,29.9565356,-0.283003217,-0.256335318,-0.026667898,48.45442364
TRUE,2023-12-19 00:00:00,4.824847698,5.050000191,5.099999905,5,5.099999905,99622100,5.486289048,5.943449357,63595100,27.7784343,-0.286834205,-0.262435096,-0.024399109,48.74024486
TRUE,2023-12-20 00:00:00,5.15924263,5.400000095,5.449999809,5.099999905,5.150000095,134942500,5.478071052,5.922137622,68235020,43.31367015,-0.258646704,-0.261677417,0.003030713,46.28965478
TRUE,2023-12-21 00:00:00,5.063701153,5.300000191,5.400000095,5.25,5.349999905,43070900,5.461111923,5.897740075,69155105,40.62486561,-0.24159214,-0.257660362,0.016068222,44.01410685
TRUE,2023-12-22 00:00:00,4.920388699,5.150000095,5.300000191,5.050000191,5.300000191,78002000,5.431482225,5.868416939,72352400,36.9223243,-0.237442935,-0.253616877,0.016173942,42.76804717
TRUE,2023-12-25 00:00:00,4.872618198,5.099999905,5.150000095,5.050000191,5.150000095,26455100,5.39991248,5.838282938,73362930,35.75260808,-0.23547485,-0.249988471,0.014513621,41.61099176
TRUE,2023-12-26 00:00:00,4.872618198,5.099999905,5.150000095,5.050000191,5.150000095,39776300,5.371349378,5.809330662,74398835,35.75260808,-0.231249429,-0.246240663,0.014991234,40.53658317
TRUE,2023-12-27 00:00:00,4.824847698,5.050000191,5.150000095,5.050000191,5.099999905,67692100,5.340744693,5.779552996,76906270,34.48555749,-0.229292174,-0.242850965,0.013558791,39.53891804
TRUE,2023-12-28 00:00:00,4.824847698,5.050000191,5.099999905,5.050000191,5.099999905,78133000,5.313054741,5.750943082,79712455,34.48555749,-0.225145696,-0.239309911,0.014164215,38.61251471
TRUE,2024-01-03 00:00:00,5.015930653,5.25,5.25,5.150000095,5.199999809,74494400,5.307049527,5.731298256,82074155,43.73573939,-0.203376867,-0.232123302,0.028746435,36.54515511
TRUE,2024-01-04 00:00:00,4.968159676,5.199999809,5.25,5.150000095,5.199999809,65972700,5.296854316,5.710463022,80140140,42.13406814,-0.187992451,-0.223297132,0.035304681,34.62546405
TRUE,2024-01-05 00:00:00,4.968159676,5.199999809,5.25,5.150000095,5.199999809,65902300,5.287630077,5.690444857,80666685,42.13406814,-0.173796769,-0.21339706,0.03960029,32.84289377
TRUE,2024-01-08 00:00:00,4.968159676,5.199999809,5.25,5.150000095,5.199999809,40222800,5.279284337,5.671211718,80763340,42.13406814,-0.160694207,-0.202856489,0.042162282,31.18764995
TRUE,2024-01-09 00:00:00,4.920388699,5.150000095,5.25,5.150000095,5.25,30501100,5.266971552,5.650772047,79566720,40.29118882,-0.152585974,-0.192802386,0.040216412,29.65063783
TRUE,2024-01-10 00:00:00,4.920388699,5.150000095,5.199999809,5.099999905,5.150000095,65255700,5.255831414,5.631133931,77594755,40.29118882,-0.144494499,-0.183140809,0.03864631,28.61418993
TRUE,2024-01-11 00:00:00,4.920388699,5.150000095,5.150000095,5.099999905,5.150000095,13862300,5.245752241,5.612265937,67804215,40.29118882,-0.136508363,-0.17381432,0.037305956,27.65177403
TRUE,2024-01-12 00:00:00,4.872618198,5.099999905,5.150000095,5.099999905,5.150000095,12842600,5.231871066,5.592177073,65455100,38.20414221,-0.132684387,-0.165588333,0.032903946,26.75810212
TRUE,2024-01-15 00:00:00,4.872618198,5.099999905,5.150000095,5.099999905,5.150000095,27071900,5.219311907,5.572876008,63319030,38.20414221,-0.128176322,-0.158105931,0.029929609,25.92826392
TRUE,2024-01-16 00:00:00,5.015930653,5.25,5.300000191,5.099999905,5.150000095,88800700,5.222234583,5.560214204,62851530,47.64054416,-0.111217844,-0.148728313,0.03751047,24.60998622
TRUE,2024-01-17 00:00:00,5.015930653,5.25,5.300000191,5.150000095,5.300000191,113295800,5.224878908,5.548048941,61815270,47.64054416,-0.096663847,-0.13831542,0.041651573,23.38587122
TRUE,2024-01-18 00:00:00,5.063701153,5.300000191,5.400000095,5.199999809,5.25,75714300,5.232033316,5.538321539,62081530,50.55919468,-0.080170941,-0.126686524,0.046515583,23.12046159
TRUE,2024-01-19 00:00:00,5.20701313,5.449999809,5.449999809,5.300000191,5.349999905,59715900,5.25279203,5.534857941,60086220,58.10421597,-0.054369739,-0.112223167,0.057853429,23.25431061
TRUE,2024-01-22 00:00:00,5.11147213,5.349999905,5.5,5.300000191,5.5,45546400,5.262049923,5.527608607,55616415,52.36669586,-0.041512723,-0.098081079,0.056568355,23.73553481
TRUE,2024-01-23 00:00:00,5.254784107,5.5,5.650000095,5.349999905,5.400000095,123955300,5.284711835,5.526525916,59660635,58.91952267,-0.019000664,-0.082264996,0.063264331,25.06809007
TRUE,2024-01-24 00:00:00,5.589179516,5.849999905,5.849999905,5.5,5.5,86600700,5.338548794,5.539211171,60090570,69.47241496,0.026773741,-0.060457248,0.087230989,27.1397939
TRUE,2024-01-25 00:00:00,5.684720516,5.949999809,5.949999809,5.699999809,5.800000191,119444300,5.396782224,5.555320529,64740030,71.70859555,0.070308965,-0.034304006,0.104612971,29.38642935
TRUE,2024-01-26 00:00:00,5.684720516,5.949999809,6,5.800000191,5.900000095,93305400,5.449469613,5.570798148,67416485,71.70859555,0.103616518,-0.006719901,0.110336419,31.62146138
TRUE,2024-01-29 00:00:00,5.684720516,5.949999809,6,5.849999905,5.949999809,118226200,5.497139155,5.585668801,69943190,71.70859555,0.128531364,0.020330352,0.108201012,33.69684828
TRUE,2024-01-30 00:00:00,5.636950493,5.900000095,5.949999809,5.550000191,5.949999809,233347100,5.535506864,5.597995519,77703895,68.57182939,0.142598216,0.044783925,0.097814291,32.64692033
TRUE,2024-01-31 00:00:00,5.780262947,6.050000191,6.050000191,5.849999905,5.949999809,50447000,5.584506228,5.615721192,76501525,72.46343948,0.163960022,0.068619144,0.095340878,32.16485612
TRUE,2024-02-01 00:00:00,5.828033447,6.099999905,6.300000191,5.949999809,6,169391000,5.633600864,5.634712514,81672440,73.63534598,0.182816572,0.09145863,0.091357942,32.70467381
TRUE,2024-02-02 00:00:00,5.923574448,6.199999809,6.25,6.099999905,6.099999905,58020400,5.687543621,5.656880643,81278345,75.84911856,0.203484042,0.113863712,0.08962033,33.20593309
TRUE,2024-02-05 00:00:00,5.875804424,6.150000095,6.199999809,6.099999905,6.199999809,49914800,5.731587095,5.676218661,81762945,72.56809559,0.213369017,0.133764773,0.079604244,33.67138814
TRUE,2024-02-06 00:00:00,6.114657879,6.400000095,6.5,6.150000095,6.150000095,155597000,5.795245476,5.704602247,88017740,77.75054705,0.238625119,0.154736842,0.083888277,35.04440288
TRUE,2024-02-07 00:00:00,6.257970333,6.550000191,6.599999905,6.400000095,6.400000095,90935100,5.867126877,5.737755107,89301710,80.17109766,0.267659109,0.177321296,0.090337813,36.56407704
TRUE,2024-02-08 00:00:00,6.162428856,6.449999809,6.599999905,6.349999905,6.550000191,96942900,5.922638585,5.765686272,93455740,74.36284336,0.279379052,0.197732847,0.081646205,37.55438236
TRUE,2024-02-09 00:00:00,6.114657879,6.400000095,6.5,6.349999905,6.449999809,18124200,5.968101586,5.790561324,93719820,71.57084918,0.281388956,0.214464069,0.066924887,38.47395158
TRUE,2024-02-12 00:00:00,6.066887379,6.349999905,6.400000095,6.199999809,6.300000191,27081800,6.004472854,5.812500092,93720315,68.78941392,0.275768336,0.226724922,0.049043414,38.08220572
TRUE,2024-02-13 00:00:00,6.066887379,6.349999905,6.449999809,6.349999905,6.349999905,27856700,6.037380193,5.833578516,90673115,68.78941392,0.268222057,0.235024349,0.033197708,37.90967178
TRUE,2024-02-14 00:00:00,6.114657879,6.400000095,6.5,6.25,6.300000191,48894100,6.071915421,5.855791127,87453030,70.13545423,0.263241688,0.240667817,0.022573871,36.98165284
TRUE,2024-02-15 00:00:00,6.066887379,6.349999905,6.400000095,6.300000191,6.400000095,20861000,6.098399658,5.875171863,84710365,67.0225773,0.252351165,0.243004486,0.009346678,36.11992096
TRUE,2024-02-16 00:00:00,6.162428856,6.449999809,6.550000191,6.400000095,6.400000095,39921200,6.131885387,5.897714136,83720630,69.89999864,0.248920107,0.244187611,0.004732497,35.96942195
TRUE,2024-02-19 00:00:00,6.353512287,6.650000095,6.75,6.449999809,6.5,76295800,6.181229645,5.927215546,85258100,74.66186413,0.259349699,0.247220028,0.012129671,36.52805721
TRUE,2024-02-20 00:00:00,6.257970333,6.550000191,6.699999809,6.5,6.650000095,76769600,6.216350649,5.951638473,82898815,68.80103286,0.256588279,0.249093679,0.007494601,37.04678995
TRUE,2024-02-21 00:00:00,6.257970333,6.550000191,6.599999905,6.449999809,6.599999905,72310200,6.248126796,5.975103638,82184290,68.80103286,0.251500691,0.249575081,0.00192561,37.10540383
TRUE,2024-02-22 00:00:00,6.257970333,6.550000191,6.650000095,6.550000191,6.599999905,62144200,6.276876643,5.997648601,79319285,68.80103286,0.244648584,0.248589782,-0.003941198,37.34834044
TRUE,2024-02-23 00:00:00,6.92676115,7.25,7.349999905,6.650000095,6.75,320426400,6.369555058,6.046760421,90675335,81.49854539,0.292332546,0.257338335,0.034994212,39.23291386
TRUE,2024-02-27 00:00:00,6.878990173,7.199999809,7.400000095,7.099999905,7.199999809,108351100,6.448645034,6.091985495,90181580,79.02454999,0.322371732,0.270345014,0.052026718,41.05840181
TRUE,2024-02-28 00:00:00,6.783448696,7.099999905,7.25,7,7.199999809,53471300,6.510678831,6.131515472,81187790,74.17481393,0.334255754,0.283127162,0.051128592,42.0580316
TRUE,2024-02-29 00:00:00,6.735677719,7.050000191,7.25,7.050000191,7.099999905,56747800,6.56204277,6.16753448,81502830,71.80209759,0.335768834,0.293655497,0.042113338,42.98625927
TRUE,2024-03-01 00:00:00,6.640136242,6.949999809,7.099999905,6.900000095,7.099999905,127785700,6.59899106,6.198219395,79422565,67.17393142,0.325150632,0.299954524,0.025196109,42.81590721
TRUE,2024-03-04 00:00:00,6.687907219,7,7.050000191,6.900000095,6.900000095,31564400,6.637182387,6.229661772,78099765,68.27503372,0.317114727,0.303386564,0.013728162,42.65772315
TRUE,2024-03-05 00:00:00,6.92676115,7.25,7.5,6.949999809,7,133911100,6.69554597,6.269675036,82299580,73.12851628,0.327147966,0.308138845,0.019009122,43.54979946
TRUE,2024-03-06 00:00:00,7.022302628,7.349999905,7.400000095,7.25,7.300000191,69046500,6.757874916,6.312040717,77972055,74.78990424,0.339257785,0.314362633,0.024895152,44.37815603
TRUE,2024-03-07 00:00:00,7.117843628,7.449999809,7.650000095,7.25,7.400000095,126381000,6.823791572,6.356666564,79744350,76.36368376,0.352856549,0.322061416,0.030795133,45.58394839
TRUE,2024-03-08 00:00:00,7.165614605,7.5,7.5,7.349999905,7.5,30851500,6.888192375,6.401503169,76439780,77.13236692,0.363478314,0.330344796,0.033133518,46.70361272
TRUE,2024-03-11 00:00:00,7.213386059,7.550000191,7.650000095,7.449999809,7.5,60823400,6.951221691,6.446542268,78574740,77.90615763,0.371646626,0.338605162,0.033041464,47.98298377
TRUE,2024-03-12 00:00:00,7.213386059,7.550000191,7.550000191,7.550000191,7.550000191,0,7.008248215,6.489815128,77220650,77.90615763,0.373811011,0.345646331,0.028164679,49.17097117
TRUE,2024-03-13 00:00:00,7.500010014,7.849999905,7.900000095,7.699999809,7.849999905,114958500,7.088415042,6.543155707,81575740,82.11693904,0.395178401,0.355552745,0.039625655,50.75403797
TRUE,2024-03-14 00:00:00,7.500010014,7.849999905,7.849999905,7.849999905,7.849999905,0,7.160946934,6.594404499,79131035,82.11693904,0.407415776,0.365925351,0.041490424,52.22402857
TRUE,2024-03-15 00:00:00,7.500010014,7.849999905,7.849999905,7.849999905,7.849999905,0,7.226571026,6.643643535,78087985,82.11693904,0.412360548,0.375212391,0.037148157,53.58901984
TRUE,2024-03-18 00:00:00,7.643322468,8,8.100000381,7.900000095,7.949999809,47706200,7.300230929,6.696833984,78477235,84.01898322,0.423501211,0.384870155,0.038631056,55.15312692
TRUE,2024-03-19 00:00:00,7.595551968,7.949999809,8,7.849999905,8,56785100,7.362113679,6.745977742,77501700,80.92905754,0.423414807,0.392579085,0.030835722,56.22624877
TRUE,2024-03-20 00:00:00,7.595551968,7.949999809,7.949999809,7.949999809,7.949999809,0,7.418102834,6.793194294,73663220,80.92905754,0.418521872,0.397767642,0.020754229,57.22271906
TRUE,2024-03-21 00:00:00,7.691093445,8.050000191,8.050000191,7.849999905,7.949999809,49398300,7.478283535,6.8424808,72517625,82.42801974,0.417896134,0.401793341,0.016102793,58.28771169
TRUE,2024-03-22 00:00:00,7.691093445,8.050000191,8.050000191,8.050000191,8.050000191,0,7.53273274,6.889834501,69410415,82.42801974,0.412643534,0.403963379,0.008680155,59.27663341
TRUE,2024-03-25 00:00:00,7.45223999,7.800000191,7.900000095,7.650000095,7.650000095,90438500,7.558186783,6.925527273,57911020,67.12977983,0.383882739,0.399947251,-0.016064512,57.32692968
TRUE,2024-03-26 00:00:00,7.45223999,7.800000191,7.800000191,7.800000191,7.800000191,0,7.581216632,6.959820329,52493465,67.12977983,0.356974621,0.391352725,-0.034378105,55.51649049
TRUE,2024-03-27 00:00:00,7.643322468,8,8.199999809,7.900000095,7.949999809,109849400,7.621100762,7.000611689,55312370,71.95845014,0.347779075,0.382637995,-0.03485892,54.86986885
TRUE,2024-03-28 00:00:00,7.643322468,8,8,8,8,0,7.657186404,7.039803387,52474980,71.95845014,0.336611294,0.373432655,-0.036821361,54.26943446
TRUE,2024-03-29 00:00:00,7.261156559,7.599999905,7.800000191,7.550000191,7.75,51062900,7.65174007,7.061771878,48638840,53.67064344,0.292116742,0.357169472,-0.06505273,51.43739394
TRUE,2024-04-01 00:00:00,7.45223999,7.800000191,7.849999905,7.550000191,7.550000191,62874600,7.665860082,7.090722008,50204350,59.24749784,0.269881811,0.33971194,-0.069830129,48.9622716
TRUE,2024-04-02 00:00:00,7.45223999,7.800000191,7.849999905,7.699999809,7.75,51632600,7.67863533,7.118536839,46090425,59.24749784,0.249385705,0.321646693,-0.072260988,46.66394371
TRUE,2024-04-03 00:00:00,7.45223999,7.800000191,7.849999905,7.699999809,7.75,30856700,7.690193888,7.145260892,44180935,59.24749784,0.2304855,0.303414454,-0.072928954,44.5297821
TRUE,2024-04-04 00:00:00,7.45223999,7.800000191,7.800000191,7.800000191,7.800000191,0,7.700651631,7.170936942,37861885,59.24749784,0.213051032,0.28534177,-0.072290738,42.5480606
TRUE,2024-04-05 00:00:00,7.643322468,8,8,7.800000191,7.800000191,42401100,7.729161,7.203449219,38439365,64.92625026,0.212918017,0.270857019,-0.057939003,41.42140347
TRUE,2024-04-09 00:00:00,7.643322468,8,8,8,8,0,7.75495519,7.234686505,35398195,64.92625026,0.210387386,0.258763093,-0.048375706,40.37522186
TRUE,2024-04-10 00:00:00,7.691093445,8.050000191,8.25,8.050000191,8.199999809,45543900,7.783054714,7.26665959,37675390,66.28829333,0.209995741,0.249009622,-0.039013881,40.17906145
TRUE,2024-04-11 00:00:00,7.643322468,8,8.100000381,8,8,17085100,7.80371617,7.295418038,32781720,63.62734097,0.203307163,0.239869131,-0.036561967,39.69276541
TRUE,2024-04-17 00:00:00,7.643322468,8,8,8,8,0,7.822409868,7.323048703,32781720,63.62734097,0.195749934,0.231045291,-0.035295357,39.2412048
TRUE,2024-04-18 00:00:00,7.643322468,8,8,8,8,0,7.839323214,7.349595813,32781720,63.62734097,0.187598259,0.222355885,-0.034757626,38.82189852
TRUE,2024-04-19 00:00:00,7.643322468,8,8,8,8,0,7.854625765,7.375101859,30396410,63.62734097,0.179073748,0.213699457,-0.03462571,38.43254269
TRUE,2024-04-22 00:00:00,7.308927059,7.650000095,7.900000095,7.650000095,7.900000095,65619700,7.835137606,7.385882182,30838140,46.17533608,0.142434052,0.199446376,-0.057012324,35.92196247
TRUE,2024-04-23 00:00:00,7.356697559,7.699999809,7.800000191,7.650000095,7.699999809,105057700,7.82226734,7.398200521,36091025,48.35463681,0.11609314,0.182775729,-0.066682589,33.5907094
TRUE,2024-04-24 00:00:00,7.356697559,7.699999809,7.699999809,7.699999809,7.699999809,0,7.810622813,7.410035787,33621110,48.35463681,0.094132674,0.165047118,-0.070914444,31.42597442
TRUE,2024-04-25 00:00:00,7.404469013,7.75,7.800000191,7.699999809,7.800000191,27812700,7.804849212,7.423367717,35011745,50.67102549,0.079843062,0.148006307,-0.068163244,29.93054862
TRUE,2024-04-26 00:00:00,7.308927059,7.650000095,7.800000191,7.650000095,7.75,34295100,7.790101677,7.432255261,32204575,46.20724546,0.059760405,0.130357127,-0.070596721,28.23754442
TRUE,2024-04-29 00:00:00,7.500010014,7.849999905,7.849999905,7.599999905,7.75,52683100,7.79580627,7.448637404,34838730,54.78610723,0.0592995,0.116145601,-0.056846101,26.36286895
TRUE,2024-04-30 00:00:00,7.500010014,7.849999905,7.849999905,7.849999905,7.849999905,0,7.800967569,7.46437711,29346260,54.78610723,0.058262615,0.104569004,-0.046306389,24.62209887
TRUE,2024-05-02 00:00:00,7.691093445,8.050000191,8.300000191,7.800000191,7.849999905,252867200,7.824684961,7.487342721,41989620,61.8435073,0.072740717,0.098203347,-0.02546263,25.06324692
TRUE,2024-05-03 00:00:00,7.786633968,8.149999619,8.149999619,8,8.050000191,69115100,7.855667309,7.513329266,42892230,64.80182344,0.091232168,0.096809111,-0.005576943,25.47288439
TRUE,2024-05-07 00:00:00,7.786633968,8.149999619,8.149999619,8.149999619,8.149999619,0,7.883698958,7.538296731,39748500,64.80182344,0.104680089,0.098383307,0.006296783,25.85326204
TRUE,2024-05-08 00:00:00,8.359884262,8.75,9,8.399999619,8.5,232121600,7.966203819,7.585814506,48772950,77.13676681,0.161886553,0.111083956,0.050802597,28.23048424
TRUE,2024-05-09 00:00:00,8.216571808,8.600000381,8.75,8.5,8.75,109970200,8.026565396,7.625586501,52728625,70.4863995,0.192895789,0.127446322,0.065449467,30.43790486
TRUE,2024-05-10 00:00:00,8.216571808,8.600000381,8.649999619,8.5,8.600000381,38038500,8.081178252,7.66379881,54630550,70.4863995,0.214992532,0.144955564,0.070036968,32.48765257
TRUE,2024-05-13 00:00:00,8.168801308,8.550000191,8.899999619,8.5,8.600000381,114939900,8.125827961,7.698551805,58257490,68.21286593,0.225866118,0.161137675,0.064728443,34.77264703
TRUE,2024-05-14 00:00:00,8.121030807,8.5,8.600000381,8.449999809,8.550000191,76346500,8.161463393,7.729981146,62074815,65.92296109,0.227822718,0.174474684,0.053348034,36.5726343
TRUE,2024-05-15 00:00:00,8.025488853,8.399999619,8.5,8.350000381,8.5,64589700,8.184181129,7.756256381,63027105,61.47783217,0.218782158,0.183336179,0.035445979,37.60750107
TRUE,2024-05-16 00:00:00,8.025488853,8.399999619,8.399999619,8.399999619,8.399999619,0,8.204735271,7.781501213,62172850,61.47783217,0.209205854,0.188510114,0.02069574,38.56844878
TRUE,2024-05-17 00:00:00,8.359884262,8.75,8.75,8.449999809,8.5,75007800,8.256665245,7.819481558,65923240,69.75583367,0.227239198,0.19625593,0.030983267,40.10544409
TRUE,2024-05-20 00:00:00,8.359884262,8.75,8.75,8.75,8.75,0,8.303649507,7.855972477,65923240,69.75583367,0.238778265,0.204760397,0.034017868,41.53265402
TRUE,2024-05-21 00:00:00,8.359884262,8.75,8.75,8.75,8.75,0,8.346159078,7.89103238,65923240,69.75583367,0.245097726,0.212827863,0.032269863,42.85792038
TRUE,2024-05-23 00:00:00,7.929947853,8.300000191,8.5,8.25,8.399999619,151009200,8.341762993,7.907070334,70192715,51.86020765,0.211358312,0.212533953,-0.00117564,41.25741378
TRUE,2024-05-24 00:00:00,7.929947853,8.300000191,8.300000191,8.300000191,8.300000191,0,8.337785584,7.922479348,64939830,51.86020765,0.182515658,0.206530294,-0.024014636,39.77122908
TRUE,2024-05-27 00:00:00,8.121030807,8.5,8.550000191,8.100000381,8.100000381,200924300,8.353234576,7.945127216,74986045,57.4825832,0.173792586,0.199982752,-0.026190166,39.10456907
TRUE,2024-05-28 00:00:00,8.073259354,8.449999809,8.5,8.350000381,8.449999809,52708600,8.362450312,7.964926141,76230840,55.73018466,0.16098911,0.192184024,-0.031194914,38.48552763
TRUE,2024-05-29 00:00:00,8.216571808,8.600000381,8.699999809,8.449999809,8.5,152411100,8.385074128,7.989831014,82136640,59.69947817,0.16108912,0.185965043,-0.024875923,38.42909392
TRUE,2024-05-30 00:00:00,8.216571808,8.600000381,8.600000381,8.600000381,8.600000381,0,8.405543295,8.013759224,79502485,59.69947817,0.159331701,0.180638375,-0.021306673,38.37669119
TRUE,2024-05-31 00:00:00,8.216571808,8.600000381,8.600000381,8.600000381,8.600000381,0,8.424063018,8.036749073,79502485,59.69947817,0.156139061,0.175738512,-0.019599451,38.32803152
TRUE,2024-06-04 00:00:00,8.407653809,8.800000191,8.949999809,8.699999809,8.699999809,167128100,8.459866558,8.06668049,75215530,64.93510582,0.167812743,0.174153358,-0.006340615,39.10923757
TRUE,2024-06-05 00:00:00,8.407653809,8.800000191,8.800000191,8.800000191,8.800000191,0,8.492260237,8.095438125,71759775,64.93510582,0.175046394,0.174331965,0.000714429,39.83464318
TRUE,2024-06-06 00:00:00,8.121030807,8.5,8.75,8.350000381,8.649999619,113222700,8.492997358,8.111303297,77420910,52.96476651,0.154787315,0.170423035,-0.015635721,38.19625523
TRUE,2024-06-07 00:00:00,8.121030807,8.5,8.5,8.5,8.5,0,8.493664276,8.126546305,65814830,52.96476651,0.137150858,0.1637686,-0.026617741,36.67489499
TRUE,2024-06-10 00:00:00,7.977718353,8.350000381,8.5,8.300000191,8.449999809,42639400,8.479982,8.13530921,62448290,47.84977626,0.109804368,0.152975753,-0.043171386,34.42274261
TRUE,2024-06-11 00:00:00,7.977718353,8.350000381,8.350000381,8.350000381,8.350000381,0,8.467602798,8.143728471,60546365,47.84977626,0.087127723,0.139806147,-0.052678424,32.33145825
TRUE,2024-06-12 00:00:00,8.073259354,8.449999809,8.449999809,8.25,8.300000191,72701400,8.465926323,8.155739112,58434440,51.47317674,0.076345375,0.127113993,-0.050768618,30.06831508
TRUE,2024-06-13 00:00:00,8.025488853,8.399999619,8.550000191,8.350000381,8.449999809,29930100,8.45964759,8.165317955,56113620,49.61687571,0.063039014,0.114298997,-0.051259983,28.27694391
TRUE,2024-06-14 00:00:00,8.264341354,8.649999619,8.649999619,8.350000381,8.399999619,66274700,8.477776354,8.184325079,56197870,57.80969109,0.071838429,0.105806883,-0.033968454,26.99954364
TRUE,2024-06-17 00:00:00,8.073259354,8.449999809,8.600000381,8.449999809,8.600000381,47361500,8.475130969,8.194743696,58565945,50.70603423,0.061959485,0.097037404,-0.035077918,25.81338625
TRUE,2024-06-18 00:00:00,8.073259354,8.449999809,8.449999809,8.449999809,8.449999809,0,8.472737525,8.20475374,54815555,50.70603423,0.053513481,0.088332619,-0.034819138,24.71195438
TRUE,2024-06-19 00:00:00,8.073259354,8.449999809,8.449999809,8.449999809,8.449999809,0,8.470572028,8.214371233,54815555,50.70603423,0.046286401,0.079923376,-0.033636974,23.68919622
TRUE,2024-06-20 00:00:00,8.264341354,8.649999619,8.699999809,8.449999809,8.5,65881500,8.48766037,8.231454699,58109630,57.26478685,0.05605108,0.075148917,-0.019097837,23.76713932
TRUE,2024-06-21 00:00:00,8.121030807,8.5,8.649999619,8.449999809,8.600000381,85252000,8.488835573,8.241985887,54821770,51.70792201,0.051096928,0.070338519,-0.01924159,23.83951505
TRUE,2024-06-24 00:00:00,8.073259354,8.449999809,8.550000191,8.399999619,8.5,55718700,8.485136929,8.250143296,57607705,49.96733956,0.04264455,0.064799725,-0.022155175,23.58670559
TRUE,2024-06-25 00:00:00,8.073259354,8.449999809,8.449999809,8.449999809,8.449999809,0,8.481790537,8.257980806,47561490,49.96733956,0.035536339,0.058947048,-0.023410709,23.35195394
TRUE,2024-06-26 00:00:00,8.073259354,8.449999809,8.449999809,8.449999809,8.449999809,0,8.478762848,8.265510963,44926060,49.96733956,0.029562255,0.053070089,-0.023507834,23.13397027
TRUE,2024-06-27 00:00:00,8.503195763,8.899999619,8.899999619,8.649999619,8.699999809,112398100,8.518880636,8.290392871,42925410,63.70193127,0.060442234,0.054544518,0.005897716,24.56850309
TRUE,2024-06-28 00:00:00,8.359884262,8.75,8.899999619,8.699999809,8.899999619,58672200,8.540892004,8.30841668,45859020,57.98766724,0.071981368,0.058031888,0.01394948,25.90056927
TRUE,2024-07-01 00:00:00,8.359884262,8.75,8.75,8.75,8.75,0,8.560807051,8.325733673,45859020,57.98766724,0.080201699,0.06246585,0.017735849,27.13748788
TRUE,2024-07-02 00:00:00,8.359884262,8.75,8.75,8.75,8.75,0,8.578825427,8.342371568,37502615,57.98766724,0.08572815,0.06711831,0.01860984,28.28605515
TRUE,2024-07-03 00:00:00,8.455426216,8.850000381,8.949999809,8.800000191,8.899999619,46167900,8.604651613,8.362278581,39811010,60.90755458,0.09705827,0.073106302,0.023951968,29.94750349
TRUE,2024-07-04 00:00:00,8.550967216,8.949999809,9,8.800000191,8.850000381,48179500,8.637541918,8.385326472,36558850,63.62973149,0.11280623,0.081046288,0.031759942,31.62176229
TRUE,2024-07-05 00:00:00,8.455426216,8.850000381,9,8.850000381,8.949999809,26391900,8.657776057,8.403548978,37878445,59.19095252,0.115881672,0.088013365,0.027868307,33.17643118
TRUE,2024-07-08 00:00:00,8.503195763,8.899999619,8.949999809,8.800000191,8.850000381,43276800,8.680844968,8.423017631,37910315,60.66834602,0.12095916,0.094602524,0.026356636,34.15768901
TRUE,2024-07-09 00:00:00,8.503195763,8.899999619,8.899999619,8.899999619,8.899999619,0,8.701716839,8.441722807,37910315,60.66834602,0.123558797,0.100393778,0.023165019,35.06885699
TRUE,2024-07-10 00:00:00,8.694279671,9.100000381,9.149999619,9,9.050000191,57172400,8.739648605,8.467537614,37133865,66.32416769,0.14014195,0.108343413,0.031798537,36.66043179
TRUE,2024-07-11 00:00:00,8.694279671,9.100000381,9.100000381,9.100000381,9.100000381,0,8.773967822,8.492340075,35637360,66.32416769,0.151537388,0.116982208,0.034555181,38.13832268
TRUE,2024-07-12 00:00:00,8.694279671,9.100000381,9.100000381,9.100000381,9.100000381,0,8.805018542,8.516169891,32323625,66.32416769,0.158738517,0.12533347,0.033405047,39.51064993
TRUE,2024-07-15 00:00:00,8.694279671,9.100000381,9.100000381,9.100000381,9.100000381,0,8.83311205,8.539065204,29955550,66.32416769,0.162571441,0.132781064,0.029790377,40.78495381
TRUE,2024-07-16 00:00:00,8.694279671,9.100000381,9.149999619,9,9.100000381,62970300,8.858529987,8.561062662,33104065,66.32416769,0.163721778,0.138969207,0.024752571,40.89309747
TRUE,2024-07-17 00:00:00,8.694279671,9.100000381,9.100000381,9.100000381,9.100000381,0,8.881527167,8.582197475,33104065,66.32416769,0.162757264,0.143726818,0.019030446,40.99351659
TRUE,2024-07-18 00:00:00,8.694279671,9.100000381,9.100000381,8.899999619,9.050000191,60198900,8.90233414,8.602503471,32819935,66.32416769,0.160146807,0.147010816,0.013135991,39.24103822
TRUE,2024-07-19 00:00:00,8.789819717,9.199999809,9.25,9,9,82188300,8.930683251,8.6259347,32666750,69.95334565,0.164253705,0.150459394,0.013794311,38.37699451
TRUE,2024-07-23 00:00:00,8.694279671,9.100000381,9.25,9.050000191,9.149999619,70092400,8.946808692,8.644525511,33385435,62.67895894,0.15762236,0.151891987,0.005730373,37.57466819
TRUE,2024-07-24 00:00:00,8.694279671,9.100000381,9.149999619,9,9.149999619,22405600,8.961398377,8.662387271,34505715,62.67895894,0.150630596,0.151639709,-0.001009113,36.40173564
TRUE,2024-07-25 00:00:00,8.550967216,8.949999809,9.100000381,8.899999619,9.050000191,47864300,8.960312799,8.673666194,36898930,53.07701526,0.131470273,0.147605822,-0.016135549,34.51526373
TRUE,2024-07-26 00:00:00,8.407653809,8.800000191,8.949999809,8.75,8.899999619,105222700,8.945044932,8.678620468,36540160,45.56063014,0.102994605,0.138683578,-0.035688973,32.35405473
TRUE,2024-07-30 00:00:00,8.407653809,8.800000191,8.800000191,8.800000191,8.800000191,0,8.931231147,8.683380457,33606550,45.56063014,0.079510881,0.126849039,-0.047338158,30.34721779
TRUE,2024-07-31 00:00:00,8.837592125,9.25,9.25,8.899999619,9,86284800,8.961590085,8.705600832,37920790,63.52991654,0.096103266,0.120699884,-0.024596618,30.18918101
TRUE,2024-08-01 00:00:00,8.742050171,9.149999619,9.25,9.100000381,9.199999809,42615500,8.97953385,8.723028235,40051565,58.87886471,0.100030566,0.116566021,-0.016535455,30.04243257
TRUE,2024-08-02 00:00:00,8.742050171,9.149999619,9.149999619,9.149999619,9.149999619,0,8.995768685,8.739772211,37743170,58.87886471,0.10196756,0.113646328,-0.011678768,29.90616617
TRUE,2024-08-05 00:00:00,9.219758034,9.649999619,9.75,9.149999619,9.199999809,327913700,9.058076393,8.775467403,51729880,71.13358612,0.142209165,0.119358896,0.022850269,31.52997395
TRUE,2024-08-06 00:00:00,9.219758034,9.649999619,9.850000381,9.600000381,9.649999619,150096900,9.114450034,8.809762784,57915130,71.13358612,0.17211687,0.129910491,0.04220638,33.23289519
TRUE,2024-08-07 00:00:00,9.458611488,9.899999619,9.899999619,9.649999619,9.699999809,123261500,9.18926428,8.85251717,61914365,75.38703862,0.213530407,0.146634474,0.066895933,34.91019077
TRUE,2024-08-08 00:00:00,9.458611488,9.899999619,9.899999619,9.899999619,9.899999619,0,9.25695336,8.893594913,61914365,75.38703862,0.243543516,0.166016282,0.077527234,36.46767952
TRUE,2024-08-09 00:00:00,9.745236397,10.19999981,10.30000019,10,10.10000038,107577700,9.346767307,8.944826478,64434630,79.57547247,0.288214274,0.190455881,0.097758393,38.58920316
TRUE,2024-08-13 00:00:00,9.745236397,10.19999981,10.30000019,10,10.30000019,129568600,9.428027546,8.994048961,70913060,79.57547247,0.319928238,0.216350352,0.103577886,40.55918939
TRUE,2024-08-14 00:00:00,9.840777397,10.30000019,10.39999962,10,10.19999981,78380400,9.511072559,9.045262735,74832080,80.83619368,0.349106694,0.242901621,0.106205073,42.5323766
TRUE,2024-08-15 00:00:00,9.840777397,10.30000019,10.30000019,10.30000019,10.30000019,0,9.586208524,9.094468125,74832080,80.83619368,0.367988883,0.267919073,0.10006981,44.36462186
TRUE,2024-08-16 00:00:00,9.745236397,10.19999981,10.39999962,10,10.39999962,69497100,9.644664837,9.137822309,75158420,75.43593362,0.370611777,0.288457614,0.082154163,44.00401492
TRUE,2024-08-19 00:00:00,9.745236397,10.19999981,10.19999981,10.19999981,10.19999981,0,9.697553882,9.179476329,75158420,75.43593362,0.368443255,0.304454742,0.063988513,43.66916563
TRUE,2024-08-20 00:00:00,9.745236397,10.19999981,10.5,10.19999981,10.30000019,91311600,9.745405875,9.219496857,76714055,75.43593362,0.362545487,0.316072891,0.046472596,44.07784766
TRUE,2024-08-21 00:00:00,9.840777397,10.30000019,10.30000019,10.10000038,10.19999981,35147800,9.798224381,9.261869537,74362030,77.3276636,0.361770395,0.325212392,0.036558003,43.8571739
TRUE,2024-08-22 00:00:00,9.840777397,10.30000019,10.30000019,10.30000019,10.30000019,0,9.846012554,9.302580543,70857410,77.3276636,0.357040389,0.331577991,0.025462398,43.65226254
TRUE,2024-08-23 00:00:00,9.840777397,10.30000019,10.5,10.10000038,10.30000019,71206200,9.889249472,9.341695039,73297440,77.3276636,0.349265708,0.335115535,0.014150173,43.46198772
TRUE,2024-08-26 00:00:00,9.840777397,10.30000019,10.30000019,10.10000038,10.19999981,27392600,9.928368588,9.379275633,72273855,77.3276636,0.339194197,0.335931267,0.00326293,43.28530395
TRUE,2024-08-27 00:00:00,9.840777397,10.30000019,10.39999962,10.10000038,10.30000019,33794000,9.963762074,9.415382479,68702420,77.3276636,0.327437952,0.334232604,-0.006794652,43.41769029
TRUE,2024-08-28 00:00:00,9.840777397,10.30000019,10.30000019,10.30000019,10.30000019,0,9.995784752,9.450073369,68702420,77.3276636,0.314495732,0.33028523,-0.015789498,43.54062047
TRUE,2024-08-29 00:00:00,9.745236397,10.19999981,10.5,10.19999981,10.39999962,24975096,10.0152338,9.479482249,65636934.8,69.0342795,0.29279458,0.3227871,-0.02999252,44.20437631
TRUE,2024-08-30 00:00:00,9.840777397,10.30000019,10.39999962,10.19999981,10.30000019,51247900,10.04235441,9.511659423,66068554.8,72.24049885,0.280432801,0.31431624,-0.033883439,44.82072103
TRUE,2024-09-02 00:00:00,9.840777397,10.30000019,10.30000019,10.30000019,10.30000019,0,10.06689211,9.542574748,66068554.8,72.24049885,0.267551832,0.304963358,-0.037411527,45.39304112
TRUE,2024-09-03 00:00:00,9.840777397,10.30000019,10.30000019,10.30000019,10.30000019,0,10.08909288,9.572277706,49672869.8,72.24049885,0.25441088,0.294852863,-0.040441983,45.9244812
TRUE,2024-09-04 00:00:00,9.840777397,10.30000019,10.30000019,10.30000019,10.30000019,0,10.10917929,9.600815843,42168024.8,72.24049885,0.241215994,0.284125489,-0.042909495,46.41796128
TRUE,2024-09-05 00:00:00,10.22294426,10.69999981,11,10.30000019,10.39999962,121921000,10.16544791,9.643921096,42100999.8,82.17194749,0.260038021,0.279307995,-0.019269974,48.27626027
TRUE,2024-09-06 00:00:00,10.22294426,10.69999981,10.89999962,10.60000038,10.69999981,57239100,10.21635761,9.685335948,44962954.8,82.17194749,0.271821227,0.277810642,-0.005989415,50.00182362
TRUE,2024-09-09 00:00:00,10.22294426,10.69999981,10.69999981,10.69999981,10.69999981,0,10.26241877,9.725126688,39584069.8,82.17194749,0.277955406,0.277839595,0.000115811,51.60413244
TRUE,2024-09-10 00:00:00,9.840777397,10.30000019,10.60000038,10.19999981,10.5,109429400,10.26599796,9.747670747,38577109.8,56.79396137,0.247685002,0.271808676,-0.024123674,49.76073755
TRUE,2024-09-11 00:00:00,9.840777397,10.30000019,10.5,10.30000019,10.39999962,58559900,10.26923626,9.769330725,37586084.8,56.79396137,0.221146253,0.261676191,-0.040529939,48.04901371
TRUE,2024-09-12 00:00:00,9.936319351,10.39999962,10.60000038,10.30000019,10.39999962,37155600,10.28168992,9.794062838,39443864.8,60.34487571,0.205810762,0.250503106,-0.044692343,46.77244031
TRUE,2024-09-13 00:00:00,10.03186131,10.5,10.5,10.39999962,10.5,12239300,10.30248135,9.821746648,36580974.8,63.56929934,0.199427594,0.240288003,-0.04086041,45.58705072
TRUE,2024-09-16 00:00:00,10.03186131,10.5,10.5,10.5,10.5,0,10.32129265,9.848344819,36580974.8,63.56929934,0.192153856,0.230661174,-0.038507317,44.48633181
TRUE,2024-09-17 00:00:00,10.03186131,10.5,10.5,10.5,10.5,0,10.3383124,9.873899924,32015394.8,63.56929934,0.184265272,0.221381993,-0.037116722,43.46423569
TRUE,2024-09-18 00:00:00,10.03186131,10.5,10.5,10.5,10.5,0,10.35371122,9.898452868,30258004.8,63.56929934,0.175984868,0.212302568,-0.036317701,42.51514643
TRUE,2024-09-19 00:00:00,10.03186131,10.5,10.5,10.5,10.5,0,10.36764348,9.922042952,30258004.8,63.56929934,0.167491846,0.203340424,-0.035848578,41.63384926
TRUE,2024-09-20 00:00:00,10.03186131,10.5,10.5,10.5,10.5,0,10.38024887,9.944707934,26697694.8,63.56929934,0.15892903,0.194458145,-0.035529115,40.81550188
TRUE,2024-09-23 00:00:00,10.50956821,11,11.10000038,10.80000019,11,68098800,10.43927278,9.986091937,28733004.8,77.70737772,0.190295154,0.193625547,-0.003330393,41.91613308
TRUE,2024-09-24 00:00:00,10.60511017,11.10000038,11.19999981,11,11,64409200,10.50219922,10.02977462,30263764.8,79.42701374,0.220678386,0.199036115,0.021642271,43.13437237
TRUE,2024-09-25 00:00:00,10.70065212,11.19999981,11.39999962,11,11.10000038,112991700,10.56865642,10.0756658,35913349.8,81.00497315,0.249945221,0.209217936,0.040727285,44.61454533
TRUE,2024-09-26 00:00:00,10.70065212,11.19999981,11.39999962,11.10000038,11.19999981,59082400,10.62878436,10.11975733,37618715,81.00497315,0.270026698,0.221379688,0.04864701,45.98899165
TRUE,2024-09-27 00:00:00,10.70065212,11.19999981,11.19999981,11.19999981,11.19999981,0,10.68318583,10.16211978,35056320,81.00497315,0.282682823,0.233640315,0.049042507,47.26526324
TRUE,2024-09-30 00:00:00,10.70065212,11.19999981,11.30000019,11,11.10000038,53377400,10.73240621,10.20282096,37725190,81.00497315,0.289377133,0.244787679,0.044589454,46.93512421
TRUE,2024-10-01 00:00:00,10.70065212,11.19999981,11.19999981,11.19999981,11.19999981,0,10.77693894,10.24192601,37725190,81.00497315,0.291324218,0.254094986,0.037229231,46.62856654
TRUE,2024-10-02 00:00:00,10.70065212,11.19999981,11.39999962,11.10000038,11.19999981,70706600,10.81723045,10.27949754,41260520,81.00497315,0.289529777,0.261181945,0.028347833,46.87874033
TRUE,2024-10-03 00:00:00,10.60511017,11.10000038,11.39999962,11.10000038,11.19999981,108235700,10.84416092,10.31167412,40576255,72.34858656,0.27684723,0.264315002,0.012532228,47.11104456
TRUE,2024-10-04 00:00:00,10.60511017,11.10000038,11.10000038,11.10000038,11.10000038,0,10.86852658,10.34258887,37714300,72.34858656,0.263755807,0.264203163,-0.000447356,47.32675564
TRUE,2024-10-07 00:00:00,10.60511017,11.10000038,11.19999981,10.60000038,10.89999962,70430600,10.8905717,10.37229129,41235830,72.34858656,0.25049323,0.261461176,-0.010967946,44.42168345
TRUE,2024-10-08 00:00:00,10.50956821,11,11.30000019,11,11,64131300,10.90099345,10.39690731,38970925,63.82929986,0.22927046,0.255023033,-0.025752573,42.11556177
TRUE,2024-10-09 00:00:00,10.70065212,11.19999981,11.19999981,11,11,51613800,10.92947024,10.42840114,38623620,71.147029,0.225984565,0.249215339,-0.023230774,39.97416306
TRUE,2024-10-10 00:00:00,10.98727608,11.5,11.5,11.10000038,11.10000038,98521400,10.98380641,10.47042462,41691910,78.25388762,0.244766463,0.248325564,-0.003559101,39.05025805
TRUE,2024-10-11 00:00:00,10.98727608,11.5,11.5,11.5,11.5,0,11.03296771,10.51080013,41079945,78.25388762,0.256692263,0.249998904,0.00669336,38.19234626
TRUE,2024-10-15 00:00:00,10.70065212,11.19999981,11.30000019,11.10000038,11.19999981,56768600,11.04887552,10.53782757,43918375,60.86648453,0.239178932,0.24783491,-0.008655977,35.51017326
TRUE,2024-10-16 00:00:00,10.70065212,11.19999981,11.19999981,11.19999981,11.19999981,0,11.06326831,10.5637951,43918375,60.86648453,0.222731976,0.242814323,-0.020082347,33.01958405
TRUE,2024-10-17 00:00:00,10.70065212,11.19999981,11.19999981,11.19999981,11.19999981,0,11.07629036,10.58874431,43918375,60.86648453,0.207307927,0.235713044,-0.028405116,30.70689407
TRUE,2024-10-18 00:00:00,11.36944103,11.89999962,12.19999981,11.89999962,12,118020000,11.15473886,10.64016609,49819375,76.24714658,0.248701516,0.238310738,0.010390778,31.35209015
TRUE,2024-10-21 00:00:00,11.17835903,11.69999981,12,11.69999981,11.89999962,60202300,11.20666848,10.68172819,52829490,68.02118456,0.262343784,0.243117347,0.019226437,31.17133009
TRUE,2024-10-22 00:00:00,11.17835903,11.69999981,11.69999981,11.69999981,11.69999981,0,11.25365241,10.72166041,49424550,68.02118456,0.270042498,0.248502378,0.021540121,31.00348146
TRUE,2024-10-24 00:00:00,11.27390099,11.80000019,12.19999981,11.80000019,12,109067171,11.30568553,10.76394825,51657448.55,69.90402274,0.280974086,0.254996719,0.025977366,31.78665525
TRUE,2024-10-25 00:00:00,11.27390099,11.80000019,11.80000019,11.80000019,11.80000019,0,11.35276312,10.80457773,46007863.55,69.90402274,0.286336735,0.261264722,0.025072013,32.51388805
TRUE,2024-10-28 00:00:00,11.36944103,11.89999962,12.39999962,11.89999962,12.30000019,156018700,11.40488088,10.84753546,50854678.55,71.82772464,0.295252307,0.268062239,0.027190068,34.03679175
TRUE,2024-10-29 00:00:00,11.36944103,11.89999962,11.89999962,11.89999962,11.89999962,0,11.45203505,10.88880856,50854678.55,71.82772464,0.298872743,0.27422434,0.024648403,35.4509166
TRUE,2024-10-30 00:00:00,11.75160885,12.30000019,12.30000019,12,12,44307100,11.53279363,10.94414941,50401163.55,78.27094091,0.330212188,0.28542191,0.044790278,37.21420654
TRUE,2024-10-31 00:00:00,11.75160885,12.30000019,12.30000019,12.30000019,12.30000019,0,11.60586092,10.99732003,50401163.55,78.27094091,0.351002782,0.298538084,0.052464697,38.85154719
TRUE,2024-11-01 00:00:00,11.65606689,12.19999981,12.30000019,12,12.30000019,107692500,11.66244558,11.04448394,52250458.55,73.40342353,0.355314438,0.309893355,0.045421083,39.15783798
TRUE,2024-11-04 00:00:00,11.65606689,12.19999981,12.30000019,12.10000038,12.19999981,36489800,11.71364122,11.08979829,48663163.55,73.40342353,0.35464335,0.318843354,0.035799996,39.44225085
TRUE,2024-11-05 00:00:00,11.75160885,12.30000019,12.39999962,12.19999981,12.19999981,38834300,11.76948493,11.13725719,50604878.55,75.19261688,0.358053286,0.32668534,0.031367946,39.86643413
TRUE,2024-11-06 00:00:00,11.65606689,12.19999981,12.39999962,12.10000038,12.39999962,52791200,11.81048635,11.17893337,49722908.55,70.11317651,0.348667272,0.331081727,0.017585545,39.83747478
TRUE,2024-11-07 00:00:00,11.75160885,12.30000019,12.39999962,12.10000038,12.19999981,46045600,11.85710671,11.22289677,48818623.55,72.13995882,0.345317379,0.333928857,0.011388522,39.81058395
TRUE,2024-11-08 00:00:00,11.46498394,12,12.30000019,11.89999962,12.30000019,72656600,11.8707156,11.25337141,49870763.55,59.17502381,0.314825939,0.330108273,-0.015282335,38.92594138
TRUE,2024-11-11 00:00:00,11.46498394,12,12.10000038,11.89999962,12,45494700,11.8830284,11.28265096,47219428.55,59.17502381,0.287348874,0.321556394,-0.03420752,38.10448756
TRUE,2024-11-12 00:00:00,11.46498394,12,12.10000038,12,12,19100300,11.89416855,11.3107823,48174443.55,59.17502381,0.262546628,0.30975444,-0.047207812,37.34170902
TRUE,2024-11-13 00:00:00,11.46498394,12,12.10000038,12,12,19053000,11.90424774,11.33781044,46288663.55,59.17502381,0.240122685,0.295828089,-0.055705405,36.63341465
TRUE,2024-11-14 00:00:00,11.27390099,11.80000019,12,11.39999962,12,96656000,11.8943194,11.35593553,51121463.55,50.96225048,0.203863226,0.277435117,-0.07357189,34.40865637
TRUE,2024-11-15 00:00:00,11.36944103,11.89999962,12,11.69999981,11.80000019,46813100,11.89486037,11.37727138,53462118.55,54.37209474,0.181108754,0.258169844,-0.07706109,32.34280939
TRUE,2024-11-18 00:00:00,11.27390099,11.80000019,12,11.80000019,11.80000019,18164700,11.88582607,11.39384898,48469353.55,50.58415391,0.153240095,0.237183894,-0.083943799,30.42452291
TRUE,2024-11-19 00:00:00,11.27390099,11.80000019,12,11.80000019,11.80000019,60326100,11.87765218,11.40977648,48475543.55,50.58415391,0.129659351,0.215678986,-0.086019635,28.64325689
TRUE,2024-11-20 00:00:00,11.36944103,11.89999962,11.89999962,11.69999981,11.80000019,30681500,11.8797805,11.42900091,50009618.55,54.27833771,0.117683971,0.196079983,-0.078396011,27.35872098
TRUE,2024-11-21 00:00:00,11.46498394,12,12.10000038,11.80000019,11.89999962,57825500,11.89122998,11.45139303,47447535,57.6850461,0.114937662,0.179851519,-0.064913857,25.47665328
TRUE,2024-11-22 00:00:00,10.98727608,11.5,11.89999962,11.19999981,11.80000019,147463100,11.85396998,11.45329919,54820690,41.16818001,0.071590124,0.15819924,-0.086609115,25.4182318
TRUE,2024-11-25 00:00:00,11.08281898,11.60000038,11.69999981,11.39999962,11.60000038,52485800,11.8297824,11.45905218,49644045,44.5856372,0.044789775,0.135517347,-0.090727572,25.36398328
TRUE,2024-11-26 00:00:00,11.17835903,11.69999981,11.80000019,11.60000038,11.69999981,23231500,11.81742215,11.4685011,50805620,47.84807107,0.031259088,0.114665695,-0.083406607,24.89671468
TRUE,2024-11-27 00:00:00,11.17835903,11.69999981,11.80000019,11.60000038,11.60000038,25955700,11.80623907,11.47757948,49888050,47.84807107,0.020301893,0.095792935,-0.075491042,24.46282241
TRUE,2024-11-28 00:00:00,10.70065212,11.19999981,11.69999981,11,11.69999981,141585900,11.748502,11.46669401,56967345,35.67029611,-0.028400204,0.070954307,-0.099354511,25.48481541
TRUE,2024-11-29 00:00:00,10.60511017,11.10000038,11.39999962,11.10000038,11.19999981,71743500,11.68673994,11.45231386,55169895,33.81657125,-0.074210631,0.041921319,-0.11613195,26.43380892
TRUE,2024-12-02 00:00:00,11.08281898,11.60000038,11.80000019,11.10000038,11.19999981,74011200,11.67847903,11.45810549,57045965,48.28736623,-0.069370246,0.019663006,-0.089033252,25.73240406
TRUE,2024-12-03 00:00:00,11.36944103,11.89999962,11.89999962,11.60000038,11.60000038,37514700,11.69957623,11.47543467,56979985,54.6888809,-0.040855815,0.007559242,-0.048415057,24.73780157
TRUE,2024-12-04 00:00:00,11.56052589,12.10000038,12.10000038,11.80000019,11.80000019,52679100,11.73771186,11.49992745,56974380,58.3872378,-0.002095378,0.005628318,-0.007723696,23.16310056
TRUE,2024-12-06 00:00:00,11.27390099,11.80000019,12.10000038,11.80000019,11.89999962,52769200,11.74364409,11.51169501,57310560,51.58568887,0.004364725,0.005375599,-0.001010874,21.70087819
TRUE,2024-12-09 00:00:00,11.27390099,11.80000019,12,11.80000019,11.80000019,22723500,11.74901133,11.52300109,54813905,51.58568887,0.009376319,0.006175743,0.003200576,20.34310028
TRUE,2024-12-11 00:00:00,11.36944103,11.89999962,12.10000038,11.60000038,11.69999981,102588600,11.76339117,11.53778535,57668600,53.67199874,0.021173091,0.009175213,0.011997879,19.72468058
TRUE,2024-12-12 00:00:00,11.36944103,11.89999962,12.10000038,11.80000019,11.80000019,58119300,11.7764015,11.55198983,59619550,53.67199874,0.030174288,0.013375028,0.01679926,19.15043371
TRUE,2024-12-13 00:00:00,11.27390099,11.80000019,11.89999962,11.60000038,11.89999962,89550000,11.77864899,11.56171573,63144400,51.11728524,0.028905479,0.016481118,0.012424361,19.22789569
TRUE,2024-12-16 00:00:00,11.36944103,11.89999962,11.89999962,11.69999981,11.69999981,67245500,11.7902062,11.57498176,61673875,53.50083525,0.035559153,0.020296725,0.015262428,19.29982467
TRUE,2024-12-17 00:00:00,10.98727608,11.5,12,11.5,11.80000019,128790100,11.76256751,11.5720413,65772725,44.21386282,0.008458111,0.017929002,-0.009470891,19.94173541
TRUE,2024-12-18 00:00:00,10.50956821,11,11.30000019,10.69999981,11.19999981,215097700,11.68994203,11.54960831,75619375,35.83920498,-0.052757328,0.003791736,-0.056549064,22.09014934
TRUE,2024-12-19 00:00:00,10.12740231,10.60000038,11,10.60000038,10.89999962,128495600,11.58613807,11.51236878,79027850,30.81124198,-0.13202572,-0.023371755,-0.108653965,24.22503724
TRUE,2024-12-20 00:00:00,10.12740231,10.60000038,10.80000019,10.30000019,10.5,121747700,11.49222019,11.47658963,83581160,30.81124198,-0.192626018,-0.057222608,-0.135403411,26.59298032
TRUE,2024-12-23 00:00:00,10.70065212,11.19999981,11.19999981,10.69999981,10.80000019,115140600,11.46438968,11.46574297,86446915,44.38465257,-0.190046515,-0.083787389,-0.106259126,27.22963
TRUE,2024-12-24 00:00:00,10.41402626,10.89999962,11.19999981,10.89999962,11.19999981,63658500,11.41063824,11.44355695,82256685,40.14402843,-0.209791403,-0.108988192,-0.100803211,27.8208047
TRUE,2024-12-25 00:00:00,10.31848526,10.80000019,11,10.69999981,10.89999962,41584700,11.35248224,11.41831943,81711630,38.81285923,-0.230847422,-0.133360038,-0.097487384,28.71329811
TRUE,2024-12-26 00:00:00,10.41402626,10.89999962,11.10000038,10.80000019,10.80000019,32574700,11.30938866,11.39799317,82178790,40.92254968,-0.2367364,-0.15403531,-0.08270109,29.15511411
TRUE,2024-12-27 00:00:00,10.50956821,11,11.19999981,10.80000019,11,33992600,11.27992307,11.38238559,82580635,43.03767033,-0.230675183,-0.169363285,-0.061311898,29.18076096
TRUE,2024-12-30 00:00:00,10.60511017,11.10000038,11.39999962,11,11,55030400,11.26278758,11.37131166,78252860,45.15240401,-0.215320351,-0.178554698,-0.036765653,28.47220849
TRUE,2025-01-02 00:00:00,10.70065212,11.19999981,11.39999962,10.69999981,11,81216000,11.25680779,11.36459355,78726485,47.26093929,-0.192859256,-0.18141561,-0.011443647,28.46816056
TRUE,2025-01-03 00:00:00,11.08281898,11.60000038,11.60000038,11.19999981,11.30000019,78790500,11.2894928,11.37382519,78965450,54.75388151,-0.141154829,-0.173363454,0.032208625,27.77392634
TRUE,2025-01-06 00:00:00,10.60511017,11.10000038,11.5,11,11.39999962,74968600,11.2714459,11.36308696,80838145,45.96316976,-0.1389231,-0.166475383,0.027552283,27.56448161
TRUE,2025-01-07 00:00:00,10.79619408,11.30000019,11.39999962,11,11.10000038,59447400,11.27416536,11.36061297,81176560,49.45860013,-0.119637024,-0.157107711,0.037470687,27.36999722
TRUE,2025-01-08 00:00:00,10.60511017,11.10000038,11.39999962,10.89999962,11.30000019,60150500,11.25757822,11.35039287,81545625,46.2375999,-0.119117867,-0.149509742,0.030391875,27.41311871
TRUE,2025-01-09 00:00:00,10.41402626,10.89999962,11.10000038,10.80000019,11.10000038,60616700,11.22352311,11.33273039,83440285,43.20725301,-0.133308128,-0.146269419,0.012961292,27.67412479
TRUE,2025-01-10 00:00:00,10.70065212,11.19999981,11.30000019,10.60000038,10.80000019,135346500,11.2212828,11.32752527,85078180,48.64426821,-0.118975034,-0.140810542,0.021835509,27.91648759
TRUE,2025-01-13 00:00:00,10.50956821,11,11.19999981,11,11,55872100,11.20020825,11.31468114,84965820,45.51586174,-0.122343961,-0.137117226,0.014773265,28.14153875
TRUE,2025-01-14 00:00:00,11.17835903,11.69999981,11.89999962,11.10000038,11.10000038,148590600,11.24780744,11.32979168,87917850,56.14629204,-0.067748761,-0.123243533,0.055494772,26.46809365
TRUE,2025-01-15 00:00:00,11.27390099,11.80000019,11.80000019,11.60000038,11.69999981,72727900,11.30039723,11.34823123,88191970,57.42429262,-0.016225439,-0.101839914,0.085614475,24.91418035
TRUE,2025-01-16 00:00:00,11.46498394,12,12.10000038,11.89999962,12,69250700,11.36702606,11.37379079,85215000,59.93884563,0.040281142,-0.073415703,0.113696845,24.28444739
TRUE,2025-01-17 00:00:00,11.56052589,12.10000038,12.10000038,11.80000019,11.89999962,53742300,11.43683314,11.40226959,77147230,61.17360616,0.092070873,-0.040318388,0.132389261,23.35865567
TRUE,2025-01-20 00:00:00,11.36944103,11.89999962,12.10000038,11.89999962,12,35323300,11.48094423,11.42178842,72488615,57.36537095,0.115643156,-0.009126079,0.124769235,22.49899193
TRUE,2025-01-21 00:00:00,11.36944103,11.89999962,12.19999981,11.89999962,12,48066800,11.52085427,11.4405418,68804570,57.36537095,0.132793599,0.019257857,0.113535742,21.98908541
TRUE,2025-01-22 00:00:00,11.27390099,11.80000019,12.10000038,11.5,12,145537300,11.5474396,11.45463821,70324405,55.36669001,0.136740075,0.0427543,0.093985775,20.67225058
TRUE,2025-01-23 00:00:00,11.08281898,11.60000038,11.80000019,11.60000038,11.69999981,47515600,11.55244539,11.46033868,69517260,51.50183573,0.122319352,0.058667311,0.063652041,19.44947538
TRUE,2025-01-24 00:00:00,11.27390099,11.80000019,11.89999962,11.60000038,11.69999981,50102000,11.57602203,11.47365874,69943125,54.89274119,0.125581512,0.072050151,0.053531361,18.1420691
TRUE,2025-01-27 00:00:00,11.27390099,11.80000019,12,11.60000038,11.80000019,47544700,11.59735329,11.48645645,70691625,54.89274119,0.126706207,0.082981362,0.043724845,17.25704626
TRUE,2025-01-28 00:00:00,11.27390099,11.80000019,12,11.60000038,11.89999962,41181900,11.61665299,11.49875228,71051090,54.89274119,0.126143434,0.091613776,0.034529657,16.43523933
TRUE,2025-01-29 00:00:00,11.27390099,11.80000019,11.80000019,11.69999981,11.80000019,7112000,11.63411463,11.51056592,68655170,54.89274119,0.124264982,0.098144018,0.026120964,15.67213289
TRUE,2025-01-30 00:00:00,11.36944103,11.89999962,11.89999962,11.69999981,11.80000019,36987000,11.65943701,11.52583783,66443720,56.91850058,0.129354298,0.104386074,0.024968224,15.33375008
TRUE,2025-01-31 00:00:00,11.17835903,11.69999981,12,11.5,11.89999962,55850400,11.66330013,11.53266771,65296715,51.89840291,0.11591313,0.106691485,0.009221645,14.29659836
TRUE,2025-02-03 00:00:00,11.08281898,11.60000038,11.60000038,11.30000019,11.5,63718900,11.65727159,11.53530821,64734230,49.5454403,0.09608419,0.104570026,-0.008485836,14.05882433
TRUE,2025-02-04 00:00:00,11.17835903,11.69999981,11.69999981,11.5,11.60000038,69429400,11.66134094,11.54176671,65233330,51.89422356,0.087430882,0.101142197,-0.013711315,13.42393084
TRUE,2025-02-05 00:00:00,11.46498394,12,12.10000038,11.69999981,11.80000019,84002300,11.69359418,11.55973664,66425920,58.18347758,0.103586501,0.101631058,0.001955443,13.47582871
TRUE,2025-02-06 00:00:00,11.27390099,11.80000019,12,11.69999981,12,67955300,11.70372809,11.56915874,66792850,53.19082478,0.099109163,0.101126679,-0.002017516,13.5240196
TRUE,2025-02-07 00:00:00,11.56052589,12.10000038,12.10000038,11.69999981,11.89999962,68095900,11.74146831,11.58997606,63430320,58.88935221,0.118403467,0.104582037,0.013821431,13.87887754
TRUE,2025-02-10 00:00:00,12.13377476,12.69999981,12.80000019,12.10000038,12.19999981,186600200,11.83275702,11.6335064,69966725,67.42957294,0.180033962,0.119672422,0.060361541,15.81530127
TRUE,2025-02-11 00:00:00,12.03823376,12.60000038,12.69999981,12.39999962,12.60000038,80865900,11.90582782,11.67140813,66580490,65.00576604,0.218291131,0.139396164,0.078894968,17.61340902
TRUE,2025-02-13 00:00:00,11.94269085,12.5,12.89999962,12.39999962,12.60000038,103196200,11.96241565,11.70390192,68103905,62.58310024,0.23779981,0.159076893,0.078722917,19.63628045
TRUE,2025-02-14 00:00:00,12.22931576,12.80000019,12.80000019,12.39999962,12.5,75830100,12.0421856,11.74688617,68432875,66.60414371,0.274306057,0.182122726,0.092183332,21.51466107
TRUE,2025-02-17 00:00:00,12.13377476,12.69999981,13,12.60000038,12.89999962,43844700,12.10483457,11.78426318,67937995,64.13015307,0.291804585,0.204059098,0.087745487,23.60093341
TRUE,2025-02-18 00:00:00,12.03823376,12.60000038,12.80000019,12.5,12.60000038,39344700,12.15199322,11.81625287,68139065,61.66351394,0.294211686,0.222089615,0.072122071,25.04809437
TRUE,2025-02-19 00:00:00,12.61148167,13.19999981,13.30000019,12.5,12.60000038,157638000,12.25180337,11.87051746,73617625,69.29473725,0.340607955,0.245793283,0.094814672,27.18129958
TRUE,2025-02-20 00:00:00,12.22931576,12.80000019,13.19999981,12.69999981,13,96582000,12.30401259,11.90696776,71169860,60.62986987,0.341167934,0.264868213,0.07629972,29.162133
TRUE,2025-02-21 00:00:00,12.22931576,12.80000019,13,11.89999962,12,206123700,12.35124951,11.94198864,79100265,60.62986987,0.33771871,0.279438313,0.058280398,28.04082354
TRUE,2025-02-24 00:00:00,11.46498394,12,12.80000019,12,12.69999981,123448700,12.31779717,11.94426359,82767600,46.99835298,0.267350002,0.277020651,-0.009670649,26.99960761
TRUE,2025-02-25 00:00:00,10.98727608,11.5,11.89999962,11.30000019,11.89999962,165703000,12.23991173,11.92684149,88675515,40.82095838,0.169285059,0.255473532,-0.086188473,25.84001956
TRUE,2025-02-26 00:00:00,11.46498394,12,12.19999981,11.60000038,11.60000038,105301700,12.21706299,11.92971045,91881505,48.15900871,0.130410417,0.230460909,-0.100050492,24.0534481
TRUE,2025-02-27 00:00:00,11.27390099,11.80000019,12,11.80000019,12,61452400,12.17734273,11.92462378,94598525,45.71706654,0.082512517,0.200871231,-0.118358714,22.39448889
TRUE,2025-02-28 00:00:00,10.98727608,11.5,11.80000019,11.5,11.60000038,130729300,12.11283389,11.90797186,99285640,42.25590495,0.020113719,0.164719728,-0.144606009,21.52161542
TRUE,2025-03-03 00:00:00,10.89173317,11.39999962,11.69999981,11.30000019,11.5,78073000,12.04494492,11.88805138,100396770,41.13788316,-0.036980682,0.124379646,-0.161360328,21.11770184
TRUE,2025-03-04 00:00:00,10.60511017,11.10000038,11.5,10.80000019,11.30000019,128076700,11.9549502,11.85714742,103614660,37.89832312,-0.105222894,0.078459138,-0.183682032,21.61854073
TRUE,2025-03-05 00:00:00,10.70065212,11.19999981,11.5,10.89999962,11.10000038,104708700,11.88305016,11.83137693,105378625,39.60559561,-0.14951273,0.032864764,-0.182377495,22.08360541
TRUE,2025-03-06 00:00:00,10.41402626,10.89999962,11.19999981,10.80000019,11.19999981,122305600,11.7894263,11.79485233,107293790,36.37480447,-0.206440535,-0.014996295,-0.19144424,22.68333011
TRUE,2025-03-07 00:00:00,10.50956821,11,11.10000038,10.80000019,10.89999962,108222400,11.71424284,11.76368165,109307145,38.1849414,-0.240712255,-0.060139487,-0.180572767,23.24021733
TRUE,2025-03-10 00:00:00,10.41402626,10.89999962,11.10000038,10.80000019,10.89999962,65401800,11.63669587,11.72981176,109172440,37.04979268,-0.272797396,-0.102671069,-0.170126327,23.75732689
TRUE,2025-03-11 00:00:00,10.50956821,11,11.10000038,10.80000019,10.89999962,90577000,11.57605817,11.7011917,104371280,39.00258801,-0.286849286,-0.139506712,-0.147342574,24.23750006
TRUE,2025-03-12 00:00:00,10.12740231,10.60000038,11,10.10000038,10.89999962,251676200,11.48310028,11.65800772,112911795,34.40505904,-0.326498466,-0.176905063,-0.149593403,25.8523912
TRUE,2025-03-13 00:00:00,10.12740231,10.60000038,10.80000019,10.39999962,10.60000038,98494000,11.39899553,11.61651724,112676685,34.40505904,-0.353841857,-0.212292422,-0.141549435,27.35193298
TRUE,2025-03-14 00:00:00,10.31848526,10.80000019,10.89999962,10.5,10.69999981,70413300,11.34194836,11.58449696,112405845,38.60192569,-0.355277956,-0.240889529,-0.114388427,28.35061237
TRUE,2025-03-17 00:00:00,10.31848526,10.80000019,10.89999962,10.69999981,10.69999981,53845200,11.29033424,11.55373238,112905870,38.60192569,-0.352354353,-0.263182494,-0.089171859,29.27795751
TRUE,2025-03-18 00:00:00,10.31848526,10.80000019,10.89999962,10.60000038,10.80000019,64447800,11.24363576,11.52417426,114161025,38.60192569,-0.346048347,-0.279755664,-0.066292682,30.31389258
TRUE,2025-03-19 00:00:00,10.41402626,10.89999962,11,10.60000038,10.80000019,63786800,11.21090851,11.49969682,109468465,40.96086514,-0.32918701,-0.289641933,-0.039545077,30.83423573
TRUE,2025-03-20 00:00:00,10.22294426,10.69999981,11,10.69999981,11,63705300,11.16225054,11.46833615,107824630,37.83032774,-0.328179543,-0.297349455,-0.030830088,31.31741151
TRUE,2025-03-21 00:00:00,10.60511017,11.10000038,11.10000038,10.69999981,10.80000019,177598800,11.15632195,11.45389161,106398385,46.6177651,-0.291741402,-0.296227845,0.004486443,31.29922937
TRUE,2025-03-24 00:00:00,10.98727608,11.5,11.60000038,11,11.30000019,109115500,11.1890532,11.45569979,105681725,53.67004007,-0.22795951,-0.282574178,0.054614667,29.37564188
TRUE,2025-03-25 00:00:00,11.27390099,11.80000019,11.89999962,11.5,11.60000038,114883900,11.24723862,11.46920176,103140770,58.13697596,-0.151458475,-0.256351037,0.104892562,27.83230351
TRUE,2025-03-26 00:00:00,11.27390099,11.80000019,12,11.60000038,11.89999962,79993900,11.29988258,11.48217425,101875380,58.13697596,-0.089795744,-0.223039978,0.133244235,26.66321644
TRUE,2025-03-27 00:00:00,11.27390099,11.80000019,12,11.80000019,11.80000019,49737400,11.34751283,11.49463801,101289630,58.13697596,-0.040461174,-0.186524217,0.146063044,25.5776356
TRUE,2025-03-28 00:00:00,11.46498394,12,12,11.69999981,11.80000019,39406900,11.40965447,11.51445613,96723510,61.24800431,0.014606764,-0.146298021,0.160904785,24.21598511
TRUE,2025-03-31 00:00:00,11.17835903,11.69999981,12,11.60000038,11.80000019,90993100,11.4373064,11.52173235,97369515,54.68344102,0.033653062,-0.110307805,0.143960866,22.60431052
TRUE,2025-04-01 00:00:00,11.56052589,12.10000038,12.19999981,11.80000019,11.89999962,58676400,11.50042012,11.54440953,93899500,60.72747006,0.080100741,-0.072226095,0.152326837,21.73658054
TRUE,2025-04-02 00:00:00,11.36944103,11.89999962,12.19999981,11.89999962,12.10000038,52227000,11.53847531,11.55835424,91275415,56.65844826,0.099624068,-0.037856063,0.137480131,20.93083127
TRUE,2025-04-03 00:00:00,11.56052589,12.10000038,12.10000038,11.80000019,11.80000019,48980100,11.59195389,11.57959526,87609140,59.57543758,0.129739281,-0.004336994,0.134076275,19.79330722
TRUE,2025-04-04 00:00:00,10.98727608,11.5,12.10000038,11.39999962,12,105504600,11.58319637,11.57647388,87473250,48.93509973,0.103992033,0.017328811,0.086663222,19.3368235
TRUE,2025-04-08 00:00:00,11.17835903,11.69999981,11.69999981,10.80000019,10.89999962,122376400,11.59432051,11.58131804,90321980,52.01180124,0.098588994,0.033580848,0.065008146,20.27802566
TRUE,2025-04-09 00:00:00,10.79619408,11.30000019,11.80000019,11.30000019,11.69999981,86214100,11.56629,11.57028596,90103835,46.03747358,0.061323521,0.039129382,0.022194138,20.79135558
TRUE,2025-04-10 00:00:00,11.36944103,11.89999962,12,11.5,11.69999981,81368000,11.59807187,11.58321591,81588425,54.48316389,0.079291284,0.047161763,0.032129521,20.57751461
TRUE,2025-04-11 00:00:00,11.17835903,11.69999981,12.10000038,11.69999981,12,34159700,11.60777929,11.58779567,78371710,51.58495703,0.076510586,0.053031527,0.023479058,20.04881657
TRUE,2025-04-16 00:00:00,11.17835903,11.69999981,12,11.69999981,11.89999962,47435676,11.6165622,11.59219583,77222828.8,51.58495703,0.073460061,0.057117234,0.016342827,19.55788268
TRUE,2025-04-17 00:00:00,11.08281898,11.60000038,11.89999962,11.60000038,11.80000019,29888900,11.61498488,11.59250189,76025013.8,50.04136162,0.062255734,0.058144934,0.0041108,19.37193318
TRUE,2025-04-18 00:00:00,11.36944103,11.89999962,12.10000038,11.60000038,11.69999981,50559300,11.64212914,11.60456063,75330588.8,54.44538952,0.076699512,0.06185585,0.014843662,18.48326876
TRUE,2025-04-21 00:00:00,11.46498394,12,12,11.80000019,11.89999962,36302800,11.67621208,11.62006805,73956388.8,55.84274757,0.095119032,0.068508486,0.026610546,17.65808038
TRUE,2025-04-22 00:00:00,11.46498394,12,12.10000038,11.80000019,11.80000019,68253100,11.70704903,11.63496735,74183778.8,55.84274757,0.108466302,0.076500049,0.031966253,16.53019939
TRUE,2025-04-23 00:00:00,11.46498394,12,12.10000038,11.89999962,12,31535400,11.73494912,11.64928235,66880608.8,55.84274757,0.117687481,0.084737536,0.032949946,15.48288132
TRUE,2025-04-24 00:00:00,11.27390099,11.80000019,12,11.80000019,11.89999962,37164700,11.74114446,11.65519286,63283068.8,51.86844807,0.107616484,0.089313325,0.018303159,14.87523398
TRUE,2025-04-25 00:00:00,11.36944103,11.89999962,12,11.80000019,11.89999962,39101200,11.75627352,11.66479312,59493933.8,53.64486255,0.106476865,0.092746033,0.013730832,14.31099001
TRUE,2025-04-28 00:00:00,11.27390099,11.80000019,11.89999962,11.80000019,11.80000019,27313400,11.76043797,11.67009536,56859908.8,51.59417363,0.096393427,0.093475512,0.002917915,13.78704918
TRUE,2025-04-29 00:00:00,11.46498394,12,12,11.69999981,11.80000019,52163800,11.7832534,11.6830328,56981228.8,55.2765149,0.103349198,0.095450249,0.007898949,13.3005327
TRUE,2025-04-30 00:00:00,11.56052589,12.10000038,12.19999981,11.80000019,11.89999962,90916200,11.81341978,11.69938447,59556693.8,57.03639808,0.115598345,0.099479868,0.016118477,12.79077307
TRUE,2025-05-02 00:00:00,11.75160885,12.30000019,12.39999962,12.10000038,12.19999981,70720200,11.85976077,11.72293802,58543048.8,60.39323455,0.139832297,0.107550354,0.032281943,13.10044729
TRUE,2025-05-06 00:00:00,11.8471489,12.39999962,12.60000038,12.19999981,12.30000019,99337500,11.91121209,11.74948946,60576103.8,61.99225572,0.165202643,0.119080812,0.046121831,14.04952144
TRUE,2025-05-07 00:00:00,12.03823376,12.60000038,12.80000019,12.5,12.69999981,143581900,11.97681097,11.78284283,65143848.8,65.03288491,0.19915152,0.135094953,0.064056566,15.49562071
TRUE,2025-05-08 00:00:00,11.94269085,12.5,12.89999962,12.30000019,12.60000038,134373200,12.0266385,11.81096664,69413503.8,62.34715288,0.215502872,0.151176537,0.064326335,15.84380301
TRUE,2025-05-09 00:00:00,12.13377476,12.69999981,12.69999981,12.39999962,12.60000038,94391400,12.09076815,11.84583069,68857843.8,65.42277127,0.241812287,0.169303687,0.0725086,16.16711514
TRUE,2025-05-13 00:00:00,11.56052589,12.10000038,12.89999962,12,12.89999962,150455500,12.09164741,11.85579812,70261798.8,51.76258744,0.21180618,0.177804186,0.034001994,15.22424377
TRUE,2025-05-14 00:00:00,11.94269085,12.5,12.60000038,12,12.10000038,78010600,12.13053813,11.88106094,69851623.8,58.05102037,0.217792177,0.185801784,0.031990393,14.34872036
TRUE,2025-05-15 00:00:00,11.94269085,12.5,12.5,12.39999962,12.5,40291500,12.16572498,11.90533306,67797798.8,58.05102037,0.220000098,0.192641447,0.027358652,13.53573433
TRUE,2025-05-16 00:00:00,11.8471489,12.39999962,12.60000038,12.30000019,12.5,42859200,12.18803685,11.92473175,68232773.8,55.93671912,0.211245589,0.196362275,0.014883314,12.77679792
TRUE,2025-05-19 00:00:00,11.8471489,12.39999962,12.60000038,12.30000019,12.39999962,47361100,12.20822378,11.94336971,68229045,55.93671912,0.201979286,0.197485677,0.004493609,12.07207125
TRUE,2025-05-20 00:00:00,11.75160885,12.30000019,12.5,12.30000019,12.39999962,39954000,12.21696439,11.95735522,68732300,53.66971895,0.184440442,0.19487663,-0.010436188,11.4176822
TRUE,2025-05-21 00:00:00,11.94269085,12.5,12.5,12.19999981,12.30000019,53055000,12.24392016,11.9786354,68857085,57.38926814,0.184551697,0.192811644,-0.008259946,10.88341944
TRUE,2025-05-22 00:00:00,11.75160885,12.30000019,12.5,12.30000019,12.39999962,73684000,12.24926112,11.99123794,70726145,52.822306,0.166581309,0.187565577,-0.020984267,10.38731831
TRUE,2025-05-23 00:00:00,12.13377476,12.69999981,12.69999981,12.5,12.60000038,38238600,12.29218861,12.01903253,69225420,59.72538443,0.182512385,0.186554938,-0.004042554,10.35684257
TRUE,2025-05-26 00:00:00,12.22931576,12.80000019,12.89999962,12.5,12.69999981,94487100,12.34055162,12.04965871,72373005,61.25183926,0.200891321,0.189422215,0.011469106,11.13812208
TRUE,2025-05-27 00:00:00,12.13377476,12.69999981,12.89999962,12.69999981,12.80000019,70166900,12.37478478,12.07516228,74023115,58.84978871,0.205024175,0.192542607,0.012481568,11.86359592
TRUE,2025-05-28 00:00:00,12.13377476,12.69999981,12.89999962,12.69999981,12.80000019,37920600,12.40575764,12.09966572,73964085,58.84978871,0.205925708,0.195219227,0.010706481,12.5372502
TRUE,2025-05-29 00:00:00,12.13377476,12.69999981,12.80000019,12.69999981,12.80000019,57182100,12.4337807,12.12320823,75457520,58.84978871,0.204285305,0.197032443,0.007252863,13.16278631
TRUE,2025-05-30 00:00:00,11.94269085,12.5,12.69999981,12.39999962,12.60000038,74066500,12.4400873,12.13798438,76552655,53.59925186,0.184717651,0.194569485,-0.009851833,12.45626848
TRUE,2025-06-04 00:00:00,11.8471489,12.39999962,12.60000038,12.30000019,12.39999962,52745400,12.43626943,12.14825948,74644115,51.14230448,0.159304585,0.187516505,-0.028211919,12.26849514
TRUE,2025-06-05 00:00:00,12.13377476,12.69999981,12.69999981,12.30000019,12.5,63137900,12.46138661,12.16989636,74265000,57.44456964,0.161510266,0.182315257,-0.020804991,11.56049191
TRUE,2025-06-06 00:00:00,11.94269085,12.5,12.69999981,12.5,12.69999981,35310600,12.46506407,12.1828416,71063655,52.57556308,0.14544339,0.174940884,-0.029497494,10.90306033
TRUE,2025-06-09 00:00:00,11.75160885,12.30000019,12.60000038,12.30000019,12.60000038,53139100,12.4493437,12.18743605,66541515,48.17788167,0.115243506,0.163001408,-0.047757902,11.24309667
TRUE,2025-06-10 00:00:00,11.8471489,12.39999962,12.5,12.19999981,12.30000019,54654600,12.44464427,12.19577188,62555585,50.41132507,0.098246474,0.150050421,-0.051803947,11.9706857
TRUE,2025-06-11 00:00:00,11.56052589,12.10000038,12.39999962,12.10000038,12.39999962,46700700,12.41182104,12.19201614,60171050,44.24992204,0.059878531,0.132016043,-0.072137512,13.03116416
TRUE,2025-06-12 00:00:00,11.46498394,12,12.19999981,11.89999962,12.10000038,87272100,12.37259999,12.18448609,57011880,42.39005591,0.021158561,0.109844547,-0.088685986,14.68862244
TRUE,2025-06-13 00:00:00,11.36944103,11.89999962,12,11.80000019,11.89999962,48943000,12.32759043,12.17332976,55558500,40.55439773,-0.017395959,0.084396446,-0.101792405,16.52285434
TRUE,2025-06-16 00:00:00,11.46498394,12,12.19999981,11.80000019,11.89999962,84305700,12.29639134,12.16653251,57759210,43.20312329,-0.039427009,0.059631755,-0.099058763,16.99799959
TRUE,2025-06-17 00:00:00,11.17835903,11.69999981,12.10000038,11.69999981,12,56260400,12.23959215,12.14823711,58429270,37.76650782,-0.080170131,0.031671378,-0.111841509,17.778735
TRUE,2025-06-18 00:00:00,10.50956821,11,11.60000038,10.89999962,11.60000038,175965100,12.12153575,12.10320821,64859470,28.69339227,-0.167018202,-0.008066538,-0.158951664,20.29370327
TRUE,2025-06-19 00:00:00,10.22294426,10.69999981,10.89999962,10.5,10.69999981,146254400,11.98615138,12.04818043,70174490,25.82939772,-0.25708986,-0.057871203,-0.199218657,23.1585899
TRUE,2025-06-20 00:00:00,9.936319351,10.39999962,10.89999962,10.19999981,10.80000019,204613400,11.8350893,11.98354589,77752410,23.32242985,-0.348660663,-0.116029095,-0.232631568,26.13840633
TRUE,2025-06-23 00:00:00,9.936319351,10.39999962,10.69999981,10.10000038,10.30000019,165489900,11.6984141,11.92144603,82342705,23.32242985,-0.416430829,-0.176109442,-0.240321387,29.00316657
TRUE,2025-06-24 00:00:00,10.31848526,10.80000019,10.89999962,10.60000038,10.69999981,195191000,11.61285087,11.87746776,90190325,33.32889307,-0.432872585,-0.22746207,-0.205410514,30.74362075
TRUE,2025-06-25 00:00:00,10.50956821,11,11,10.69999981,10.80000019,75059000,11.55448412,11.84305726,89218920,37.70623521,-0.42486688,-0.266943032,-0.157923848,31.92118584
TRUE,2025-06-26 00:00:00,10.60511017,11.10000038,11.5,10.89999962,11.5,114567000,11.51119995,11.81391778,91438925,39.83332393,-0.405775579,-0.294709542,-0.111066037,31.14967741
TRUE,2025-06-27 00:00:00,10.41402626,10.89999962,11.10000038,10.69999981,11.10000038,84283500,11.4529904,11.77807785,93757070,37.10446035,-0.40214826,-0.316197285,-0.085950975,30.83314354
TRUE,2025-06-30 00:00:00,10.60511017,11.10000038,11.39999962,10.89999962,11.19999981,206316300,11.4193723,11.75148658,101213780,41.42587342,-0.378768981,-0.328711624,-0.050057356,29.60826823
TRUE,2025-07-01 00:00:00,10.70065212,11.19999981,11.39999962,11,11.10000038,111601300,11.39847968,11.72985964,103090520,43.51557928,-0.348158264,-0.332600952,-0.015557311,28.470884
TRUE,2025-07-02 00:00:00,10.79619408,11.30000019,11.30000019,11.10000038,11.19999981,85312200,11.38910068,11.71300241,104718860,45.60546913,-0.312230654,-0.328526893,0.016296239,27.41474151
TRUE,2025-07-03 00:00:00,10.60511017,11.10000038,11.39999962,11,11.19999981,72908800,11.36156732,11.68896312,105207405,42.23938538,-0.296478459,-0.322117206,0.025638747,26.68720102
TRUE,2025-07-04 00:00:00,10.31848526,10.80000019,11.10000038,10.80000019,11,62762600,11.30808474,11.65410182,106580005,37.73969151,-0.304689962,-0.318631757,0.013941795,26.49202302
TRUE,2025-07-07 00:00:00,10.79619408,11.30000019,11.30000019,10.80000019,10.89999962,146823000,11.30731478,11.64021549,111264200,47.7333248,-0.267765186,-0.308458443,0.040693257,25.59836349
TRUE,2025-07-08 00:00:00,10.60511017,11.10000038,11.30000019,11.10000038,11.19999981,75648611,11.28757055,11.61903058,112313900.6,44.64628833,-0.251738464,-0.297114447,0.045375983,24.76853678
TRUE,2025-07-09 00:00:00,10.50956821,11,11.19999981,10.89999962,11.10000038,48615500,11.26018288,11.59475487,112409640.6,43.14385308,-0.244290339,-0.286549626,0.042259286,24.52242174
TRUE,2025-07-11 00:00:00,10.41402626,10.89999962,11.10000038,10.89999962,10.89999962,61738600,11.22587971,11.56750957,111132965.6,41.63497753,-0.243648217,-0.277969344,0.034321127,24.29388634
TRUE,2025-07-14 00:00:00,10.60511017,11.10000038,11.10000038,10.80000019,10.89999962,108377200,11.2138912,11.54917587,114104675.6,45.72345288,-0.224414035,-0.267258282,0.042844247,24.34670915
TRUE,2025-07-15 00:00:00,10.79619408,11.30000019,11.30000019,10.89999962,11.10000038,119382600,11.22209206,11.53940428,115858520.6,49.53076157,-0.190832693,-0.251973164,0.061140471,23.57222506
TRUE,2025-07-16 00:00:00,10.70065212,11.19999981,11.30000019,11.10000038,11.30000019,103674300,11.21998804,11.5260943,118229215.6,47.72800967,-0.170325033,-0.235643538,0.065318505,22.85306127
TRUE,2025-07-17 00:00:00,10.50956821,11,11.19999981,10.89999962,11.10000038,193401600,11.1990368,11.50546315,119101040.6,44.25848406,-0.168271151,-0.222169061,0.053897909,22.78216097
TRUE,2025-07-18 00:00:00,10.60511017,11.10000038,11.30000019,11,11,173973400,11.18960476,11.48956265,120486990.6,46.35818292,-0.156767127,-0.209088674,0.052321547,22.2859033
TRUE,2025-07-21 00:00:00,10.41402626,10.89999962,11.10000038,10.80000019,11,73644000,11.16202331,11.46644253,113938520.6,42.87929414,-0.161921959,-0.199655331,0.037733372,22.40375359
TRUE,2025-07-22 00:00:00,10.22294426,10.69999981,10.89999962,10.69999981,10.80000019,92530400,11.11802108,11.43638595,110290545.6,39.67307901,-0.180069782,-0.195738221,0.015668439,22.78090682
TRUE,2025-07-23 00:00:00,10.50956821,11,11.10000038,10.69999981,10.80000019,96532500,11.10678097,11.41927278,105357620.6,46.17451935,-0.168304445,-0.190251466,0.021947021,22.25604427
TRUE,2025-07-24 00:00:00,10.50956821,11,11.10000038,10.80000019,11,79797200,11.09661136,11.40283071,105594530.6,46.17451935,-0.157168589,-0.183634891,0.026466302,21.76867191
TRUE,2025-07-25 00:00:00,10.31848526,10.80000019,11,10.69999981,10.89999962,52812200,11.06836267,11.3791903,102506790.6,42.62295721,-0.162607221,-0.179429357,0.016822135,21.6344844
TRUE,2025-07-29 00:00:00,10.22294426,10.69999981,10.89999962,10.69999981,10.80000019,53594600,11.0332805,11.35255537,100972345.6,40.92786668,-0.172992423,-0.17814197,0.005149547,21.50988172
TRUE,2025-07-30 00:00:00,9.936319351,10.39999962,10.80000019,10.10000038,10.69999981,292427815,10.97296803,11.31520025,105277921.3,36.26796201,-0.203089192,-0.183131414,-0.019957778,22.92966928
TRUE,2025-07-31 00:00:00,9.936319351,10.39999962,10.60000038,10.19999981,10.30000019,161727600,10.91839961,11.27931003,107784236.3,36.26796201,-0.224354875,-0.191376106,-0.032978769,24.24804344
TRUE,2025-08-01 00:00:00,9.840777397,10.30000019,10.69999981,10.30000019,10.5,117406300,10.85950443,11.24090572,109388941.3,34.73891943,-0.246436434,-0.202388172,-0.044048262,24.97425383
TRUE,2025-08-04 00:00:00,10.31848526,10.80000019,10.80000019,10.30000019,10.39999962,119195100,10.85383736,11.22361531,111703256.3,46.81311387,-0.221042369,-0.206119011,-0.014923358,25.16444186
TRUE,2025-08-05 00:00:00,10.41402626,10.89999962,11,10.69999981,10.80000019,89849000,10.85823376,11.2109245,113057576.3,48.85133095,-0.19065057,-0.203025323,0.012374753,24.44785863
TRUE,2025-08-06 00:00:00,10.70065212,11.19999981,11.30000019,10.69999981,11,182811000,10.89078291,11.21049608,114856976.3,54.48635978,-0.140735037,-0.190567266,0.049832229,22.74436283
TRUE,2025-08-07 00:00:00,10.50956821,11,11.39999962,11,11.19999981,113973800,10.90118454,11.20224133,116773235.8,50.49259715,-0.115978007,-0.175649414,0.059671407,21.49451068
TRUE,2025-08-08 00:00:00,10.31848526,10.80000019,11.10000038,10.69999981,11,114241300,10.89154793,11.18646717,120054525.8,46.79847825,-0.111214189,-0.162762369,0.05154818,20.57099819
TRUE,2025-08-13 00:00:00,10.31848526,10.80000019,11,10.60000038,10.89999962,84862400,10.8828291,11.1713116,121210715.8,46.79847825,-0.106214454,-0.151452786,0.045238332,20.00727914
TRUE,2025-08-14 00:00:00,10.22294426,10.69999981,10.80000019,10.60000038,10.80000019,83572200,10.86541679,11.15282878,119970465.8,44.89384482,-0.1090641,-0.142975049,0.033910949,19.48382574
TRUE,2025-08-15 00:00:00,10.31848526,10.80000019,11,10.69999981,10.69999981,41341100,10.85918664,11.13899237,116068390.8,47.20769369,-0.102076595,-0.134795358,0.032718763,18.23722852
TRUE,2025-08-18 00:00:00,10.31848526,10.80000019,10.89999962,10.69999981,10.89999962,48691500,10.85354983,11.12569856,113319250.8,47.20769369,-0.095438787,-0.126924044,0.031485257,17.07967396
TRUE,2025-08-19 00:00:00,10.50956821,11,11.19999981,10.69999981,10.80000019,78996100,10.86749747,11.1207692,107598975.8,51.89302416,-0.073196204,-0.116178476,0.042982272,16.74349458
TRUE,2025-08-20 00:00:00,10.98727608,11.5,11.5,11,11.10000038,119615100,10.9277358,11.135641,104881060.8,61.17095978,-0.015049493,-0.095952679,0.080903186,17.25735613
TRUE,2025-08-21 00:00:00,10.79619408,11.30000019,11.80000019,11.19999981,11.60000038,130748800,10.96318955,11.14208646,107736300.8,56.47879773,0.014724149,-0.073817314,0.088541463,18.41059473
TRUE,2025-08-22 00:00:00,11.27390099,11.80000019,11.89999962,11.19999981,11.30000019,131350400,11.04288581,11.16788699,109677300.8,63.92818864,0.077769321,-0.043499987,0.121269307,19.6848666
TRUE,2025-08-25 00:00:00,11.17835903,11.69999981,11.89999962,11.5,11.89999962,117430400,11.10546809,11.18875416,110722195.8,61.65515628,0.118300187,-0.011139952,0.129440139,20.86811906
TRUE,2025-08-26 00:00:00,11.46498394,12,12.19999981,11.60000038,11.60000038,204454300,11.19066161,11.22056773,116955050.8,65.6060866,0.172638629,0.025615764,0.147022864,22.5565735
TRUE,2025-08-27 00:00:00,11.27390099,11.80000019,12,11.69999981,12,75022500,11.24869385,11.24329057,118065565.8,61.08716213,0.197289689,0.059950549,0.13733914,24.12442405
TRUE,2025-08-28 00:00:00,11.27390099,11.80000019,12,11.69999981,11.80000019,57353400,11.30119922,11.26512232,118253505.8,61.08716213,0.214354882,0.090831416,0.123523467,25.58028528
TRUE,2025-08-29 00:00:00,10.89173317,11.39999962,11.80000019,11.39999962,11.80000019,133930100,11.31060878,11.27041162,110328620,52.67185516,0.19337338,0.111339809,0.082033571,25.49502579
TRUE,2025-09-01 00:00:00,10.89173317,11.39999962,11.60000038,11.30000019,11.39999962,67312200,11.31912219,11.27549351,105607850,52.67185516,0.174731195,0.124018086,0.050713109,24.99293232
TRUE,2025-09-02 00:00:00,11.17835903,11.69999981,11.69999981,11.39999962,11.5,69350100,11.35539625,11.29214081,103205040,57.73615387,0.182065896,0.135627648,0.046438248,24.81069211
TRUE,2025-09-03 00:00:00,10.89173317,11.39999962,11.80000019,11.39999962,11.69999981,95451800,11.35964419,11.29637057,102017875,51.77039132,0.161805992,0.140863317,0.020942675,24.91787776
TRUE,2025-09-04 00:00:00,10.70065212,11.19999981,11.60000038,11.19999981,11.39999962,106611400,11.34443996,11.29259132,102855995,48.19508238,0.128134504,0.138317554,-0.01018305,24.14192407
TRUE,2025-09-05 00:00:00,10.79619408,11.30000019,11.39999962,11.10000038,11.30000019,89608800,11.34020761,11.29288187,98195885,50.05247147,0.108270725,0.132308188,-0.024037463,23.01686459
TRUE,2025-09-08 00:00:00,10.79619408,11.30000019,11.5,11.19999981,11.39999962,65212800,11.33637833,11.29316102,95757835,50.05247147,0.091474081,0.124141367,-0.032667286,22.30432194
TRUE,2025-09-09 00:00:00,10.89173317,11.39999962,11.60000038,11.30000019,11.39999962,94722000,11.3424375,11.29735077,94781870,52.04643859,0.085249039,0.116362901,-0.031113862,21.96462387
TRUE,2025-09-10 00:00:00,10.79619408,11.30000019,11.5,11.19999981,11.39999962,100029100,11.33839585,11.29745467,95540205,49.90108604,0.071423209,0.107374963,-0.035951754,21.20528937
TRUE,2025-09-11 00:00:00,10.79619408,11.30000019,11.39999962,11.30000019,11.30000019,13500300,11.33473912,11.29755449,92036610,49.90108604,0.059777065,0.097855383,-0.038078318,20.50019305
TRUE,2025-09-12 00:00:00,10.70065212,11.19999981,11.39999962,11.10000038,11.39999962,76589800,11.32190681,11.29372882,93799045,47.6243623,0.041994136,0.086683134,-0.044688998,19.09500066
TRUE,2025-09-15 00:00:00,10.79619408,11.30000019,11.30000019,11,11.19999981,98471600,11.31982046,11.29397475,96288050,50.07728153,0.035560314,0.07645857,-0.040898256,18.18368927
TRUE,2025-09-16 00:00:00,10.79619408,11.30000019,11.30000019,11.10000038,11.19999981,83194500,11.31793282,11.29421104,96497970,50.07728153,0.030114324,0.067189721,-0.037075396,17.33747154
TRUE,2025-09-17 00:00:00,10.89173317,11.39999962,11.39999962,11.19999981,11.30000019,86982800,11.3257487,11.29835962,94866355,52.64913975,0.033481503,0.060448077,-0.026966574,16.10618785
TRUE,2025-09-18 00:00:00,10.79619408,11.30000019,11.39999962,11.10000038,11.39999962,59642700,11.32329646,11.29842395,91311050,49.88172082,0.027760887,0.053910639,-0.026149752,15.38616826
TRUE,2025-09-19 00:00:00,10.31848526,10.80000019,11.19999981,10.80000019,11.19999981,123947300,11.27345872,11.27887792,90940895,38.87789824,-0.016923479,0.039743815,-0.056667295,15.8255877
TRUE,2025-09-22 00:00:00,10.22294426,10.69999981,10.89999962,10.60000038,10.80000019,97577200,11.21884359,11.25617682,89948235,37.11445466,-0.059716977,0.019851657,-0.079568634,16.8274295
TRUE,2025-09-23 00:00:00,10.03186131,10.5,10.80000019,10.5,10.69999981,82288100,11.15038229,11.22652283,83839925,33.81126978,-0.108518511,-0.005822377,-0.102696135,18.028149
TRUE,2025-09-24 00:00:00,10.22294426,10.69999981,10.80000019,10.19999981,10.39999962,144803500,11.10748872,11.20587487,87328975,39.60034192,-0.129562253,-0.030570352,-0.098991901,19.8469352
TRUE,2025-09-25 00:00:00,10.03186131,10.5,10.80000019,10.5,10.80000019,146170900,11.04963266,11.1781935,91769850,36.19143316,-0.160527423,-0.056561766,-0.103965656,21.53580811
TRUE,2025-09-26 00:00:00,10.03186131,10.5,10.69999981,10.30000019,10.5,150415200,10.99728669,11.15159767,92594105,36.19143316,-0.182958511,-0.081841115,-0.101117396,23.51971119
TRUE,2025-09-29 00:00:00,10.12740231,10.60000038,10.80000019,10.5,10.60000038,131249200,10.9594499,11.12996641,95790955,39.22519482,-0.190470489,-0.10356699,-0.0869035,24.80158867
TRUE,2025-09-30 00:00:00,9.936319351,10.39999962,10.60000038,10.30000019,10.60000038,140297100,10.90616892,11.10134026,99338305,35.58150454,-0.210139816,-0.124881555,-0.085258261,26.41692271
TRUE,2025-10-01 00:00:00,10.03186131,10.5,10.60000038,10.30000019,10.39999962,74188200,10.86748616,11.07775829,98275125,38.65013535,-0.215178263,-0.142940897,-0.072237366,27.91687575
TRUE,2025-10-02 00:00:00,10.41402626,10.89999962,11.10000038,10.69999981,10.69999981,170294500,10.87058268,11.07078736,101459280,49.09568437,-0.184764788,-0.151305675,-0.033459113,26.91266083
TRUE,2025-10-03 00:00:00,10.70065212,11.19999981,11.39999962,11,11.10000038,186487300,10.90195574,11.07585452,106303205,55.24972063,-0.134899347,-0.148024409,0.013125063,25.04334314
TRUE,2025-10-06 00:00:00,10.79619408,11.30000019,11.30000019,10.89999962,11.30000019,144350000,10.93986474,11.08464454,110260065,57.11101895,-0.086316428,-0.135682813,0.049366385,23.5181804
TRUE,2025-10-07 00:00:00,10.79619408,11.30000019,11.30000019,11.30000019,11.30000019,0,10.97416335,11.09308986,105523965,57.11101895,-0.047269225,-0.118000095,0.070730871,22.10195786
TRUE,2025-10-08 00:00:00,10.41402626,10.89999962,11.10000038,10.89999962,11.10000038,56894400,10.96710014,11.08551769,103367230,47.87370693,-0.048046883,-0.104009453,0.05596257,21.95316927
TRUE,2025-10-09 00:00:00,10.50956821,11,11.10000038,10.80000019,10.89999962,72046500,10.97023346,11.08216406,106294540,50.04889365,-0.040131379,-0.091233838,0.051102459,22.06438719
TRUE,2025-10-10 00:00:00,10.60511017,11.10000038,11.19999981,11,11,78560200,10.98259221,11.08286352,106393060,52.19711247,-0.025495197,-0.07808611,0.052590913,21.77155703
TRUE,2025-10-14 00:00:00,10.60511017,11.10000038,11.19999981,11,11.10000038,81026900,10.99377394,11.08353556,105520825,52.19711247,-0.013737559,-0.0652164,0.051478841,21.49964332
TRUE,2025-10-15 00:00:00,10.60511017,11.10000038,11.30000019,11.10000038,11.10000038,112345100,11.00389075,11.08418124,106978355,52.19711247,-0.004369181,-0.053046956,0.048677775,20.83010361
TRUE,2025-10-16 00:00:00,10.50956821,11,11.19999981,10.80000019,11.19999981,109412700,11.0035202,11.08088001,108099850,49.53631888,-0.004956731,-0.043428911,0.03847218,21.0737059
TRUE,2025-10-17 00:00:00,10.31848526,10.80000019,10.89999962,10.69999981,10.89999962,84417300,10.98413734,11.06986512,109338580,44.63561117,-0.021314976,-0.039006124,0.017691148,21.5550838
TRUE,2025-10-20 00:00:00,10.31848526,10.80000019,10.89999962,10.69999981,10.89999962,48632800,10.96660047,11.05928218,105572855,44.63561117,-0.033888359,-0.037982571,0.004094212,22.00207757
TRUE,2025-10-21 00:00:00,10.50956821,11,11.10000038,10.80000019,10.80000019,120863500,10.96978138,11.05695739,106737170,50.33413585,-0.027398707,-0.035865798,0.008467091,21.51702946
TRUE,2025-10-22 00:00:00,10.70065212,11.19999981,11.30000019,11,11.10000038,60906200,10.99170694,11.06256689,105668075,55.29001935,-0.006047586,-0.029902156,0.02385457,20.27672133
TRUE,2025-10-24 00:00:00,10.89173317,11.39999962,11.5,11.19999981,11.30000019,164427100,11.03059196,11.07579955,106649255,59.62836467,0.02670382,-0.018580961,0.045284781,19.22873203
TRUE,2025-10-27 00:00:00,10.89173317,11.39999962,11.69999981,11.39999962,11.5,122138000,11.06577364,11.08851328,105447610,59.62836467,0.052059436,-0.004452881,0.056512318,18.87352068
TRUE,2025-10-28 00:00:00,10.70065212,11.19999981,11.39999962,11.10000038,11.39999962,84751800,11.07855709,11.0928853,102164440,53.59682653,0.055377277,0.00751315,0.047864127,17.55953841
TRUE,2025-10-29 00:00:00,10.98727608,11.5,11.5,11.19999981,11.19999981,87150400,11.11869451,11.10885058,99959500,60.1141679,0.081277284,0.022265977,0.059011307,16.58868929
TRUE,2025-10-30 00:00:00,10.79619408,11.30000019,11.60000038,11.30000019,11.39999962,69760700,11.13596171,11.11634664,96432680,54.60774269,0.084688675,0.034750517,0.049938158,15.99914901
TRUE,2025-10-31 00:00:00,10.79619408,11.30000019,11.39999962,11.30000019,11.30000019,18720500,11.15158443,11.12354874,93659295,54.60774269,0.086396304,0.045079674,0.041316629,15.45171876
TRUE,2025-11-03 00:00:00,10.89173317,11.39999962,11.60000038,11.30000019,11.39999962,68334000,11.17524302,11.13438995,88561270,56.89721571,0.094726778,0.055009095,0.039717684,15.568178
TRUE,2025-11-04 00:00:00,10.70065212,11.19999981,11.39999962,11,11.39999962,119438200,11.17760081,11.13696289,85208815,51.32185645,0.084219596,0.060851195,0.023368401,14.55936851
TRUE,2025-11-05 00:00:00,10.89173317,11.39999962,11.69999981,11.19999981,11.30000019,182840800,11.19878165,11.14727806,87133355,55.96840949,0.090982106,0.066877377,0.024104728,14.50782392
TRUE,2025-11-06 00:00:00,11.27390099,11.80000019,11.89999962,11.39999962,11.5,198189200,11.25604055,11.172875,97042815,63.47729586,0.127152413,0.078932384,0.048220029,14.96957082
TRUE,2025-11-07 00:00:00,11.27390099,11.80000019,12,11.69999981,11.80000019,125082900,11.30784623,11.19746815,100452240,63.47729586,0.154041942,0.093954296,0.060087646,15.63927773
TRUE,2025-11-10 00:00:00,11.27390099,11.80000019,11.89999962,11.60000038,11.89999962,110274700,11.35471804,11.22109685,102363650,63.47729586,0.173353774,0.109834191,0.063519582,15.87082408
TRUE,2025-11-11 00:00:00,11.27390099,11.80000019,12,11.80000019,11.80000019,79368200,11.39712586,11.24379895,102404050,63.47729586,0.186508584,0.12516907,0.061339514,16.34766479
TRUE,2025-11-12 00:00:00,11.27390099,11.80000019,11.89999962,11.69999981,11.80000019,80417400,11.43549485,11.26561076,102373575,63.47729586,0.194689606,0.139073177,0.055616429,16.38423481
TRUE,2025-11-13 00:00:00,11.27390099,11.80000019,11.89999962,11.60000038,11.80000019,94615200,11.47020964,11.28656721,101487080,63.47729586,0.198880553,0.151034652,0.047845901,16.02089512
TRUE,2025-11-14 00:00:00,11.08281898,11.60000038,11.89999962,11.60000038,11.80000019,64935100,11.48257066,11.29885871,99263200,56.02530282,0.183943213,0.157616365,0.026326849,15.68350825
TRUE,2025-11-17 00:00:00,11.17023659,11.5,11.60000038,11.30000019,11.39999962,70844900,11.4842306,11.3067466,98584580,52.69430418,0.162166712,0.158526434,0.003640278,14.88577543
TRUE,2025-11-18 00:00:00,11.17023659,11.5,11.69999981,11.39999962,11.39999962,36331200,11.48573245,11.31432516,97969500,52.69430418,0.143257297,0.155472607,-0.01221531,13.8622564
TRUE,2025-11-19 00:00:00,11.17023659,11.5,11.60000038,11.39999962,11.60000038,63843000,11.48709126,11.32160653,95118475,52.69430418,0.126809666,0.149740018,-0.022930353,12.91184587
TRUE,2025-11-20 00:00:00,11.17023659,11.5,11.80000019,11.5,11.60000038,103402500,11.48832067,11.32860235,97243290,52.69430418,0.112478221,0.142287659,-0.029809438,12.74795213
TRUE,2025-11-21 00:00:00,11.07310295,11.39999962,11.5,11.30000019,11.5,85953200,11.47990914,11.33140225,93319595,48.79236209,0.09199084,0.132228295,-0.040237455,11.85529253
TRUE,2025-11-24 00:00:00,11.17023659,11.5,11.5,11.30000019,11.5,81636900,11.48182255,11.33801392,91294540,52.57430955,0.082868382,0.122356312,-0.03948793,11.02639432
TRUE,2025-11-25 00:00:00,11.07310295,11.39999962,11.5,11.30000019,11.5,63185800,11.47402989,11.34044473,90216240,48.70082564,0.06679955,0.11124496,-0.04444541,10.25670314
TRUE,2025-11-26 00:00:00,10.87883949,11.19999981,11.5,11.19999981,11.5,54432000,11.44793179,11.33493709,88580320,42.03105265,0.03749436,0.09649484,-0.05900048,9.953874363
TRUE,2025-11-27 00:00:00,10.49030972,10.80000019,11.30000019,10.80000019,11.19999981,161966500,11.38622402,11.31395917,93190610,32.45696643,-0.017801634,0.073635545,-0.091437179,11.0110804
TRUE,2025-11-28 00:00:00,10.49030972,10.80000019,11,10.60000038,10.89999962,199813000,11.33039318,11.29380392,102245235,32.45696643,-0.060921839,0.046724068,-0.107645907,12.51382892
TRUE,2025-12-01 00:00:00,10.78170776,11.10000038,11.19999981,10.80000019,10.80000019,231526298,11.30845101,11.28620378,110404849.9,43.62646457,-0.07007957,0.023363341,-0.093442911,13.0175771
TRUE,2025-12-02 00:00:00,10.68457508,11,11.10000038,10.89999962,11.10000038,47205100,11.27907472,11.2749801,106793194.9,41.18177899,-0.084433041,0.001804064,-0.086237106,13.48534326
TRUE,2025-12-03 00:00:00,10.58744144,10.89999962,11.10000038,10.89999962,11.10000038,51877400,11.24297233,11.26027498,100245024.9,38.83801082,-0.102693677,-0.019095484,-0.083598193,13.91969755
TRUE,2025-12-04 00:00:00,10.58744144,10.89999962,11.10000038,10.80000019,11,80739600,11.21030826,11.24614654,94372544.9,38.83801082,-0.115830145,-0.038442416,-0.077387729,14.6432937
TRUE,2025-12-08 00:00:00,10.87883949,11.19999981,11.30000019,11,11,105650800,11.2093265,11.24433686,93400939.9,48.94723948,-0.100870608,-0.050928054,-0.049942554,14.36537736
TRUE,2025-12-09 00:00:00,10.78170776,11.10000038,11.19999981,11,11.19999981,51347500,11.19891449,11.23867661,90454579.9,46.20571111,-0.095977813,-0.059938006,-0.036039807,14.10731219
TRUE,2025-12-11 00:00:00,10.68457508,11,11.10000038,10.89999962,11,52510900,11.17997026,11.22931674,89111714.9,43.57718361,-0.099027901,-0.067755985,-0.031271916,14.24075425
TRUE,2025-12-12 00:00:00,10.68457508,11,11.10000038,10.89999962,11,41218000,11.16283023,11.22032393,87151744.9,43.57718361,-0.100289048,-0.074262598,-0.02602645,14.36466473
TRUE,2025-12-15 00:00:00,10.78170776,11.10000038,11.10000038,10.89999962,11,52407300,11.15684644,11.21560536,85041349.9,47.06933893,-0.092156992,-0.077841477,-0.014315516,14.47972447
TRUE,2025-12-16 00:00:00,10.68457508,11,11.19999981,11,11,43581600,11.14190868,11.20715025,83973674.9,44.12804668,-0.09271274,-0.080815729,-0.011897011,14.02230794
TRUE,2025-12-17 00:00:00,10.78170776,11.10000038,11.19999981,11,11,51020000,11.13791741,11.20294829,82982429.9,47.6508956,-0.084114361,-0.081475456,-0.002638905,13.59756403
TRUE,2025-12-18 00:00:00,10.68457508,11,11.19999981,10.89999962,11.19999981,38958600,11.12478242,11.19498953,83113799.9,44.62102299,-0.08439641,-0.082059646,-0.002336763,13.68388072
TRUE,2025-12-19 00:00:00,10.58744144,10.89999962,11.19999981,10.89999962,11.10000038,111661900,11.10337454,11.1834213,85504744.9,41.76137378,-0.091632844,-0.083974286,-0.007658558,13.76403192
TRUE,2025-12-22 00:00:00,10.68457508,11,11,10.80000019,10.80000019,47923500,11.09352934,11.17622831,82730794.9,45.52134321,-0.088280927,-0.084835614,-0.003445313,14.314719
TRUE,2025-12-23 00:00:00,10.87883949,11.19999981,11.19999981,11,11.10000038,54889500,11.10366939,11.17716053,81177609.9,52.17204684,-0.068694331,-0.081607357,0.012913027,13.57442967
TRUE,2025-12-24 00:00:00,10.97597122,11.30000019,11.39999962,11.10000038,11.30000019,72683300,11.12236756,11.18197777,80729929.9,55.12210412,-0.044588627,-0.074203611,0.029614985,13.32101815
TRUE,2025-12-25 00:00:00,10.78170776,11.10000038,11.39999962,11.10000038,11.30000019,18664500,11.12023735,11.17876297,78503864.9,48.65790576,-0.04114866,-0.067592621,0.026443961,13.08570746
TRUE,2025-12-26 00:00:00,10.68457508,11,11.19999981,11,11.19999981,62864900,11.10878617,11.17175266,78925509.9,45.7678504,-0.045961837,-0.063266464,0.017304627,12.29874319
TRUE,2025-12-29 00:00:00,10.49030972,10.80000019,11.10000038,10.80000019,11,92920700,11.07937799,11.15717413,75473219.9,40.57692816,-0.065163464,-0.063645864,-0.0015176,12.25524537
TRUE,2025-12-30 00:00:00,10.58744144,10.89999962,11.19999981,10.80000019,10.80000019,78613500,11.06229433,11.14708885,69413244.9,43.99709417,-0.071487707,-0.065214233,-0.006273475,11.67500525
